[libprotobuf WARNING google/protobuf/compiler/parser.cc:646] No syntax specified for the proto file: common.proto. Please use 'syntax = "proto2";' or 'syntax = "proto3";' to specify a syntax version. (Defaulted to proto2 syntax.)
[libprotobuf WARNING google/protobuf/compiler/parser.cc:646] No syntax specified for the proto file: core_protocol.proto. Please use 'syntax = "proto2";' or 'syntax = "proto3";' to specify a syntax version. (Defaulted to proto2 syntax.)
[libprotobuf WARNING google/protobuf/compiler/parser.cc:646] No syntax specified for the proto file: core_settings.proto. Please use 'syntax = "proto2";' or 'syntax = "proto3";' to specify a syntax version. (Defaulted to proto2 syntax.)
[libprotobuf WARNING google/protobuf/compiler/parser.cc:646] No syntax specified for the proto file: files_cache.proto. Please use 'syntax = "proto2";' or 'syntax = "proto3";' to specify a syntax version. (Defaulted to proto2 syntax.)
[libprotobuf WARNING google/protobuf/compiler/parser.cc:646] No syntax specified for the proto file: gui_protocol.proto. Please use 'syntax = "proto2";' or 'syntax = "proto3";' to specify a syntax version. (Defaulted to proto2 syntax.)
gui_protocol.proto:10:1: warning: Import core_settings.proto is unused.
[libprotobuf WARNING google/protobuf/compiler/parser.cc:646] No syntax specified for the proto file: gui_settings.proto. Please use 'syntax = "proto2";' or 'syntax = "proto3";' to specify a syntax version. (Defaulted to proto2 syntax.)
[libprotobuf WARNING google/protobuf/compiler/parser.cc:646] No syntax specified for the proto file: queue.proto. Please use 'syntax = "proto2";' or 'syntax = "proto3";' to specify a syntax version. (Defaulted to proto2 syntax.)
cpp and .h generated from Protos/common.proto Protos/core_protocol.proto Protos/core_settings.proto Protos/files_cache.proto Protos/gui_protocol.proto Protos/gui_settings.proto Protos/queue.proto
Unrecognized option '-codecfortr'.
Unrecognized option '-codecfortr'.
mkdir: cannot create directory ‘../GUI/output’: File exists
mkdir: cannot create directory ‘../GUI/output/debug’: File exists
mkdir: cannot create directory ‘../GUI/output/debug/languages’: File exists
mkdir: cannot create directory ‘../Core/output’: File exists
mkdir: cannot create directory ‘../Core/output/debug’: File exists
mkdir: cannot create directory ‘../Core/output/debug/languages’: File exists
Warning: ignoring <defaultcodec> element
Updating 'd_lan_core.fr.qm'...
    Generated 11 translation(s) (11 finished and 0 unfinished)
Warning: ignoring <defaultcodec> element
Updating 'd_lan_gui.fr.qm'...
    Generated 176 translation(s) (176 finished and 0 unfinished)
Clean activated
/workspaces/D-LAN/application /workspaces/D-LAN/application
Compiling Common..
make: Entering directory '/workspaces/D-LAN/application/Common'
rm -f .tmp/release/moc_predefs.h
rm -f .tmp/release/moc_Timeoutable.cpp .tmp/release/moc_MessageSocket.cpp .tmp/release/moc_ThreadPool.cpp .tmp/release/moc_ConsoleReader.cpp
rm -f .tmp/release/Hash.o .tmp/release/Global.o .tmp/release/ZeroCopyStreamQIODevice.o .tmp/release/Settings.o .tmp/release/TransferRateCalculator.o .tmp/release/ProtoHelper.o .tmp/release/Timeoutable.o .tmp/release/PersistentData.o .tmp/release/MessageSocket.o .tmp/release/MessageHeader.o .tmp/release/gui_protocol.pb.o .tmp/release/core_protocol.pb.o .tmp/release/common.pb.o .tmp/release/ThreadPool.o .tmp/release/Languages.o .tmp/release/Constants.o .tmp/release/FileLocker.o .tmp/release/ConsoleReader.o .tmp/release/moc_Timeoutable.o .tmp/release/moc_MessageSocket.o .tmp/release/moc_ThreadPool.o .tmp/release/moc_ConsoleReader.o
rm -f *~ core *.core
make: Leaving directory '/workspaces/D-LAN/application/Common'
make: Entering directory '/workspaces/D-LAN/application/Common'
g++ -c -pipe -std=c++0x -O2 -fPIC -frtti -Wall -Wno-parentheses -D_REENTRANT -DCOMMON_LIBRARY -DQT_NO_DEBUG -DQT_NETWORK_LIB -DQT_CORE_LIB -I. -I. -I.. -I. -I.. -I/usr/include/x86_64-linux-gnu/qt5 -I/usr/include/x86_64-linux-gnu/qt5/QtNetwork -I/usr/include/x86_64-linux-gnu/qt5/QtCore -I.tmp/release -I/usr/lib/x86_64-linux-gnu/qt5/mkspecs/linux-g++ -o .tmp/release/Hash.o Hash.cpp
g++ -c -pipe -std=c++0x -O2 -fPIC -frtti -Wall -Wno-parentheses -D_REENTRANT -DCOMMON_LIBRARY -DQT_NO_DEBUG -DQT_NETWORK_LIB -DQT_CORE_LIB -I. -I. -I.. -I. -I.. -I/usr/include/x86_64-linux-gnu/qt5 -I/usr/include/x86_64-linux-gnu/qt5/QtNetwork -I/usr/include/x86_64-linux-gnu/qt5/QtCore -I.tmp/release -I/usr/lib/x86_64-linux-gnu/qt5/mkspecs/linux-g++ -o .tmp/release/Global.o Global.cpp
Global.cpp: In static member function ‘static QStringList Common::Global::splitInWords(const QString&)’:
Global.cpp:406:55: warning: ‘QStringList QString::split(const QRegExp&, SplitBehavior) const’ is deprecated: Use split(const QRegularExpression &, Qt::SplitBehavior) variant instead [-Wdeprecated-declarations]
  406 |    return Global::toLowerAndRemoveAccents(words).split(regExp, QString::SkipEmptyParts);
      |           ~~~~~~~~~~~~~~~~~~~~~~~~~~~~~~~~~~~~~~~~~~~~^~~~~~~~~~~~~~~~~~~~~~~~~~~~~~~~~
In file included from /usr/include/x86_64-linux-gnu/qt5/QtCore/qdatetime.h:44,
                 from /usr/include/x86_64-linux-gnu/qt5/QtCore/QDateTime:1,
                 from ../Common/Global.h:24,
                 from Global.cpp:19:
/usr/include/x86_64-linux-gnu/qt5/QtCore/qstring.h:619:17: note: declared here
  619 |     QStringList split(const QRegExp &sep, SplitBehavior behavior) const;
      |                 ^~~~~
g++ -c -pipe -std=c++0x -O2 -fPIC -frtti -Wall -Wno-parentheses -D_REENTRANT -DCOMMON_LIBRARY -DQT_NO_DEBUG -DQT_NETWORK_LIB -DQT_CORE_LIB -I. -I. -I.. -I. -I.. -I/usr/include/x86_64-linux-gnu/qt5 -I/usr/include/x86_64-linux-gnu/qt5/QtNetwork -I/usr/include/x86_64-linux-gnu/qt5/QtCore -I.tmp/release -I/usr/lib/x86_64-linux-gnu/qt5/mkspecs/linux-g++ -o .tmp/release/ZeroCopyStreamQIODevice.o ZeroCopyStreamQIODevice.cpp
g++ -c -pipe -std=c++0x -O2 -fPIC -frtti -Wall -Wno-parentheses -D_REENTRANT -DCOMMON_LIBRARY -DQT_NO_DEBUG -DQT_NETWORK_LIB -DQT_CORE_LIB -I. -I. -I.. -I. -I.. -I/usr/include/x86_64-linux-gnu/qt5 -I/usr/include/x86_64-linux-gnu/qt5/QtNetwork -I/usr/include/x86_64-linux-gnu/qt5/QtCore -I.tmp/release -I/usr/lib/x86_64-linux-gnu/qt5/mkspecs/linux-g++ -o .tmp/release/Settings.o Settings.cpp
Settings.cpp: In static member function ‘static void Common::Settings::printError(const QString&)’:
Settings.cpp:691:35: warning: ‘QTextStream& QTextStreamFunctions::endl(QTextStream&)’ is deprecated: Use Qt::endl [-Wdeprecated-declarations]
  691 |    QTextStream(stderr) << name << endl;
      |                                   ^~~~
In file included from /usr/include/x86_64-linux-gnu/qt5/QtCore/QTextStream:1,
                 from Settings.cpp:23:
/usr/include/x86_64-linux-gnu/qt5/QtCore/qtextstream.h:293:75: note: declared here
  293 | Q_CORE_EXPORT QT_DEPRECATED_VERSION_X(5, 15, "Use Qt::endl") QTextStream &endl(QTextStream &s);
      |                                                                           ^~~~
Settings.cpp: In static member function ‘static void Common::Settings::printErrorNameNotFound(const QString&)’:
Settings.cpp:696:88: warning: ‘QTextStream& QTextStreamFunctions::endl(QTextStream&)’ is deprecated: Use Qt::endl [-Wdeprecated-declarations]
  696 |    QTextStream(stderr) << QString("Settings : name \"%1\" doesn't exist").arg(name) << endl;
      |                                                                                        ^~~~
/usr/include/x86_64-linux-gnu/qt5/QtCore/qtextstream.h:293:75: note: declared here
  293 | Q_CORE_EXPORT QT_DEPRECATED_VERSION_X(5, 15, "Use Qt::endl") QTextStream &endl(QTextStream &s);
      |                                                                           ^~~~
Settings.cpp: In static member function ‘static void Common::Settings::printErrorBadType(const google::protobuf::FieldDescriptor*, const QString&)’:
Settings.cpp:701:195: warning: ‘QTextStream& QTextStreamFunctions::endl(QTextStream&)’ is deprecated: Use Qt::endl [-Wdeprecated-declarations]
  701 |    QTextStream(stderr) << QString("Settings : bad type, field name = \"%1\", expected type : \"%2\"").arg(ProtoHelper::getStr(*field, &google::protobuf::FieldDescriptor::name)).arg(excepted) << endl;
      |                                                                                                                                                                                                   ^~~~
/usr/include/x86_64-linux-gnu/qt5/QtCore/qtextstream.h:293:75: note: declared here
  293 | Q_CORE_EXPORT QT_DEPRECATED_VERSION_X(5, 15, "Use Qt::endl") QTextStream &endl(QTextStream &s);
      |                                                                           ^~~~
g++ -c -pipe -std=c++0x -O2 -fPIC -frtti -Wall -Wno-parentheses -D_REENTRANT -DCOMMON_LIBRARY -DQT_NO_DEBUG -DQT_NETWORK_LIB -DQT_CORE_LIB -I. -I. -I.. -I. -I.. -I/usr/include/x86_64-linux-gnu/qt5 -I/usr/include/x86_64-linux-gnu/qt5/QtNetwork -I/usr/include/x86_64-linux-gnu/qt5/QtCore -I.tmp/release -I/usr/lib/x86_64-linux-gnu/qt5/mkspecs/linux-g++ -o .tmp/release/TransferRateCalculator.o TransferRateCalculator.cpp
g++ -c -pipe -std=c++0x -O2 -fPIC -frtti -Wall -Wno-parentheses -D_REENTRANT -DCOMMON_LIBRARY -DQT_NO_DEBUG -DQT_NETWORK_LIB -DQT_CORE_LIB -I. -I. -I.. -I. -I.. -I/usr/include/x86_64-linux-gnu/qt5 -I/usr/include/x86_64-linux-gnu/qt5/QtNetwork -I/usr/include/x86_64-linux-gnu/qt5/QtCore -I.tmp/release -I/usr/lib/x86_64-linux-gnu/qt5/mkspecs/linux-g++ -o .tmp/release/ProtoHelper.o ProtoHelper.cpp
g++ -c -pipe -std=c++0x -O2 -fPIC -frtti -Wall -Wno-parentheses -D_REENTRANT -DCOMMON_LIBRARY -DQT_NO_DEBUG -DQT_NETWORK_LIB -DQT_CORE_LIB -I. -I. -I.. -I. -I.. -I/usr/include/x86_64-linux-gnu/qt5 -I/usr/include/x86_64-linux-gnu/qt5/QtNetwork -I/usr/include/x86_64-linux-gnu/qt5/QtCore -I.tmp/release -I/usr/lib/x86_64-linux-gnu/qt5/mkspecs/linux-g++ -o .tmp/release/Timeoutable.o Timeoutable.cpp
g++ -c -pipe -std=c++0x -O2 -fPIC -frtti -Wall -Wno-parentheses -D_REENTRANT -DCOMMON_LIBRARY -DQT_NO_DEBUG -DQT_NETWORK_LIB -DQT_CORE_LIB -I. -I. -I.. -I. -I.. -I/usr/include/x86_64-linux-gnu/qt5 -I/usr/include/x86_64-linux-gnu/qt5/QtNetwork -I/usr/include/x86_64-linux-gnu/qt5/QtCore -I.tmp/release -I/usr/lib/x86_64-linux-gnu/qt5/mkspecs/linux-g++ -o .tmp/release/PersistentData.o PersistentData.cpp
g++ -c -pipe -std=c++0x -O2 -fPIC -frtti -Wall -Wno-parentheses -D_REENTRANT -DCOMMON_LIBRARY -DQT_NO_DEBUG -DQT_NETWORK_LIB -DQT_CORE_LIB -I. -I. -I.. -I. -I.. -I/usr/include/x86_64-linux-gnu/qt5 -I/usr/include/x86_64-linux-gnu/qt5/QtNetwork -I/usr/include/x86_64-linux-gnu/qt5/QtCore -I.tmp/release -I/usr/lib/x86_64-linux-gnu/qt5/mkspecs/linux-g++ -o .tmp/release/MessageSocket.o Network/MessageSocket.cpp
Network/MessageSocket.cpp: In member function ‘virtual void Common::MessageSocket::send(Common::MessageHeader::MessageType, const google::protobuf::Message*)’:
Network/MessageSocket.cpp:141:58: warning: ‘int google::protobuf::MessageLite::ByteSize() const’ is deprecated: Please use ByteSizeLong() instead [-Wdeprecated-declarations]
  141 |    MessageHeader header(type, message ? message->ByteSize() : 0, this->localID);
      |                                         ~~~~~~~~~~~~~~~~~^~
In file included from /usr/include/google/protobuf/generated_enum_util.h:38,
                 from /usr/include/google/protobuf/generated_enum_reflection.h:47,
                 from /usr/include/google/protobuf/generated_message_reflection.h:46,
                 from /usr/include/google/protobuf/message.h:124,
                 from ../Common/Network/MessageSocket.h:28,
                 from Network/MessageSocket.cpp:19:
/usr/include/google/protobuf/message_lite.h:381:7: note: declared here
  381 |   int ByteSize() const { return internal::ToIntSize(ByteSizeLong()); }
      |       ^~~~~~~~
g++ -c -pipe -std=c++0x -O2 -fPIC -frtti -Wall -Wno-parentheses -D_REENTRANT -DCOMMON_LIBRARY -DQT_NO_DEBUG -DQT_NETWORK_LIB -DQT_CORE_LIB -I. -I. -I.. -I. -I.. -I/usr/include/x86_64-linux-gnu/qt5 -I/usr/include/x86_64-linux-gnu/qt5/QtNetwork -I/usr/include/x86_64-linux-gnu/qt5/QtCore -I.tmp/release -I/usr/lib/x86_64-linux-gnu/qt5/mkspecs/linux-g++ -o .tmp/release/MessageHeader.o Network/MessageHeader.cpp
g++ -c -pipe -std=c++0x -O2 -fPIC -frtti -Wall -Wno-parentheses -D_REENTRANT -DCOMMON_LIBRARY -DQT_NO_DEBUG -DQT_NETWORK_LIB -DQT_CORE_LIB -I. -I. -I.. -I. -I.. -I/usr/include/x86_64-linux-gnu/qt5 -I/usr/include/x86_64-linux-gnu/qt5/QtNetwork -I/usr/include/x86_64-linux-gnu/qt5/QtCore -I.tmp/release -I/usr/lib/x86_64-linux-gnu/qt5/mkspecs/linux-g++ -o .tmp/release/gui_protocol.pb.o ../Protos/gui_protocol.pb.cc
g++ -c -pipe -std=c++0x -O2 -fPIC -frtti -Wall -Wno-parentheses -D_REENTRANT -DCOMMON_LIBRARY -DQT_NO_DEBUG -DQT_NETWORK_LIB -DQT_CORE_LIB -I. -I. -I.. -I. -I.. -I/usr/include/x86_64-linux-gnu/qt5 -I/usr/include/x86_64-linux-gnu/qt5/QtNetwork -I/usr/include/x86_64-linux-gnu/qt5/QtCore -I.tmp/release -I/usr/lib/x86_64-linux-gnu/qt5/mkspecs/linux-g++ -o .tmp/release/core_protocol.pb.o ../Protos/core_protocol.pb.cc
g++ -c -pipe -std=c++0x -O2 -fPIC -frtti -Wall -Wno-parentheses -D_REENTRANT -DCOMMON_LIBRARY -DQT_NO_DEBUG -DQT_NETWORK_LIB -DQT_CORE_LIB -I. -I. -I.. -I. -I.. -I/usr/include/x86_64-linux-gnu/qt5 -I/usr/include/x86_64-linux-gnu/qt5/QtNetwork -I/usr/include/x86_64-linux-gnu/qt5/QtCore -I.tmp/release -I/usr/lib/x86_64-linux-gnu/qt5/mkspecs/linux-g++ -o .tmp/release/common.pb.o ../Protos/common.pb.cc
g++ -c -pipe -std=c++0x -O2 -fPIC -frtti -Wall -Wno-parentheses -D_REENTRANT -DCOMMON_LIBRARY -DQT_NO_DEBUG -DQT_NETWORK_LIB -DQT_CORE_LIB -I. -I. -I.. -I. -I.. -I/usr/include/x86_64-linux-gnu/qt5 -I/usr/include/x86_64-linux-gnu/qt5/QtNetwork -I/usr/include/x86_64-linux-gnu/qt5/QtCore -I.tmp/release -I/usr/lib/x86_64-linux-gnu/qt5/mkspecs/linux-g++ -o .tmp/release/ThreadPool.o ThreadPool.cpp
ThreadPool.cpp: In member function ‘void Common::Thread::setRunnable(QWeakPointer<Common::IRunnable>)’:
ThreadPool.cpp:60:23: warning: ‘T* QWeakPointer<T>::data() const [with T = Common::IRunnable]’ is deprecated: Use toStrongRef() instead, and data() on the returned QSharedPointer [-Wdeprecated-declarations]
   60 |    this->runnable.data()->init(this);
      |    ~~~~~~~~~~~~~~~~~~~^~
In file included from /usr/include/x86_64-linux-gnu/qt5/QtCore/qsharedpointer.h:48,
                 from /usr/include/x86_64-linux-gnu/qt5/QtCore/QWeakPointer:1,
                 from ../Common/ThreadPool.h:25,
                 from ThreadPool.cpp:19:
/usr/include/x86_64-linux-gnu/qt5/QtCore/qsharedpointer_impl.h:568:8: note: declared here
  568 |     T *data() const noexcept { return internalData(); }
      |        ^~~~
ThreadPool.cpp: In member function ‘virtual void Common::Thread::run()’:
ThreadPool.cpp:88:26: warning: ‘T* QWeakPointer<T>::data() const [with T = Common::IRunnable]’ is deprecated: Use toStrongRef() instead, and data() on the returned QSharedPointer [-Wdeprecated-declarations]
   88 |       this->runnable.data()->run();
      |       ~~~~~~~~~~~~~~~~~~~^~
/usr/include/x86_64-linux-gnu/qt5/QtCore/qsharedpointer_impl.h:568:8: note: declared here
  568 |     T *data() const noexcept { return internalData(); }
      |        ^~~~
ThreadPool.cpp: In member function ‘void Common::ThreadPool::runnableFinished()’:
ThreadPool.cpp:185:33: warning: ‘T* QWeakPointer<T>::data() const [with T = Common::IRunnable]’ is deprecated: Use toStrongRef() instead, and data() on the returned QSharedPointer [-Wdeprecated-declarations]
  185 |       thread->getRunnable().data()->finished();
      |       ~~~~~~~~~~~~~~~~~~~~~~~~~~^~
/usr/include/x86_64-linux-gnu/qt5/QtCore/qsharedpointer_impl.h:568:8: note: declared here
  568 |     T *data() const noexcept { return internalData(); }
      |        ^~~~
g++ -c -pipe -std=c++0x -O2 -fPIC -frtti -Wall -Wno-parentheses -D_REENTRANT -DCOMMON_LIBRARY -DQT_NO_DEBUG -DQT_NETWORK_LIB -DQT_CORE_LIB -I. -I. -I.. -I. -I.. -I/usr/include/x86_64-linux-gnu/qt5 -I/usr/include/x86_64-linux-gnu/qt5/QtNetwork -I/usr/include/x86_64-linux-gnu/qt5/QtCore -I.tmp/release -I/usr/lib/x86_64-linux-gnu/qt5/mkspecs/linux-g++ -o .tmp/release/Languages.o Languages.cpp
g++ -c -pipe -std=c++0x -O2 -fPIC -frtti -Wall -Wno-parentheses -D_REENTRANT -DCOMMON_LIBRARY -DQT_NO_DEBUG -DQT_NETWORK_LIB -DQT_CORE_LIB -I. -I. -I.. -I. -I.. -I/usr/include/x86_64-linux-gnu/qt5 -I/usr/include/x86_64-linux-gnu/qt5/QtNetwork -I/usr/include/x86_64-linux-gnu/qt5/QtCore -I.tmp/release -I/usr/lib/x86_64-linux-gnu/qt5/mkspecs/linux-g++ -o .tmp/release/Constants.o Constants.cpp
g++ -c -pipe -std=c++0x -O2 -fPIC -frtti -Wall -Wno-parentheses -D_REENTRANT -DCOMMON_LIBRARY -DQT_NO_DEBUG -DQT_NETWORK_LIB -DQT_CORE_LIB -I. -I. -I.. -I. -I.. -I/usr/include/x86_64-linux-gnu/qt5 -I/usr/include/x86_64-linux-gnu/qt5/QtNetwork -I/usr/include/x86_64-linux-gnu/qt5/QtCore -I.tmp/release -I/usr/lib/x86_64-linux-gnu/qt5/mkspecs/linux-g++ -o .tmp/release/FileLocker.o FileLocker.cpp
g++ -c -pipe -std=c++0x -O2 -fPIC -frtti -Wall -Wno-parentheses -D_REENTRANT -DCOMMON_LIBRARY -DQT_NO_DEBUG -DQT_NETWORK_LIB -DQT_CORE_LIB -I. -I. -I.. -I. -I.. -I/usr/include/x86_64-linux-gnu/qt5 -I/usr/include/x86_64-linux-gnu/qt5/QtNetwork -I/usr/include/x86_64-linux-gnu/qt5/QtCore -I.tmp/release -I/usr/lib/x86_64-linux-gnu/qt5/mkspecs/linux-g++ -o .tmp/release/ConsoleReader.o ConsoleReader.cpp
g++ -pipe -std=c++0x -O2 -fPIC -frtti -Wall -Wno-parentheses -dM -E -o .tmp/release/moc_predefs.h /usr/lib/x86_64-linux-gnu/qt5/mkspecs/features/data/dummy.cpp
/usr/lib/qt5/bin/moc -DCOMMON_LIBRARY -DQT_NO_DEBUG -DQT_NETWORK_LIB -DQT_CORE_LIB --include /workspaces/D-LAN/application/Common/.tmp/release/moc_predefs.h -I/usr/lib/x86_64-linux-gnu/qt5/mkspecs/linux-g++ -I/workspaces/D-LAN/application/Common -I/workspaces/D-LAN/application/Common -I/workspaces/D-LAN/application -I/workspaces/D-LAN/application/Common -I/workspaces/D-LAN/application -I/usr/include/x86_64-linux-gnu/qt5 -I/usr/include/x86_64-linux-gnu/qt5/QtNetwork -I/usr/include/x86_64-linux-gnu/qt5/QtCore -I/usr/include/c++/13 -I/usr/include/x86_64-linux-gnu/c++/13 -I/usr/include/c++/13/backward -I/usr/lib/gcc/x86_64-linux-gnu/13/include -I/usr/local/include -I/usr/include/x86_64-linux-gnu -I/usr/include Timeoutable.h -o .tmp/release/moc_Timeoutable.cpp
g++ -c -pipe -std=c++0x -O2 -fPIC -frtti -Wall -Wno-parentheses -D_REENTRANT -DCOMMON_LIBRARY -DQT_NO_DEBUG -DQT_NETWORK_LIB -DQT_CORE_LIB -I. -I. -I.. -I. -I.. -I/usr/include/x86_64-linux-gnu/qt5 -I/usr/include/x86_64-linux-gnu/qt5/QtNetwork -I/usr/include/x86_64-linux-gnu/qt5/QtCore -I.tmp/release -I/usr/lib/x86_64-linux-gnu/qt5/mkspecs/linux-g++ -o .tmp/release/moc_Timeoutable.o .tmp/release/moc_Timeoutable.cpp
/usr/lib/qt5/bin/moc -DCOMMON_LIBRARY -DQT_NO_DEBUG -DQT_NETWORK_LIB -DQT_CORE_LIB --include /workspaces/D-LAN/application/Common/.tmp/release/moc_predefs.h -I/usr/lib/x86_64-linux-gnu/qt5/mkspecs/linux-g++ -I/workspaces/D-LAN/application/Common -I/workspaces/D-LAN/application/Common -I/workspaces/D-LAN/application -I/workspaces/D-LAN/application/Common -I/workspaces/D-LAN/application -I/usr/include/x86_64-linux-gnu/qt5 -I/usr/include/x86_64-linux-gnu/qt5/QtNetwork -I/usr/include/x86_64-linux-gnu/qt5/QtCore -I/usr/include/c++/13 -I/usr/include/x86_64-linux-gnu/c++/13 -I/usr/include/c++/13/backward -I/usr/lib/gcc/x86_64-linux-gnu/13/include -I/usr/local/include -I/usr/include/x86_64-linux-gnu -I/usr/include Network/MessageSocket.h -o .tmp/release/moc_MessageSocket.cpp
g++ -c -pipe -std=c++0x -O2 -fPIC -frtti -Wall -Wno-parentheses -D_REENTRANT -DCOMMON_LIBRARY -DQT_NO_DEBUG -DQT_NETWORK_LIB -DQT_CORE_LIB -I. -I. -I.. -I. -I.. -I/usr/include/x86_64-linux-gnu/qt5 -I/usr/include/x86_64-linux-gnu/qt5/QtNetwork -I/usr/include/x86_64-linux-gnu/qt5/QtCore -I.tmp/release -I/usr/lib/x86_64-linux-gnu/qt5/mkspecs/linux-g++ -o .tmp/release/moc_MessageSocket.o .tmp/release/moc_MessageSocket.cpp
/usr/lib/qt5/bin/moc -DCOMMON_LIBRARY -DQT_NO_DEBUG -DQT_NETWORK_LIB -DQT_CORE_LIB --include /workspaces/D-LAN/application/Common/.tmp/release/moc_predefs.h -I/usr/lib/x86_64-linux-gnu/qt5/mkspecs/linux-g++ -I/workspaces/D-LAN/application/Common -I/workspaces/D-LAN/application/Common -I/workspaces/D-LAN/application -I/workspaces/D-LAN/application/Common -I/workspaces/D-LAN/application -I/usr/include/x86_64-linux-gnu/qt5 -I/usr/include/x86_64-linux-gnu/qt5/QtNetwork -I/usr/include/x86_64-linux-gnu/qt5/QtCore -I/usr/include/c++/13 -I/usr/include/x86_64-linux-gnu/c++/13 -I/usr/include/c++/13/backward -I/usr/lib/gcc/x86_64-linux-gnu/13/include -I/usr/local/include -I/usr/include/x86_64-linux-gnu -I/usr/include ThreadPool.h -o .tmp/release/moc_ThreadPool.cpp
g++ -c -pipe -std=c++0x -O2 -fPIC -frtti -Wall -Wno-parentheses -D_REENTRANT -DCOMMON_LIBRARY -DQT_NO_DEBUG -DQT_NETWORK_LIB -DQT_CORE_LIB -I. -I. -I.. -I. -I.. -I/usr/include/x86_64-linux-gnu/qt5 -I/usr/include/x86_64-linux-gnu/qt5/QtNetwork -I/usr/include/x86_64-linux-gnu/qt5/QtCore -I.tmp/release -I/usr/lib/x86_64-linux-gnu/qt5/mkspecs/linux-g++ -o .tmp/release/moc_ThreadPool.o .tmp/release/moc_ThreadPool.cpp
/usr/lib/qt5/bin/moc -DCOMMON_LIBRARY -DQT_NO_DEBUG -DQT_NETWORK_LIB -DQT_CORE_LIB --include /workspaces/D-LAN/application/Common/.tmp/release/moc_predefs.h -I/usr/lib/x86_64-linux-gnu/qt5/mkspecs/linux-g++ -I/workspaces/D-LAN/application/Common -I/workspaces/D-LAN/application/Common -I/workspaces/D-LAN/application -I/workspaces/D-LAN/application/Common -I/workspaces/D-LAN/application -I/usr/include/x86_64-linux-gnu/qt5 -I/usr/include/x86_64-linux-gnu/qt5/QtNetwork -I/usr/include/x86_64-linux-gnu/qt5/QtCore -I/usr/include/c++/13 -I/usr/include/x86_64-linux-gnu/c++/13 -I/usr/include/c++/13/backward -I/usr/lib/gcc/x86_64-linux-gnu/13/include -I/usr/local/include -I/usr/include/x86_64-linux-gnu -I/usr/include ConsoleReader.h -o .tmp/release/moc_ConsoleReader.cpp
g++ -c -pipe -std=c++0x -O2 -fPIC -frtti -Wall -Wno-parentheses -D_REENTRANT -DCOMMON_LIBRARY -DQT_NO_DEBUG -DQT_NETWORK_LIB -DQT_CORE_LIB -I. -I. -I.. -I. -I.. -I/usr/include/x86_64-linux-gnu/qt5 -I/usr/include/x86_64-linux-gnu/qt5/QtNetwork -I/usr/include/x86_64-linux-gnu/qt5/QtCore -I.tmp/release -I/usr/lib/x86_64-linux-gnu/qt5/mkspecs/linux-g++ -o .tmp/release/moc_ConsoleReader.o .tmp/release/moc_ConsoleReader.cpp
rm -f output/release/libCommon.a
ar cqs output/release/libCommon.a .tmp/release/Hash.o .tmp/release/Global.o .tmp/release/ZeroCopyStreamQIODevice.o .tmp/release/Settings.o .tmp/release/TransferRateCalculator.o .tmp/release/ProtoHelper.o .tmp/release/Timeoutable.o .tmp/release/PersistentData.o .tmp/release/MessageSocket.o .tmp/release/MessageHeader.o .tmp/release/gui_protocol.pb.o .tmp/release/core_protocol.pb.o .tmp/release/common.pb.o .tmp/release/ThreadPool.o .tmp/release/Languages.o .tmp/release/Constants.o .tmp/release/FileLocker.o .tmp/release/ConsoleReader.o .tmp/release/moc_Timeoutable.o .tmp/release/moc_MessageSocket.o .tmp/release/moc_ThreadPool.o .tmp/release/moc_ConsoleReader.o
make: Leaving directory '/workspaces/D-LAN/application/Common'
/workspaces/D-LAN/application
/workspaces/D-LAN/application /workspaces/D-LAN/application
Compiling TestsCommon..
make: Entering directory '/workspaces/D-LAN/application/Common/TestsCommon'
rm -f .tmp/release/moc_predefs.h
rm -f .tmp/release/moc_Tests.cpp .tmp/release/moc_TreeTests.cpp
rm -f .tmp/release/main.o .tmp/release/Tests.o .tmp/release/common.pb.o .tmp/release/core_settings.pb.o .tmp/release/TreeTests.o .tmp/release/moc_Tests.o .tmp/release/moc_TreeTests.o
rm -f *~ core *.core
make: Leaving directory '/workspaces/D-LAN/application/Common/TestsCommon'
make: Entering directory '/workspaces/D-LAN/application/Common/TestsCommon'
g++ -c -pipe -std=c++0x -O2 -frtti -Wall -Wno-parentheses -D_REENTRANT -fPIC -DQT_NO_DEBUG -DQT_NETWORK_LIB -DQT_TESTLIB_LIB -DQT_CORE_LIB -DQT_TESTCASE_BUILDDIR='"/workspaces/D-LAN/application/Common/TestsCommon"' -I. -I. -I.. -I../.. -I/usr/include/x86_64-linux-gnu/qt5 -I/usr/include/x86_64-linux-gnu/qt5/QtNetwork -I/usr/include/x86_64-linux-gnu/qt5/QtTest -I/usr/include/x86_64-linux-gnu/qt5/QtCore -I.tmp/release -I/usr/lib/x86_64-linux-gnu/qt5/mkspecs/linux-g++ -o .tmp/release/main.o main.cpp
g++ -c -pipe -std=c++0x -O2 -frtti -Wall -Wno-parentheses -D_REENTRANT -fPIC -DQT_NO_DEBUG -DQT_NETWORK_LIB -DQT_TESTLIB_LIB -DQT_CORE_LIB -DQT_TESTCASE_BUILDDIR='"/workspaces/D-LAN/application/Common/TestsCommon"' -I. -I. -I.. -I../.. -I/usr/include/x86_64-linux-gnu/qt5 -I/usr/include/x86_64-linux-gnu/qt5/QtNetwork -I/usr/include/x86_64-linux-gnu/qt5/QtTest -I/usr/include/x86_64-linux-gnu/qt5/QtCore -I.tmp/release -I/usr/lib/x86_64-linux-gnu/qt5/mkspecs/linux-g++ -o .tmp/release/Tests.o Tests.cpp
In file included from Tests.cpp:37:
../SortedList.h:48:20: warning: ‘template<class T> class QLinkedList’ is deprecated: Use std::list instead [-Wdeprecated-declarations]
   48 |       inline const QLinkedList<T>& getList() const { return this->list; }
      |                    ^~~~~~~~~~~
In file included from /usr/include/x86_64-linux-gnu/qt5/QtCore/qvarlengtharray.h:43,
                 from /usr/include/x86_64-linux-gnu/qt5/QtCore/qmetatype.h:48,
                 from /usr/include/x86_64-linux-gnu/qt5/QtTest/qtestcase.h:47,
                 from /usr/include/x86_64-linux-gnu/qt5/QtTest/qtest.h:45,
                 from /usr/include/x86_64-linux-gnu/qt5/QtTest/QTest:1,
                 from ./Tests.h:22,
                 from Tests.cpp:19:
/usr/include/x86_64-linux-gnu/qt5/QtCore/qcontainerfwd.h:51:26: note: declared here
   51 | template <class T> class QLinkedList;
      |                          ^~~~~~~~~~~
../SortedList.h:52:7: warning: ‘template<class T> class QLinkedList’ is deprecated: Use std::list instead [-Wdeprecated-declarations]
   52 |       QLinkedList<T> list;
      |       ^~~~~~~~~~~
/usr/include/x86_64-linux-gnu/qt5/QtCore/qcontainerfwd.h:51:26: note: declared here
   51 | template <class T> class QLinkedList;
      |                          ^~~~~~~~~~~
Tests.cpp: In member function ‘void Tests::hashMoveConstuctorAndAssignment()’:
Tests.cpp:348:22: warning: moving a temporary object prevents copy elision [-Wpessimizing-move]
  348 |    Hash h = std::move(Hash::fromStr(str)); // We have to force to rValue reference because of the return optimization (http://en.wikipedia.org/wiki/Return_value_optimization).
      |             ~~~~~~~~~^~~~~~~~~~~~~~~~~~~~
Tests.cpp:348:22: note: remove ‘std::move’ call
Tests.cpp: In member function ‘void Tests::readAndWriteWithZeroCopyStreamQIODevice()’:
Tests.cpp:485:74: warning: ‘int google::protobuf::MessageLite::ByteSize() const’ is deprecated: Please use ByteSizeLong() instead [-Wdeprecated-declarations]
  485 |    QCOMPARE(fileInfo.size(), static_cast<long long>(hashMessage1.ByteSize() + hashMessage2.ByteSize()));
      |                                                     ~~~~~~~~~~~~~~~~~~~~~^~
/usr/include/x86_64-linux-gnu/qt5/QtTest/qtestcase.h:88:34: note: in definition of macro ‘QCOMPARE’
   88 |     if (!QTest::qCompare(actual, expected, #actual, #expected, __FILE__, __LINE__))\
      |                                  ^~~~~~~~
In file included from /usr/include/google/protobuf/any.h:38,
                 from /usr/include/google/protobuf/generated_message_util.h:52,
                 from /usr/include/google/protobuf/generated_message_bases.h:40,
                 from ../../Protos/common.pb.h:26,
                 from Tests.cpp:27:
/usr/include/google/protobuf/message_lite.h:381:7: note: declared here
  381 |   int ByteSize() const { return internal::ToIntSize(ByteSizeLong()); }
      |       ^~~~~~~~
Tests.cpp:485:100: warning: ‘int google::protobuf::MessageLite::ByteSize() const’ is deprecated: Please use ByteSizeLong() instead [-Wdeprecated-declarations]
  485 |    QCOMPARE(fileInfo.size(), static_cast<long long>(hashMessage1.ByteSize() + hashMessage2.ByteSize()));
      |                                                                               ~~~~~~~~~~~~~~~~~~~~~^~
/usr/include/x86_64-linux-gnu/qt5/QtTest/qtestcase.h:88:34: note: in definition of macro ‘QCOMPARE’
   88 |     if (!QTest::qCompare(actual, expected, #actual, #expected, __FILE__, __LINE__))\
      |                                  ^~~~~~~~
/usr/include/google/protobuf/message_lite.h:381:7: note: declared here
  381 |   int ByteSize() const { return internal::ToIntSize(ByteSizeLong()); }
      |       ^~~~~~~~
Tests.cpp: In member function ‘void Tests::protoHelper()’:
Tests.cpp:533:16: warning: ‘QTextStream& QTextStreamFunctions::endl(QTextStream&)’ is deprecated: Use Qt::endl [-Wdeprecated-declarations]
  533 |    qDebug() << endl << "The protocol buffer message (Protos::Common::Entry):" << endl << debugStr;
      |                ^~~~
In file included from /usr/include/x86_64-linux-gnu/qt5/QtCore/qdebug.h:49,
                 from /usr/include/x86_64-linux-gnu/qt5/QtCore/qcborcommon.h:45,
                 from /usr/include/x86_64-linux-gnu/qt5/QtTest/qtest.h:53:
/usr/include/x86_64-linux-gnu/qt5/QtCore/qtextstream.h:293:75: note: declared here
  293 | Q_CORE_EXPORT QT_DEPRECATED_VERSION_X(5, 15, "Use Qt::endl") QTextStream &endl(QTextStream &s);
      |                                                                           ^~~~
Tests.cpp:533:82: warning: ‘QTextStream& QTextStreamFunctions::endl(QTextStream&)’ is deprecated: Use Qt::endl [-Wdeprecated-declarations]
  533 |    qDebug() << endl << "The protocol buffer message (Protos::Common::Entry):" << endl << debugStr;
      |                                                                                  ^~~~
/usr/include/x86_64-linux-gnu/qt5/QtCore/qtextstream.h:293:75: note: declared here
  293 | Q_CORE_EXPORT QT_DEPRECATED_VERSION_X(5, 15, "Use Qt::endl") QTextStream &endl(QTextStream &s);
      |                                                                           ^~~~
In file included from /usr/include/x86_64-linux-gnu/qt5/QtCore/QLinkedList:1,
                 from ../SortedList.h:22:
In member function ‘void QLinkedList<T>::freeData(QLinkedListData*) [with T = int]’,
    inlined from ‘QLinkedList<T>::~QLinkedList() [with T = int]’ at /usr/include/x86_64-linux-gnu/qt5/QtCore/qlinkedlist.h:301:17,
    inlined from ‘QLinkedList<T>::~QLinkedList() [with T = int]’ at /usr/include/x86_64-linux-gnu/qt5/QtCore/qlinkedlist.h:298:8,
    inlined from ‘void QLinkedList<T>::clear() [with T = int]’ at /usr/include/x86_64-linux-gnu/qt5/QtCore/qlinkedlist.h:378:13,
    inlined from ‘void Common::SortedList<T>::clear() [with T = int]’ at ../SortedList.h:129:20,
    inlined from ‘void Tests::sortedList()’ at Tests.cpp:191:14:
/usr/include/x86_64-linux-gnu/qt5/QtCore/qlinkedlist.h:372:5: warning: ‘void operator delete(void*)’ called on unallocated object ‘QLinkedListData::shared_null’ [-Wfree-nonheap-object]
  372 |     delete x;
      |     ^~~~~~~~
/usr/include/x86_64-linux-gnu/qt5/QtCore/qlinkedlist.h: In member function ‘void Tests::sortedList()’:
/usr/include/x86_64-linux-gnu/qt5/QtCore/qlinkedlist.h:80:48: note: declared here
   80 |     Q_CORE_EXPORT static const QLinkedListData shared_null;
      |                                                ^~~~~~~~~~~
g++ -c -pipe -std=c++0x -O2 -frtti -Wall -Wno-parentheses -D_REENTRANT -fPIC -DQT_NO_DEBUG -DQT_NETWORK_LIB -DQT_TESTLIB_LIB -DQT_CORE_LIB -DQT_TESTCASE_BUILDDIR='"/workspaces/D-LAN/application/Common/TestsCommon"' -I. -I. -I.. -I../.. -I/usr/include/x86_64-linux-gnu/qt5 -I/usr/include/x86_64-linux-gnu/qt5/QtNetwork -I/usr/include/x86_64-linux-gnu/qt5/QtTest -I/usr/include/x86_64-linux-gnu/qt5/QtCore -I.tmp/release -I/usr/lib/x86_64-linux-gnu/qt5/mkspecs/linux-g++ -o .tmp/release/common.pb.o ../../Protos/common.pb.cc
g++ -c -pipe -std=c++0x -O2 -frtti -Wall -Wno-parentheses -D_REENTRANT -fPIC -DQT_NO_DEBUG -DQT_NETWORK_LIB -DQT_TESTLIB_LIB -DQT_CORE_LIB -DQT_TESTCASE_BUILDDIR='"/workspaces/D-LAN/application/Common/TestsCommon"' -I. -I. -I.. -I../.. -I/usr/include/x86_64-linux-gnu/qt5 -I/usr/include/x86_64-linux-gnu/qt5/QtNetwork -I/usr/include/x86_64-linux-gnu/qt5/QtTest -I/usr/include/x86_64-linux-gnu/qt5/QtCore -I.tmp/release -I/usr/lib/x86_64-linux-gnu/qt5/mkspecs/linux-g++ -o .tmp/release/core_settings.pb.o ../../Protos/core_settings.pb.cc
g++ -c -pipe -std=c++0x -O2 -frtti -Wall -Wno-parentheses -D_REENTRANT -fPIC -DQT_NO_DEBUG -DQT_NETWORK_LIB -DQT_TESTLIB_LIB -DQT_CORE_LIB -DQT_TESTCASE_BUILDDIR='"/workspaces/D-LAN/application/Common/TestsCommon"' -I. -I. -I.. -I../.. -I/usr/include/x86_64-linux-gnu/qt5 -I/usr/include/x86_64-linux-gnu/qt5/QtNetwork -I/usr/include/x86_64-linux-gnu/qt5/QtTest -I/usr/include/x86_64-linux-gnu/qt5/QtCore -I.tmp/release -I/usr/lib/x86_64-linux-gnu/qt5/mkspecs/linux-g++ -o .tmp/release/TreeTests.o TreeTests.cpp
g++ -pipe -std=c++0x -O2 -frtti -Wall -Wno-parentheses -dM -E -o .tmp/release/moc_predefs.h /usr/lib/x86_64-linux-gnu/qt5/mkspecs/features/data/dummy.cpp
/usr/lib/qt5/bin/moc -DQT_NO_DEBUG -DQT_NETWORK_LIB -DQT_TESTLIB_LIB -DQT_CORE_LIB -DQT_TESTCASE_BUILDDIR='"/workspaces/D-LAN/application/Common/TestsCommon"' --include /workspaces/D-LAN/application/Common/TestsCommon/.tmp/release/moc_predefs.h -I/usr/lib/x86_64-linux-gnu/qt5/mkspecs/linux-g++ -I/workspaces/D-LAN/application/Common/TestsCommon -I/workspaces/D-LAN/application/Common/TestsCommon -I/workspaces/D-LAN/application/Common -I/workspaces/D-LAN/application -I/usr/include/x86_64-linux-gnu/qt5 -I/usr/include/x86_64-linux-gnu/qt5/QtNetwork -I/usr/include/x86_64-linux-gnu/qt5/QtTest -I/usr/include/x86_64-linux-gnu/qt5/QtCore -I/usr/include/c++/13 -I/usr/include/x86_64-linux-gnu/c++/13 -I/usr/include/c++/13/backward -I/usr/lib/gcc/x86_64-linux-gnu/13/include -I/usr/local/include -I/usr/include/x86_64-linux-gnu -I/usr/include Tests.h -o .tmp/release/moc_Tests.cpp
g++ -c -pipe -std=c++0x -O2 -frtti -Wall -Wno-parentheses -D_REENTRANT -fPIC -DQT_NO_DEBUG -DQT_NETWORK_LIB -DQT_TESTLIB_LIB -DQT_CORE_LIB -DQT_TESTCASE_BUILDDIR='"/workspaces/D-LAN/application/Common/TestsCommon"' -I. -I. -I.. -I../.. -I/usr/include/x86_64-linux-gnu/qt5 -I/usr/include/x86_64-linux-gnu/qt5/QtNetwork -I/usr/include/x86_64-linux-gnu/qt5/QtTest -I/usr/include/x86_64-linux-gnu/qt5/QtCore -I.tmp/release -I/usr/lib/x86_64-linux-gnu/qt5/mkspecs/linux-g++ -o .tmp/release/moc_Tests.o .tmp/release/moc_Tests.cpp
/usr/lib/qt5/bin/moc -DQT_NO_DEBUG -DQT_NETWORK_LIB -DQT_TESTLIB_LIB -DQT_CORE_LIB -DQT_TESTCASE_BUILDDIR='"/workspaces/D-LAN/application/Common/TestsCommon"' --include /workspaces/D-LAN/application/Common/TestsCommon/.tmp/release/moc_predefs.h -I/usr/lib/x86_64-linux-gnu/qt5/mkspecs/linux-g++ -I/workspaces/D-LAN/application/Common/TestsCommon -I/workspaces/D-LAN/application/Common/TestsCommon -I/workspaces/D-LAN/application/Common -I/workspaces/D-LAN/application -I/usr/include/x86_64-linux-gnu/qt5 -I/usr/include/x86_64-linux-gnu/qt5/QtNetwork -I/usr/include/x86_64-linux-gnu/qt5/QtTest -I/usr/include/x86_64-linux-gnu/qt5/QtCore -I/usr/include/c++/13 -I/usr/include/x86_64-linux-gnu/c++/13 -I/usr/include/c++/13/backward -I/usr/lib/gcc/x86_64-linux-gnu/13/include -I/usr/local/include -I/usr/include/x86_64-linux-gnu -I/usr/include TreeTests.h -o .tmp/release/moc_TreeTests.cpp
g++ -c -pipe -std=c++0x -O2 -frtti -Wall -Wno-parentheses -D_REENTRANT -fPIC -DQT_NO_DEBUG -DQT_NETWORK_LIB -DQT_TESTLIB_LIB -DQT_CORE_LIB -DQT_TESTCASE_BUILDDIR='"/workspaces/D-LAN/application/Common/TestsCommon"' -I. -I. -I.. -I../.. -I/usr/include/x86_64-linux-gnu/qt5 -I/usr/include/x86_64-linux-gnu/qt5/QtNetwork -I/usr/include/x86_64-linux-gnu/qt5/QtTest -I/usr/include/x86_64-linux-gnu/qt5/QtCore -I.tmp/release -I/usr/lib/x86_64-linux-gnu/qt5/mkspecs/linux-g++ -o .tmp/release/moc_TreeTests.o .tmp/release/moc_TreeTests.cpp
g++ -Wl,-O1 -o output/release/TestsCommon .tmp/release/main.o .tmp/release/Tests.o .tmp/release/common.pb.o .tmp/release/core_settings.pb.o .tmp/release/TreeTests.o .tmp/release/moc_Tests.o .tmp/release/moc_TreeTests.o   -L../output/release -lCommon -lprotobuf /usr/lib/x86_64-linux-gnu/libQt5Network.so /usr/lib/x86_64-linux-gnu/libQt5Test.so /usr/lib/x86_64-linux-gnu/libQt5Core.so -lpthread   
make: Leaving directory '/workspaces/D-LAN/application/Common/TestsCommon'
/workspaces/D-LAN/application
/workspaces/D-LAN/application /workspaces/D-LAN/application
Compiling LogManager..
make: Entering directory '/workspaces/D-LAN/application/Common/LogManager'
rm -f .tmp/release/moc_predefs.h
rm -f .tmp/release/moc_ILoggerHook.cpp
rm -f .tmp/release/Logger.o .tmp/release/Entry.o .tmp/release/Builder.o .tmp/release/QtLogger.o .tmp/release/StdLogger.o .tmp/release/LoggerHook.o .tmp/release/moc_ILoggerHook.o
rm -f *~ core *.core
make: Leaving directory '/workspaces/D-LAN/application/Common/LogManager'
make: Entering directory '/workspaces/D-LAN/application/Common/LogManager'
g++ -c -pipe -std=c++0x -O2 -fPIC -frtti -Wall -Wno-parentheses -D_REENTRANT -DLOGMANAGER_LIBRARY -DQT_NO_DEBUG -DQT_CORE_LIB -I. -I. -I../.. -I/usr/include/x86_64-linux-gnu/qt5 -I/usr/include/x86_64-linux-gnu/qt5/QtCore -I.tmp/release -I/usr/lib/x86_64-linux-gnu/qt5/mkspecs/linux-g++ -o .tmp/release/Logger.o priv/Logger.cpp
priv/Logger.cpp: In member function ‘void LM::LoggerHooks::removeDeletedHooks()’:
priv/Logger.cpp:54:25: warning: ‘T* QWeakPointer<T>::data() const [with T = LM::LoggerHook]’ is deprecated: Use toStrongRef() instead, and data() on the returned QSharedPointer [-Wdeprecated-declarations]
   54 |       if (!i.next().data())
      |            ~~~~~~~~~~~~~^~
In file included from /usr/include/x86_64-linux-gnu/qt5/QtCore/qsharedpointer.h:48,
                 from /usr/include/x86_64-linux-gnu/qt5/QtCore/QSharedPointer:1,
                 from ./priv/Logger.h:26,
                 from priv/Logger.cpp:19:
/usr/include/x86_64-linux-gnu/qt5/QtCore/qsharedpointer_impl.h:568:8: note: declared here
  568 |     T *data() const noexcept { return internalData(); }
      |        ^~~~
priv/Logger.cpp: In member function ‘virtual bool LM::Logger::log(const QString&, LM::Severity, const char*, int) const’:
priv/Logger.cpp:106:32: warning: ‘T* QWeakPointer<T>::data() const [with T = LM::LoggerHook]’ is deprecated: Use toStrongRef() instead, and data() on the returned QSharedPointer [-Wdeprecated-declarations]
  106 |       this->loggerHooks[i].data()->newMessage(entry);
      |       ~~~~~~~~~~~~~~~~~~~~~~~~~^~
/usr/include/x86_64-linux-gnu/qt5/QtCore/qsharedpointer_impl.h:568:8: note: declared here
  568 |     T *data() const noexcept { return internalData(); }
      |        ^~~~
priv/Logger.cpp:111:41: warning: ‘QTextStream& QTextStreamFunctions::endl(QTextStream&)’ is deprecated: Use Qt::endl [-Wdeprecated-declarations]
  111 |    Logger::out << entry->toStrLine() << endl;
      |                                         ^~~~
In file included from /usr/include/x86_64-linux-gnu/qt5/QtCore/QTextStream:1,
                 from ./priv/Logger.h:23:
/usr/include/x86_64-linux-gnu/qt5/QtCore/qtextstream.h:293:75: note: declared here
  293 | Q_CORE_EXPORT QT_DEPRECATED_VERSION_X(5, 15, "Use Qt::endl") QTextStream &endl(QTextStream &s);
      |                                                                           ^~~~
priv/Logger.cpp: In static member function ‘static bool LM::Logger::createFileLog()’:
priv/Logger.cpp:149:105: warning: ‘QTextStream& QTextStreamFunctions::endl(QTextStream&)’ is deprecated: Use Qt::endl [-Wdeprecated-declarations]
  149 |             outErr << "Error, cannot create log directory : " << appDir.absoluteFilePath(logDirName) << endl;
      |                                                                                                         ^~~~
/usr/include/x86_64-linux-gnu/qt5/QtCore/qtextstream.h:293:75: note: declared here
  293 | Q_CORE_EXPORT QT_DEPRECATED_VERSION_X(5, 15, "Use Qt::endl") QTextStream &endl(QTextStream &s);
      |                                                                           ^~~~
priv/Logger.cpp:161:101: warning: ‘QTextStream& QTextStreamFunctions::endl(QTextStream&)’ is deprecated: Use Qt::endl [-Wdeprecated-declarations]
  161 |                outErr << "Error, cannot create log file : " << logDir.absoluteFilePath(filename) << endl;
      |                                                                                                     ^~~~
/usr/include/x86_64-linux-gnu/qt5/QtCore/qtextstream.h:293:75: note: declared here
  293 | Q_CORE_EXPORT QT_DEPRECATED_VERSION_X(5, 15, "Use Qt::endl") QTextStream &endl(QTextStream &s);
      |                                                                           ^~~~
priv/Logger.cpp:174:97: warning: ‘QTextStream& QTextStreamFunctions::endl(QTextStream&)’ is deprecated: Use Qt::endl [-Wdeprecated-declarations]
  174 |          outErr << "Error, cannot create the application data directory: " << e.errorMessage << endl;
      |                                                                                                 ^~~~
/usr/include/x86_64-linux-gnu/qt5/QtCore/qtextstream.h:293:75: note: declared here
  293 | Q_CORE_EXPORT QT_DEPRECATED_VERSION_X(5, 15, "Use Qt::endl") QTextStream &endl(QTextStream &s);
      |                                                                           ^~~~
priv/Logger.cpp: In static member function ‘static void LM::Logger::deleteOldestLog(const QDir&)’:
priv/Logger.cpp:192:9: warning: ‘void qSort(RandomAccessIterator, RandomAccessIterator, LessThan) [with RandomAccessIterator = QList<QFileInfo>::iterator; LessThan = bool (*)(const QFileInfo&, const QFileInfo&)]’ is deprecated: Use std::sort [-Wdeprecated-declarations]
  192 |    qSort(entries.begin(), entries.end(), fileInfoLessThan);
      |    ~~~~~^~~~~~~~~~~~~~~~~~~~~~~~~~~~~~~~~~~~~~~~~~~~~~~~~~
In file included from /usr/include/x86_64-linux-gnu/qt5/QtCore/qlist.h:43,
                 from /usr/include/x86_64-linux-gnu/qt5/QtCore/qobject.h:49,
                 from /usr/include/x86_64-linux-gnu/qt5/QtCore/qiodevice.h:45,
                 from /usr/include/x86_64-linux-gnu/qt5/QtCore/qtextstream.h:43:
/usr/include/x86_64-linux-gnu/qt5/QtCore/qalgorithms.h:181:46: note: declared here
  181 | QT_DEPRECATED_X("Use std::sort") inline void qSort(RandomAccessIterator start, RandomAccessIterator end, LessThan lessThan)
      |                                              ^~~~~
g++ -c -pipe -std=c++0x -O2 -fPIC -frtti -Wall -Wno-parentheses -D_REENTRANT -DLOGMANAGER_LIBRARY -DQT_NO_DEBUG -DQT_CORE_LIB -I. -I. -I../.. -I/usr/include/x86_64-linux-gnu/qt5 -I/usr/include/x86_64-linux-gnu/qt5/QtCore -I.tmp/release -I/usr/lib/x86_64-linux-gnu/qt5/mkspecs/linux-g++ -o .tmp/release/Entry.o priv/Entry.cpp
g++ -c -pipe -std=c++0x -O2 -fPIC -frtti -Wall -Wno-parentheses -D_REENTRANT -DLOGMANAGER_LIBRARY -DQT_NO_DEBUG -DQT_CORE_LIB -I. -I. -I../.. -I/usr/include/x86_64-linux-gnu/qt5 -I/usr/include/x86_64-linux-gnu/qt5/QtCore -I.tmp/release -I/usr/lib/x86_64-linux-gnu/qt5/mkspecs/linux-g++ -o .tmp/release/Builder.o priv/Builder.cpp
g++ -c -pipe -std=c++0x -O2 -fPIC -frtti -Wall -Wno-parentheses -D_REENTRANT -DLOGMANAGER_LIBRARY -DQT_NO_DEBUG -DQT_CORE_LIB -I. -I. -I../.. -I/usr/include/x86_64-linux-gnu/qt5 -I/usr/include/x86_64-linux-gnu/qt5/QtCore -I.tmp/release -I/usr/lib/x86_64-linux-gnu/qt5/mkspecs/linux-g++ -o .tmp/release/QtLogger.o priv/QtLogger.cpp
g++ -c -pipe -std=c++0x -O2 -fPIC -frtti -Wall -Wno-parentheses -D_REENTRANT -DLOGMANAGER_LIBRARY -DQT_NO_DEBUG -DQT_CORE_LIB -I. -I. -I../.. -I/usr/include/x86_64-linux-gnu/qt5 -I/usr/include/x86_64-linux-gnu/qt5/QtCore -I.tmp/release -I/usr/lib/x86_64-linux-gnu/qt5/mkspecs/linux-g++ -o .tmp/release/StdLogger.o priv/StdLogger.cpp
priv/StdLogger.cpp: In constructor ‘LM::StdLogger::StdLogger(int, const QString&)’:
priv/StdLogger.cpp:61:11: warning: ignoring return value of ‘int pipe(int*)’ declared with attribute ‘warn_unused_result’ [-Wunused-result]
   61 |       pipe(this->input);
      |       ~~~~^~~~~~~~~~~~~
g++ -c -pipe -std=c++0x -O2 -fPIC -frtti -Wall -Wno-parentheses -D_REENTRANT -DLOGMANAGER_LIBRARY -DQT_NO_DEBUG -DQT_CORE_LIB -I. -I. -I../.. -I/usr/include/x86_64-linux-gnu/qt5 -I/usr/include/x86_64-linux-gnu/qt5/QtCore -I.tmp/release -I/usr/lib/x86_64-linux-gnu/qt5/mkspecs/linux-g++ -o .tmp/release/LoggerHook.o priv/LoggerHook.cpp
g++ -pipe -std=c++0x -O2 -fPIC -frtti -Wall -Wno-parentheses -dM -E -o .tmp/release/moc_predefs.h /usr/lib/x86_64-linux-gnu/qt5/mkspecs/features/data/dummy.cpp
/usr/lib/qt5/bin/moc -DLOGMANAGER_LIBRARY -DQT_NO_DEBUG -DQT_CORE_LIB --include /workspaces/D-LAN/application/Common/LogManager/.tmp/release/moc_predefs.h -I/usr/lib/x86_64-linux-gnu/qt5/mkspecs/linux-g++ -I/workspaces/D-LAN/application/Common/LogManager -I/workspaces/D-LAN/application/Common/LogManager -I/workspaces/D-LAN/application -I/usr/include/x86_64-linux-gnu/qt5 -I/usr/include/x86_64-linux-gnu/qt5/QtCore -I/usr/include/c++/13 -I/usr/include/x86_64-linux-gnu/c++/13 -I/usr/include/c++/13/backward -I/usr/lib/gcc/x86_64-linux-gnu/13/include -I/usr/local/include -I/usr/include/x86_64-linux-gnu -I/usr/include ILoggerHook.h -o .tmp/release/moc_ILoggerHook.cpp
g++ -c -pipe -std=c++0x -O2 -fPIC -frtti -Wall -Wno-parentheses -D_REENTRANT -DLOGMANAGER_LIBRARY -DQT_NO_DEBUG -DQT_CORE_LIB -I. -I. -I../.. -I/usr/include/x86_64-linux-gnu/qt5 -I/usr/include/x86_64-linux-gnu/qt5/QtCore -I.tmp/release -I/usr/lib/x86_64-linux-gnu/qt5/mkspecs/linux-g++ -o .tmp/release/moc_ILoggerHook.o .tmp/release/moc_ILoggerHook.cpp
rm -f output/release/libLogManager.a
ar cqs output/release/libLogManager.a .tmp/release/Logger.o .tmp/release/Entry.o .tmp/release/Builder.o .tmp/release/QtLogger.o .tmp/release/StdLogger.o .tmp/release/LoggerHook.o .tmp/release/moc_ILoggerHook.o
make: Leaving directory '/workspaces/D-LAN/application/Common/LogManager'
/workspaces/D-LAN/application
/workspaces/D-LAN/application /workspaces/D-LAN/application
Compiling RemoteCoreController..
Cannot read /workspaces/D-LAN/application/Libs/qtservice/config.pri: No such file or directory
make: Entering directory '/workspaces/D-LAN/application/Common/RemoteCoreController'
rm -f .tmp/release/moc_predefs.h
rm -f .tmp/release/moc_qtunixsocket.cpp .tmp/release/moc_qtunixserversocket.cpp .tmp/release/moc_SearchResult.cpp .tmp/release/moc_CoreConnection.cpp .tmp/release/moc_BrowseResult.cpp .tmp/release/moc_ISearchResult.cpp .tmp/release/moc_IBrowseResult.cpp .tmp/release/moc_ICoreConnection.cpp .tmp/release/moc_CoreController.cpp .tmp/release/moc_InternalCoreConnection.cpp
rm -f .tmp/release/qtservice.moc .tmp/release/qtservice_unix.moc
rm -f .tmp/release/qtservice.o .tmp/release/qtservice_unix.o .tmp/release/qtunixsocket.o .tmp/release/qtunixserversocket.o .tmp/release/Builder.o .tmp/release/SearchResult.o .tmp/release/CoreConnection.o .tmp/release/BrowseResult.o .tmp/release/common.pb.o .tmp/release/CoreController.o .tmp/release/gui_protocol.pb.o .tmp/release/Log.o .tmp/release/InternalCoreConnection.o .tmp/release/moc_qtunixsocket.o .tmp/release/moc_qtunixserversocket.o .tmp/release/moc_SearchResult.o .tmp/release/moc_CoreConnection.o .tmp/release/moc_BrowseResult.o .tmp/release/moc_ISearchResult.o .tmp/release/moc_IBrowseResult.o .tmp/release/moc_ICoreConnection.o .tmp/release/moc_CoreController.o .tmp/release/moc_InternalCoreConnection.o
rm -f *~ core *.core
make: Leaving directory '/workspaces/D-LAN/application/Common/RemoteCoreController'
make: Entering directory '/workspaces/D-LAN/application/Common/RemoteCoreController'
g++ -pipe -std=c++0x -O2 -fPIC -frtti -Wall -Wno-parentheses -dM -E -o .tmp/release/moc_predefs.h /usr/lib/x86_64-linux-gnu/qt5/mkspecs/features/data/dummy.cpp
/usr/lib/qt5/bin/moc -DREMOTECORECONTROLLER_LIBRARY -DQT_NO_DEBUG -DQT_NETWORK_LIB -DQT_CORE_LIB --include /workspaces/D-LAN/application/Common/RemoteCoreController/.tmp/release/moc_predefs.h -I/usr/lib/x86_64-linux-gnu/qt5/mkspecs/linux-g++ -I/workspaces/D-LAN/application/Common/RemoteCoreController -I/workspaces/D-LAN/application/Common/RemoteCoreController -I/workspaces/D-LAN/application/Common -I/workspaces/D-LAN/application -I/workspaces/D-LAN/application/Libs/qtservice/src -I/usr/include/x86_64-linux-gnu/qt5 -I/usr/include/x86_64-linux-gnu/qt5/QtNetwork -I/usr/include/x86_64-linux-gnu/qt5/QtCore -I/usr/include/c++/13 -I/usr/include/x86_64-linux-gnu/c++/13 -I/usr/include/c++/13/backward -I/usr/lib/gcc/x86_64-linux-gnu/13/include -I/usr/local/include -I/usr/include/x86_64-linux-gnu -I/usr/include ../../Libs/qtservice/src/qtservice.cpp -o .tmp/release/qtservice.moc
g++ -c -pipe -std=c++0x -O2 -fPIC -frtti -Wall -Wno-parentheses -D_REENTRANT -DREMOTECORECONTROLLER_LIBRARY -DQT_NO_DEBUG -DQT_NETWORK_LIB -DQT_CORE_LIB -I. -I. -I.. -I../.. -I../../Libs/qtservice/src -I/usr/include/x86_64-linux-gnu/qt5 -I/usr/include/x86_64-linux-gnu/qt5/QtNetwork -I/usr/include/x86_64-linux-gnu/qt5/QtCore -I.tmp/release -I/usr/lib/x86_64-linux-gnu/qt5/mkspecs/linux-g++ -o .tmp/release/qtservice.o ../../Libs/qtservice/src/qtservice.cpp
../../Libs/qtservice/src/qtservice.cpp: In constructor ‘QtServiceBasePrivate::QtServiceBasePrivate(const QString&)’:
../../Libs/qtservice/src/qtservice.cpp:424:56: warning: ‘constexpr QFlags<T>::QFlags(Zero) [with Enum = QtServiceBase::ServiceFlag; Zero = int QFlags<QtServiceBase::ServiceFlag>::Private::*]’ is deprecated: Use default constructor instead [-Wdeprecated-declarations]
  424 |     : startupType(QtServiceController::ManualStartup), serviceFlags(0), controller(name)
      |                                                        ^~~~~~~~~~~~~~~
In file included from /usr/include/x86_64-linux-gnu/qt5/QtCore/qglobal.h:1305,
                 from /usr/include/x86_64-linux-gnu/qt5/QtCore/qcoreapplication.h:43,
                 from /usr/include/x86_64-linux-gnu/qt5/QtCore/QCoreApplication:1,
                 from ../../Libs/qtservice/src/qtservice.h:43,
                 from ../../Libs/qtservice/src/qtservice.cpp:40:
/usr/include/x86_64-linux-gnu/qt5/QtCore/qflags.h:123:80: note: declared here
  123 |     QT_DEPRECATED_X("Use default constructor instead") Q_DECL_CONSTEXPR inline QFlags(Zero) noexcept : i(0) {}
      |                                                                                ^~~~~~
../../Libs/qtservice/src/qtservice.cpp: In constructor ‘QtServiceBase::QtServiceBase(int, char**, const QString&)’:
../../Libs/qtservice/src/qtservice.cpp:647:27: warning: ‘constexpr QFlags<T>::QFlags(Zero) [with Enum = QtServiceBase::ServiceFlag; Zero = int QFlags<QtServiceBase::ServiceFlag>::Private::*]’ is deprecated: Use default constructor instead [-Wdeprecated-declarations]
  647 |     d_ptr->serviceFlags = 0;
      |                           ^
/usr/include/x86_64-linux-gnu/qt5/QtCore/qflags.h:123:80: note: declared here
  123 |     QT_DEPRECATED_X("Use default constructor instead") Q_DECL_CONSTEXPR inline QFlags(Zero) noexcept : i(0) {}
      |                                                                                ^~~~~~
/usr/lib/qt5/bin/moc -DREMOTECORECONTROLLER_LIBRARY -DQT_NO_DEBUG -DQT_NETWORK_LIB -DQT_CORE_LIB --include /workspaces/D-LAN/application/Common/RemoteCoreController/.tmp/release/moc_predefs.h -I/usr/lib/x86_64-linux-gnu/qt5/mkspecs/linux-g++ -I/workspaces/D-LAN/application/Common/RemoteCoreController -I/workspaces/D-LAN/application/Common/RemoteCoreController -I/workspaces/D-LAN/application/Common -I/workspaces/D-LAN/application -I/workspaces/D-LAN/application/Libs/qtservice/src -I/usr/include/x86_64-linux-gnu/qt5 -I/usr/include/x86_64-linux-gnu/qt5/QtNetwork -I/usr/include/x86_64-linux-gnu/qt5/QtCore -I/usr/include/c++/13 -I/usr/include/x86_64-linux-gnu/c++/13 -I/usr/include/c++/13/backward -I/usr/lib/gcc/x86_64-linux-gnu/13/include -I/usr/local/include -I/usr/include/x86_64-linux-gnu -I/usr/include ../../Libs/qtservice/src/qtservice_unix.cpp -o .tmp/release/qtservice_unix.moc
g++ -c -pipe -std=c++0x -O2 -fPIC -frtti -Wall -Wno-parentheses -D_REENTRANT -DREMOTECORECONTROLLER_LIBRARY -DQT_NO_DEBUG -DQT_NETWORK_LIB -DQT_CORE_LIB -I. -I. -I.. -I../.. -I../../Libs/qtservice/src -I/usr/include/x86_64-linux-gnu/qt5 -I/usr/include/x86_64-linux-gnu/qt5/QtNetwork -I/usr/include/x86_64-linux-gnu/qt5/QtCore -I.tmp/release -I/usr/lib/x86_64-linux-gnu/qt5/mkspecs/linux-g++ -o .tmp/release/qtservice_unix.o ../../Libs/qtservice/src/qtservice_unix.cpp
../../Libs/qtservice/src/qtservice_unix.cpp: In constructor ‘QtServiceSysPrivate::QtServiceSysPrivate()’:
../../Libs/qtservice/src/qtservice_unix.cpp:295:39: warning: ‘constexpr QFlags<T>::QFlags(Zero) [with Enum = QtServiceBase::ServiceFlag; Zero = int QFlags<QtServiceBase::ServiceFlag>::Private::*]’ is deprecated: Use default constructor instead [-Wdeprecated-declarations]
  295 |     : QtUnixServerSocket(), ident(0), serviceFlags(0)
      |                                       ^~~~~~~~~~~~~~~
In file included from /usr/include/x86_64-linux-gnu/qt5/QtCore/qglobal.h:1305,
                 from /usr/include/x86_64-linux-gnu/qt5/QtCore/qcoreapplication.h:43,
                 from /usr/include/x86_64-linux-gnu/qt5/QtCore/QCoreApplication:1,
                 from ../../Libs/qtservice/src/qtservice.h:43,
                 from ../../Libs/qtservice/src/qtservice_unix.cpp:40:
/usr/include/x86_64-linux-gnu/qt5/QtCore/qflags.h:123:80: note: declared here
  123 |     QT_DEPRECATED_X("Use default constructor instead") Q_DECL_CONSTEXPR inline QFlags(Zero) noexcept : i(0) {}
      |                                                                                ^~~~~~
g++ -c -pipe -std=c++0x -O2 -fPIC -frtti -Wall -Wno-parentheses -D_REENTRANT -DREMOTECORECONTROLLER_LIBRARY -DQT_NO_DEBUG -DQT_NETWORK_LIB -DQT_CORE_LIB -I. -I. -I.. -I../.. -I../../Libs/qtservice/src -I/usr/include/x86_64-linux-gnu/qt5 -I/usr/include/x86_64-linux-gnu/qt5/QtNetwork -I/usr/include/x86_64-linux-gnu/qt5/QtCore -I.tmp/release -I/usr/lib/x86_64-linux-gnu/qt5/mkspecs/linux-g++ -o .tmp/release/qtunixsocket.o ../../Libs/qtservice/src/qtunixsocket.cpp
g++ -c -pipe -std=c++0x -O2 -fPIC -frtti -Wall -Wno-parentheses -D_REENTRANT -DREMOTECORECONTROLLER_LIBRARY -DQT_NO_DEBUG -DQT_NETWORK_LIB -DQT_CORE_LIB -I. -I. -I.. -I../.. -I../../Libs/qtservice/src -I/usr/include/x86_64-linux-gnu/qt5 -I/usr/include/x86_64-linux-gnu/qt5/QtNetwork -I/usr/include/x86_64-linux-gnu/qt5/QtCore -I.tmp/release -I/usr/lib/x86_64-linux-gnu/qt5/mkspecs/linux-g++ -o .tmp/release/qtunixserversocket.o ../../Libs/qtservice/src/qtunixserversocket.cpp
g++ -c -pipe -std=c++0x -O2 -fPIC -frtti -Wall -Wno-parentheses -D_REENTRANT -DREMOTECORECONTROLLER_LIBRARY -DQT_NO_DEBUG -DQT_NETWORK_LIB -DQT_CORE_LIB -I. -I. -I.. -I../.. -I../../Libs/qtservice/src -I/usr/include/x86_64-linux-gnu/qt5 -I/usr/include/x86_64-linux-gnu/qt5/QtNetwork -I/usr/include/x86_64-linux-gnu/qt5/QtCore -I.tmp/release -I/usr/lib/x86_64-linux-gnu/qt5/mkspecs/linux-g++ -o .tmp/release/Builder.o priv/Builder.cpp
g++ -c -pipe -std=c++0x -O2 -fPIC -frtti -Wall -Wno-parentheses -D_REENTRANT -DREMOTECORECONTROLLER_LIBRARY -DQT_NO_DEBUG -DQT_NETWORK_LIB -DQT_CORE_LIB -I. -I. -I.. -I../.. -I../../Libs/qtservice/src -I/usr/include/x86_64-linux-gnu/qt5 -I/usr/include/x86_64-linux-gnu/qt5/QtNetwork -I/usr/include/x86_64-linux-gnu/qt5/QtCore -I.tmp/release -I/usr/lib/x86_64-linux-gnu/qt5/mkspecs/linux-g++ -o .tmp/release/SearchResult.o priv/SearchResult.cpp
g++ -c -pipe -std=c++0x -O2 -fPIC -frtti -Wall -Wno-parentheses -D_REENTRANT -DREMOTECORECONTROLLER_LIBRARY -DQT_NO_DEBUG -DQT_NETWORK_LIB -DQT_CORE_LIB -I. -I. -I.. -I../.. -I../../Libs/qtservice/src -I/usr/include/x86_64-linux-gnu/qt5 -I/usr/include/x86_64-linux-gnu/qt5/QtNetwork -I/usr/include/x86_64-linux-gnu/qt5/QtCore -I.tmp/release -I/usr/lib/x86_64-linux-gnu/qt5/mkspecs/linux-g++ -o .tmp/release/CoreConnection.o priv/CoreConnection.cpp
g++ -c -pipe -std=c++0x -O2 -fPIC -frtti -Wall -Wno-parentheses -D_REENTRANT -DREMOTECORECONTROLLER_LIBRARY -DQT_NO_DEBUG -DQT_NETWORK_LIB -DQT_CORE_LIB -I. -I. -I.. -I../.. -I../../Libs/qtservice/src -I/usr/include/x86_64-linux-gnu/qt5 -I/usr/include/x86_64-linux-gnu/qt5/QtNetwork -I/usr/include/x86_64-linux-gnu/qt5/QtCore -I.tmp/release -I/usr/lib/x86_64-linux-gnu/qt5/mkspecs/linux-g++ -o .tmp/release/BrowseResult.o priv/BrowseResult.cpp
g++ -c -pipe -std=c++0x -O2 -fPIC -frtti -Wall -Wno-parentheses -D_REENTRANT -DREMOTECORECONTROLLER_LIBRARY -DQT_NO_DEBUG -DQT_NETWORK_LIB -DQT_CORE_LIB -I. -I. -I.. -I../.. -I../../Libs/qtservice/src -I/usr/include/x86_64-linux-gnu/qt5 -I/usr/include/x86_64-linux-gnu/qt5/QtNetwork -I/usr/include/x86_64-linux-gnu/qt5/QtCore -I.tmp/release -I/usr/lib/x86_64-linux-gnu/qt5/mkspecs/linux-g++ -o .tmp/release/common.pb.o ../../Protos/common.pb.cc
g++ -c -pipe -std=c++0x -O2 -fPIC -frtti -Wall -Wno-parentheses -D_REENTRANT -DREMOTECORECONTROLLER_LIBRARY -DQT_NO_DEBUG -DQT_NETWORK_LIB -DQT_CORE_LIB -I. -I. -I.. -I../.. -I../../Libs/qtservice/src -I/usr/include/x86_64-linux-gnu/qt5 -I/usr/include/x86_64-linux-gnu/qt5/QtNetwork -I/usr/include/x86_64-linux-gnu/qt5/QtCore -I.tmp/release -I/usr/lib/x86_64-linux-gnu/qt5/mkspecs/linux-g++ -o .tmp/release/CoreController.o priv/CoreController.cpp
priv/CoreController.cpp: In member function ‘void RCC::CoreController::startCore(int)’:
priv/CoreController.cpp:69:36: warning: ‘void QProcess::start(const QString&, QIODevice::OpenMode)’ is deprecated: Use QProcess::start(const QString &program, const QStringList &arguments,OpenMode mode = ReadWrite) instead [-Wdeprecated-declarations]
   69 |             this->coreProcess.start(QString("\"%1/%2\" -e%3").arg(QCoreApplication::applicationDirPath()).arg(CORE_EXE_NAME).arg(port != -1 ? QString("") : QString(" --port %1").arg(port)));
      |             ~~~~~~~~~~~~~~~~~~~~~~~^~~~~~~~~~~~~~~~~~~~~~~~~~~~~~~~~~~~~~~~~~~~~~~~~~~~~~~~~~~~~~~~~~~~~~~~~~~~~~~~~~~~~~~~~~~~~~~~~~~~~~~~~~~~~~~~~~~~~~~~~~~~~~~~~~~~~~~~~~~~~~~~~~~~~~~~~~
In file included from /usr/include/x86_64-linux-gnu/qt5/QtCore/QProcess:1,
                 from ./priv/CoreController.h:23,
                 from priv/CoreController.cpp:19:
/usr/include/x86_64-linux-gnu/qt5/QtCore/qprocess.h:168:10: note: declared here
  168 |     void start(const QString &command, OpenMode mode = ReadWrite);
      |          ^~~~~
g++ -c -pipe -std=c++0x -O2 -fPIC -frtti -Wall -Wno-parentheses -D_REENTRANT -DREMOTECORECONTROLLER_LIBRARY -DQT_NO_DEBUG -DQT_NETWORK_LIB -DQT_CORE_LIB -I. -I. -I.. -I../.. -I../../Libs/qtservice/src -I/usr/include/x86_64-linux-gnu/qt5 -I/usr/include/x86_64-linux-gnu/qt5/QtNetwork -I/usr/include/x86_64-linux-gnu/qt5/QtCore -I.tmp/release -I/usr/lib/x86_64-linux-gnu/qt5/mkspecs/linux-g++ -o .tmp/release/gui_protocol.pb.o ../../Protos/gui_protocol.pb.cc
g++ -c -pipe -std=c++0x -O2 -fPIC -frtti -Wall -Wno-parentheses -D_REENTRANT -DREMOTECORECONTROLLER_LIBRARY -DQT_NO_DEBUG -DQT_NETWORK_LIB -DQT_CORE_LIB -I. -I. -I.. -I../.. -I../../Libs/qtservice/src -I/usr/include/x86_64-linux-gnu/qt5 -I/usr/include/x86_64-linux-gnu/qt5/QtNetwork -I/usr/include/x86_64-linux-gnu/qt5/QtCore -I.tmp/release -I/usr/lib/x86_64-linux-gnu/qt5/mkspecs/linux-g++ -o .tmp/release/Log.o priv/Log.cpp
g++ -c -pipe -std=c++0x -O2 -fPIC -frtti -Wall -Wno-parentheses -D_REENTRANT -DREMOTECORECONTROLLER_LIBRARY -DQT_NO_DEBUG -DQT_NETWORK_LIB -DQT_CORE_LIB -I. -I. -I.. -I../.. -I../../Libs/qtservice/src -I/usr/include/x86_64-linux-gnu/qt5 -I/usr/include/x86_64-linux-gnu/qt5/QtNetwork -I/usr/include/x86_64-linux-gnu/qt5/QtCore -I.tmp/release -I/usr/lib/x86_64-linux-gnu/qt5/mkspecs/linux-g++ -o .tmp/release/InternalCoreConnection.o priv/InternalCoreConnection.cpp
priv/InternalCoreConnection.cpp: In member function ‘virtual void RCC::InternalCoreConnection::onNewMessage(Common::MessageHeader::MessageType, const google::protobuf::Message&)’:
priv/InternalCoreConnection.cpp:476:33: warning: ‘T* QWeakPointer<T>::data() const [with T = RCC::SearchResult]’ is deprecated: Use toStrongRef() instead, and data() on the returned QSharedPointer [-Wdeprecated-declarations]
  476 |                searchResult.data()->setTag(tagMessage.tag());
      |                ~~~~~~~~~~~~~~~~~^~
In file included from /usr/include/x86_64-linux-gnu/qt5/QtCore/qsharedpointer.h:48,
                 from /usr/include/x86_64-linux-gnu/qt5/QtCore/qdebug.h:54,
                 from /usr/include/x86_64-linux-gnu/qt5/QtNetwork/qabstractsocket.h:47,
                 from /usr/include/x86_64-linux-gnu/qt5/QtNetwork/qtcpsocket.h:44,
                 from /usr/include/x86_64-linux-gnu/qt5/QtNetwork/QTcpSocket:1,
                 from ./priv/CoreConnection.h:23,
                 from priv/InternalCoreConnection.cpp:19:
/usr/include/x86_64-linux-gnu/qt5/QtCore/qsharedpointer_impl.h:568:8: note: declared here
  568 |     T *data() const noexcept { return internalData(); }
      |        ^~~~
priv/InternalCoreConnection.cpp:500:33: warning: ‘T* QWeakPointer<T>::data() const [with T = RCC::BrowseResult]’ is deprecated: Use toStrongRef() instead, and data() on the returned QSharedPointer [-Wdeprecated-declarations]
  500 |                browseResult.data()->setTag(tagMessage.tag());
      |                ~~~~~~~~~~~~~~~~~^~
/usr/include/x86_64-linux-gnu/qt5/QtCore/qsharedpointer_impl.h:568:8: note: declared here
  568 |     T *data() const noexcept { return internalData(); }
      |        ^~~~
/usr/lib/qt5/bin/moc -DREMOTECORECONTROLLER_LIBRARY -DQT_NO_DEBUG -DQT_NETWORK_LIB -DQT_CORE_LIB --include /workspaces/D-LAN/application/Common/RemoteCoreController/.tmp/release/moc_predefs.h -I/usr/lib/x86_64-linux-gnu/qt5/mkspecs/linux-g++ -I/workspaces/D-LAN/application/Common/RemoteCoreController -I/workspaces/D-LAN/application/Common/RemoteCoreController -I/workspaces/D-LAN/application/Common -I/workspaces/D-LAN/application -I/workspaces/D-LAN/application/Libs/qtservice/src -I/usr/include/x86_64-linux-gnu/qt5 -I/usr/include/x86_64-linux-gnu/qt5/QtNetwork -I/usr/include/x86_64-linux-gnu/qt5/QtCore -I/usr/include/c++/13 -I/usr/include/x86_64-linux-gnu/c++/13 -I/usr/include/c++/13/backward -I/usr/lib/gcc/x86_64-linux-gnu/13/include -I/usr/local/include -I/usr/include/x86_64-linux-gnu -I/usr/include ../../Libs/qtservice/src/qtunixsocket.h -o .tmp/release/moc_qtunixsocket.cpp
g++ -c -pipe -std=c++0x -O2 -fPIC -frtti -Wall -Wno-parentheses -D_REENTRANT -DREMOTECORECONTROLLER_LIBRARY -DQT_NO_DEBUG -DQT_NETWORK_LIB -DQT_CORE_LIB -I. -I. -I.. -I../.. -I../../Libs/qtservice/src -I/usr/include/x86_64-linux-gnu/qt5 -I/usr/include/x86_64-linux-gnu/qt5/QtNetwork -I/usr/include/x86_64-linux-gnu/qt5/QtCore -I.tmp/release -I/usr/lib/x86_64-linux-gnu/qt5/mkspecs/linux-g++ -o .tmp/release/moc_qtunixsocket.o .tmp/release/moc_qtunixsocket.cpp
/usr/lib/qt5/bin/moc -DREMOTECORECONTROLLER_LIBRARY -DQT_NO_DEBUG -DQT_NETWORK_LIB -DQT_CORE_LIB --include /workspaces/D-LAN/application/Common/RemoteCoreController/.tmp/release/moc_predefs.h -I/usr/lib/x86_64-linux-gnu/qt5/mkspecs/linux-g++ -I/workspaces/D-LAN/application/Common/RemoteCoreController -I/workspaces/D-LAN/application/Common/RemoteCoreController -I/workspaces/D-LAN/application/Common -I/workspaces/D-LAN/application -I/workspaces/D-LAN/application/Libs/qtservice/src -I/usr/include/x86_64-linux-gnu/qt5 -I/usr/include/x86_64-linux-gnu/qt5/QtNetwork -I/usr/include/x86_64-linux-gnu/qt5/QtCore -I/usr/include/c++/13 -I/usr/include/x86_64-linux-gnu/c++/13 -I/usr/include/c++/13/backward -I/usr/lib/gcc/x86_64-linux-gnu/13/include -I/usr/local/include -I/usr/include/x86_64-linux-gnu -I/usr/include ../../Libs/qtservice/src/qtunixserversocket.h -o .tmp/release/moc_qtunixserversocket.cpp
g++ -c -pipe -std=c++0x -O2 -fPIC -frtti -Wall -Wno-parentheses -D_REENTRANT -DREMOTECORECONTROLLER_LIBRARY -DQT_NO_DEBUG -DQT_NETWORK_LIB -DQT_CORE_LIB -I. -I. -I.. -I../.. -I../../Libs/qtservice/src -I/usr/include/x86_64-linux-gnu/qt5 -I/usr/include/x86_64-linux-gnu/qt5/QtNetwork -I/usr/include/x86_64-linux-gnu/qt5/QtCore -I.tmp/release -I/usr/lib/x86_64-linux-gnu/qt5/mkspecs/linux-g++ -o .tmp/release/moc_qtunixserversocket.o .tmp/release/moc_qtunixserversocket.cpp
/usr/lib/qt5/bin/moc -DREMOTECORECONTROLLER_LIBRARY -DQT_NO_DEBUG -DQT_NETWORK_LIB -DQT_CORE_LIB --include /workspaces/D-LAN/application/Common/RemoteCoreController/.tmp/release/moc_predefs.h -I/usr/lib/x86_64-linux-gnu/qt5/mkspecs/linux-g++ -I/workspaces/D-LAN/application/Common/RemoteCoreController -I/workspaces/D-LAN/application/Common/RemoteCoreController -I/workspaces/D-LAN/application/Common -I/workspaces/D-LAN/application -I/workspaces/D-LAN/application/Libs/qtservice/src -I/usr/include/x86_64-linux-gnu/qt5 -I/usr/include/x86_64-linux-gnu/qt5/QtNetwork -I/usr/include/x86_64-linux-gnu/qt5/QtCore -I/usr/include/c++/13 -I/usr/include/x86_64-linux-gnu/c++/13 -I/usr/include/c++/13/backward -I/usr/lib/gcc/x86_64-linux-gnu/13/include -I/usr/local/include -I/usr/include/x86_64-linux-gnu -I/usr/include priv/SearchResult.h -o .tmp/release/moc_SearchResult.cpp
g++ -c -pipe -std=c++0x -O2 -fPIC -frtti -Wall -Wno-parentheses -D_REENTRANT -DREMOTECORECONTROLLER_LIBRARY -DQT_NO_DEBUG -DQT_NETWORK_LIB -DQT_CORE_LIB -I. -I. -I.. -I../.. -I../../Libs/qtservice/src -I/usr/include/x86_64-linux-gnu/qt5 -I/usr/include/x86_64-linux-gnu/qt5/QtNetwork -I/usr/include/x86_64-linux-gnu/qt5/QtCore -I.tmp/release -I/usr/lib/x86_64-linux-gnu/qt5/mkspecs/linux-g++ -o .tmp/release/moc_SearchResult.o .tmp/release/moc_SearchResult.cpp
/usr/lib/qt5/bin/moc -DREMOTECORECONTROLLER_LIBRARY -DQT_NO_DEBUG -DQT_NETWORK_LIB -DQT_CORE_LIB --include /workspaces/D-LAN/application/Common/RemoteCoreController/.tmp/release/moc_predefs.h -I/usr/lib/x86_64-linux-gnu/qt5/mkspecs/linux-g++ -I/workspaces/D-LAN/application/Common/RemoteCoreController -I/workspaces/D-LAN/application/Common/RemoteCoreController -I/workspaces/D-LAN/application/Common -I/workspaces/D-LAN/application -I/workspaces/D-LAN/application/Libs/qtservice/src -I/usr/include/x86_64-linux-gnu/qt5 -I/usr/include/x86_64-linux-gnu/qt5/QtNetwork -I/usr/include/x86_64-linux-gnu/qt5/QtCore -I/usr/include/c++/13 -I/usr/include/x86_64-linux-gnu/c++/13 -I/usr/include/c++/13/backward -I/usr/lib/gcc/x86_64-linux-gnu/13/include -I/usr/local/include -I/usr/include/x86_64-linux-gnu -I/usr/include priv/CoreConnection.h -o .tmp/release/moc_CoreConnection.cpp
g++ -c -pipe -std=c++0x -O2 -fPIC -frtti -Wall -Wno-parentheses -D_REENTRANT -DREMOTECORECONTROLLER_LIBRARY -DQT_NO_DEBUG -DQT_NETWORK_LIB -DQT_CORE_LIB -I. -I. -I.. -I../.. -I../../Libs/qtservice/src -I/usr/include/x86_64-linux-gnu/qt5 -I/usr/include/x86_64-linux-gnu/qt5/QtNetwork -I/usr/include/x86_64-linux-gnu/qt5/QtCore -I.tmp/release -I/usr/lib/x86_64-linux-gnu/qt5/mkspecs/linux-g++ -o .tmp/release/moc_CoreConnection.o .tmp/release/moc_CoreConnection.cpp
/usr/lib/qt5/bin/moc -DREMOTECORECONTROLLER_LIBRARY -DQT_NO_DEBUG -DQT_NETWORK_LIB -DQT_CORE_LIB --include /workspaces/D-LAN/application/Common/RemoteCoreController/.tmp/release/moc_predefs.h -I/usr/lib/x86_64-linux-gnu/qt5/mkspecs/linux-g++ -I/workspaces/D-LAN/application/Common/RemoteCoreController -I/workspaces/D-LAN/application/Common/RemoteCoreController -I/workspaces/D-LAN/application/Common -I/workspaces/D-LAN/application -I/workspaces/D-LAN/application/Libs/qtservice/src -I/usr/include/x86_64-linux-gnu/qt5 -I/usr/include/x86_64-linux-gnu/qt5/QtNetwork -I/usr/include/x86_64-linux-gnu/qt5/QtCore -I/usr/include/c++/13 -I/usr/include/x86_64-linux-gnu/c++/13 -I/usr/include/c++/13/backward -I/usr/lib/gcc/x86_64-linux-gnu/13/include -I/usr/local/include -I/usr/include/x86_64-linux-gnu -I/usr/include priv/BrowseResult.h -o .tmp/release/moc_BrowseResult.cpp
g++ -c -pipe -std=c++0x -O2 -fPIC -frtti -Wall -Wno-parentheses -D_REENTRANT -DREMOTECORECONTROLLER_LIBRARY -DQT_NO_DEBUG -DQT_NETWORK_LIB -DQT_CORE_LIB -I. -I. -I.. -I../.. -I../../Libs/qtservice/src -I/usr/include/x86_64-linux-gnu/qt5 -I/usr/include/x86_64-linux-gnu/qt5/QtNetwork -I/usr/include/x86_64-linux-gnu/qt5/QtCore -I.tmp/release -I/usr/lib/x86_64-linux-gnu/qt5/mkspecs/linux-g++ -o .tmp/release/moc_BrowseResult.o .tmp/release/moc_BrowseResult.cpp
/usr/lib/qt5/bin/moc -DREMOTECORECONTROLLER_LIBRARY -DQT_NO_DEBUG -DQT_NETWORK_LIB -DQT_CORE_LIB --include /workspaces/D-LAN/application/Common/RemoteCoreController/.tmp/release/moc_predefs.h -I/usr/lib/x86_64-linux-gnu/qt5/mkspecs/linux-g++ -I/workspaces/D-LAN/application/Common/RemoteCoreController -I/workspaces/D-LAN/application/Common/RemoteCoreController -I/workspaces/D-LAN/application/Common -I/workspaces/D-LAN/application -I/workspaces/D-LAN/application/Libs/qtservice/src -I/usr/include/x86_64-linux-gnu/qt5 -I/usr/include/x86_64-linux-gnu/qt5/QtNetwork -I/usr/include/x86_64-linux-gnu/qt5/QtCore -I/usr/include/c++/13 -I/usr/include/x86_64-linux-gnu/c++/13 -I/usr/include/c++/13/backward -I/usr/lib/gcc/x86_64-linux-gnu/13/include -I/usr/local/include -I/usr/include/x86_64-linux-gnu -I/usr/include ISearchResult.h -o .tmp/release/moc_ISearchResult.cpp
g++ -c -pipe -std=c++0x -O2 -fPIC -frtti -Wall -Wno-parentheses -D_REENTRANT -DREMOTECORECONTROLLER_LIBRARY -DQT_NO_DEBUG -DQT_NETWORK_LIB -DQT_CORE_LIB -I. -I. -I.. -I../.. -I../../Libs/qtservice/src -I/usr/include/x86_64-linux-gnu/qt5 -I/usr/include/x86_64-linux-gnu/qt5/QtNetwork -I/usr/include/x86_64-linux-gnu/qt5/QtCore -I.tmp/release -I/usr/lib/x86_64-linux-gnu/qt5/mkspecs/linux-g++ -o .tmp/release/moc_ISearchResult.o .tmp/release/moc_ISearchResult.cpp
/usr/lib/qt5/bin/moc -DREMOTECORECONTROLLER_LIBRARY -DQT_NO_DEBUG -DQT_NETWORK_LIB -DQT_CORE_LIB --include /workspaces/D-LAN/application/Common/RemoteCoreController/.tmp/release/moc_predefs.h -I/usr/lib/x86_64-linux-gnu/qt5/mkspecs/linux-g++ -I/workspaces/D-LAN/application/Common/RemoteCoreController -I/workspaces/D-LAN/application/Common/RemoteCoreController -I/workspaces/D-LAN/application/Common -I/workspaces/D-LAN/application -I/workspaces/D-LAN/application/Libs/qtservice/src -I/usr/include/x86_64-linux-gnu/qt5 -I/usr/include/x86_64-linux-gnu/qt5/QtNetwork -I/usr/include/x86_64-linux-gnu/qt5/QtCore -I/usr/include/c++/13 -I/usr/include/x86_64-linux-gnu/c++/13 -I/usr/include/c++/13/backward -I/usr/lib/gcc/x86_64-linux-gnu/13/include -I/usr/local/include -I/usr/include/x86_64-linux-gnu -I/usr/include IBrowseResult.h -o .tmp/release/moc_IBrowseResult.cpp
g++ -c -pipe -std=c++0x -O2 -fPIC -frtti -Wall -Wno-parentheses -D_REENTRANT -DREMOTECORECONTROLLER_LIBRARY -DQT_NO_DEBUG -DQT_NETWORK_LIB -DQT_CORE_LIB -I. -I. -I.. -I../.. -I../../Libs/qtservice/src -I/usr/include/x86_64-linux-gnu/qt5 -I/usr/include/x86_64-linux-gnu/qt5/QtNetwork -I/usr/include/x86_64-linux-gnu/qt5/QtCore -I.tmp/release -I/usr/lib/x86_64-linux-gnu/qt5/mkspecs/linux-g++ -o .tmp/release/moc_IBrowseResult.o .tmp/release/moc_IBrowseResult.cpp
/usr/lib/qt5/bin/moc -DREMOTECORECONTROLLER_LIBRARY -DQT_NO_DEBUG -DQT_NETWORK_LIB -DQT_CORE_LIB --include /workspaces/D-LAN/application/Common/RemoteCoreController/.tmp/release/moc_predefs.h -I/usr/lib/x86_64-linux-gnu/qt5/mkspecs/linux-g++ -I/workspaces/D-LAN/application/Common/RemoteCoreController -I/workspaces/D-LAN/application/Common/RemoteCoreController -I/workspaces/D-LAN/application/Common -I/workspaces/D-LAN/application -I/workspaces/D-LAN/application/Libs/qtservice/src -I/usr/include/x86_64-linux-gnu/qt5 -I/usr/include/x86_64-linux-gnu/qt5/QtNetwork -I/usr/include/x86_64-linux-gnu/qt5/QtCore -I/usr/include/c++/13 -I/usr/include/x86_64-linux-gnu/c++/13 -I/usr/include/c++/13/backward -I/usr/lib/gcc/x86_64-linux-gnu/13/include -I/usr/local/include -I/usr/include/x86_64-linux-gnu -I/usr/include ICoreConnection.h -o .tmp/release/moc_ICoreConnection.cpp
g++ -c -pipe -std=c++0x -O2 -fPIC -frtti -Wall -Wno-parentheses -D_REENTRANT -DREMOTECORECONTROLLER_LIBRARY -DQT_NO_DEBUG -DQT_NETWORK_LIB -DQT_CORE_LIB -I. -I. -I.. -I../.. -I../../Libs/qtservice/src -I/usr/include/x86_64-linux-gnu/qt5 -I/usr/include/x86_64-linux-gnu/qt5/QtNetwork -I/usr/include/x86_64-linux-gnu/qt5/QtCore -I.tmp/release -I/usr/lib/x86_64-linux-gnu/qt5/mkspecs/linux-g++ -o .tmp/release/moc_ICoreConnection.o .tmp/release/moc_ICoreConnection.cpp
/usr/lib/qt5/bin/moc -DREMOTECORECONTROLLER_LIBRARY -DQT_NO_DEBUG -DQT_NETWORK_LIB -DQT_CORE_LIB --include /workspaces/D-LAN/application/Common/RemoteCoreController/.tmp/release/moc_predefs.h -I/usr/lib/x86_64-linux-gnu/qt5/mkspecs/linux-g++ -I/workspaces/D-LAN/application/Common/RemoteCoreController -I/workspaces/D-LAN/application/Common/RemoteCoreController -I/workspaces/D-LAN/application/Common -I/workspaces/D-LAN/application -I/workspaces/D-LAN/application/Libs/qtservice/src -I/usr/include/x86_64-linux-gnu/qt5 -I/usr/include/x86_64-linux-gnu/qt5/QtNetwork -I/usr/include/x86_64-linux-gnu/qt5/QtCore -I/usr/include/c++/13 -I/usr/include/x86_64-linux-gnu/c++/13 -I/usr/include/c++/13/backward -I/usr/lib/gcc/x86_64-linux-gnu/13/include -I/usr/local/include -I/usr/include/x86_64-linux-gnu -I/usr/include priv/CoreController.h -o .tmp/release/moc_CoreController.cpp
g++ -c -pipe -std=c++0x -O2 -fPIC -frtti -Wall -Wno-parentheses -D_REENTRANT -DREMOTECORECONTROLLER_LIBRARY -DQT_NO_DEBUG -DQT_NETWORK_LIB -DQT_CORE_LIB -I. -I. -I.. -I../.. -I../../Libs/qtservice/src -I/usr/include/x86_64-linux-gnu/qt5 -I/usr/include/x86_64-linux-gnu/qt5/QtNetwork -I/usr/include/x86_64-linux-gnu/qt5/QtCore -I.tmp/release -I/usr/lib/x86_64-linux-gnu/qt5/mkspecs/linux-g++ -o .tmp/release/moc_CoreController.o .tmp/release/moc_CoreController.cpp
/usr/lib/qt5/bin/moc -DREMOTECORECONTROLLER_LIBRARY -DQT_NO_DEBUG -DQT_NETWORK_LIB -DQT_CORE_LIB --include /workspaces/D-LAN/application/Common/RemoteCoreController/.tmp/release/moc_predefs.h -I/usr/lib/x86_64-linux-gnu/qt5/mkspecs/linux-g++ -I/workspaces/D-LAN/application/Common/RemoteCoreController -I/workspaces/D-LAN/application/Common/RemoteCoreController -I/workspaces/D-LAN/application/Common -I/workspaces/D-LAN/application -I/workspaces/D-LAN/application/Libs/qtservice/src -I/usr/include/x86_64-linux-gnu/qt5 -I/usr/include/x86_64-linux-gnu/qt5/QtNetwork -I/usr/include/x86_64-linux-gnu/qt5/QtCore -I/usr/include/c++/13 -I/usr/include/x86_64-linux-gnu/c++/13 -I/usr/include/c++/13/backward -I/usr/lib/gcc/x86_64-linux-gnu/13/include -I/usr/local/include -I/usr/include/x86_64-linux-gnu -I/usr/include priv/InternalCoreConnection.h -o .tmp/release/moc_InternalCoreConnection.cpp
g++ -c -pipe -std=c++0x -O2 -fPIC -frtti -Wall -Wno-parentheses -D_REENTRANT -DREMOTECORECONTROLLER_LIBRARY -DQT_NO_DEBUG -DQT_NETWORK_LIB -DQT_CORE_LIB -I. -I. -I.. -I../.. -I../../Libs/qtservice/src -I/usr/include/x86_64-linux-gnu/qt5 -I/usr/include/x86_64-linux-gnu/qt5/QtNetwork -I/usr/include/x86_64-linux-gnu/qt5/QtCore -I.tmp/release -I/usr/lib/x86_64-linux-gnu/qt5/mkspecs/linux-g++ -o .tmp/release/moc_InternalCoreConnection.o .tmp/release/moc_InternalCoreConnection.cpp
rm -f output/release/libRemoteCoreController.a
ar cqs output/release/libRemoteCoreController.a .tmp/release/qtservice.o .tmp/release/qtservice_unix.o .tmp/release/qtunixsocket.o .tmp/release/qtunixserversocket.o .tmp/release/Builder.o .tmp/release/SearchResult.o .tmp/release/CoreConnection.o .tmp/release/BrowseResult.o .tmp/release/common.pb.o .tmp/release/CoreController.o .tmp/release/gui_protocol.pb.o .tmp/release/Log.o .tmp/release/InternalCoreConnection.o .tmp/release/moc_qtunixsocket.o .tmp/release/moc_qtunixserversocket.o .tmp/release/moc_SearchResult.o .tmp/release/moc_CoreConnection.o .tmp/release/moc_BrowseResult.o .tmp/release/moc_ISearchResult.o .tmp/release/moc_IBrowseResult.o .tmp/release/moc_ICoreConnection.o .tmp/release/moc_CoreController.o .tmp/release/moc_InternalCoreConnection.o
make: Leaving directory '/workspaces/D-LAN/application/Common/RemoteCoreController'
/workspaces/D-LAN/application
/workspaces/D-LAN/application /workspaces/D-LAN/application
Compiling FileManager..
make: Entering directory '/workspaces/D-LAN/application/Core/FileManager'
rm -f .tmp/release/moc_predefs.h
rm -f .tmp/release/moc_IGetHashesResult.cpp .tmp/release/moc_IFileManager.cpp .tmp/release/moc_FileManager.cpp .tmp/release/moc_FileUpdater.cpp .tmp/release/moc_Cache.cpp .tmp/release/moc_GetHashesResult.cpp .tmp/release/moc_FilePool.cpp .tmp/release/moc_FileHasher.cpp .tmp/release/moc_IGetEntriesResult.cpp .tmp/release/moc_GetEntriesResult.cpp
rm -f .tmp/release/WaitConditionLinux.o .tmp/release/DirWatcherLinux.o .tmp/release/Builder.o .tmp/release/FileManager.o .tmp/release/FileUpdater.o .tmp/release/DirWatcher.o .tmp/release/Entry.o .tmp/release/File.o .tmp/release/Directory.o .tmp/release/SharedDirectory.o .tmp/release/Chunks.o .tmp/release/core_protocol.pb.o .tmp/release/common.pb.o .tmp/release/Chunk.o .tmp/release/DataReader.o .tmp/release/DataWriter.o .tmp/release/Cache.o .tmp/release/files_cache.pb.o .tmp/release/WaitCondition.o .tmp/release/GetHashesResult.o .tmp/release/Log.o .tmp/release/Global.o .tmp/release/FilePool.o .tmp/release/FileHasher.o .tmp/release/GetEntriesResult.o .tmp/release/moc_IGetHashesResult.o .tmp/release/moc_IFileManager.o .tmp/release/moc_FileManager.o .tmp/release/moc_FileUpdater.o .tmp/release/moc_Cache.o .tmp/release/moc_GetHashesResult.o .tmp/release/moc_FilePool.o .tmp/release/moc_FileHasher.o .tmp/release/moc_IGetEntriesResult.o .tmp/release/moc_GetEntriesResult.o
rm -f *~ core *.core
make: Leaving directory '/workspaces/D-LAN/application/Core/FileManager'
make: Entering directory '/workspaces/D-LAN/application/Core/FileManager'
g++ -c -pipe -std=c++0x -O2 -fPIC -frtti -Wall -Wno-parentheses -D_REENTRANT -DFILEMANAGER_LIBRARY -DQT_NO_DEBUG -DQT_NETWORK_LIB -DQT_CORE_LIB -I. -I. -I../.. -I/usr/include/x86_64-linux-gnu/qt5 -I/usr/include/x86_64-linux-gnu/qt5/QtNetwork -I/usr/include/x86_64-linux-gnu/qt5/QtCore -I.tmp/release -I/usr/lib/x86_64-linux-gnu/qt5/mkspecs/linux-g++ -o .tmp/release/WaitConditionLinux.o priv/FileUpdater/WaitConditionLinux.cpp
priv/FileUpdater/WaitConditionLinux.cpp: In member function ‘virtual void FM::WaitConditionLinux::release()’:
priv/FileUpdater/WaitConditionLinux.cpp:56:9: warning: ignoring return value of ‘ssize_t write(int, const void*, size_t)’ declared with attribute ‘warn_unused_result’ [-Wunused-result]
   56 |    write(this->pfd[1], "",1);
      |    ~~~~~^~~~~~~~~~~~~~~~~~~~
g++ -c -pipe -std=c++0x -O2 -fPIC -frtti -Wall -Wno-parentheses -D_REENTRANT -DFILEMANAGER_LIBRARY -DQT_NO_DEBUG -DQT_NETWORK_LIB -DQT_CORE_LIB -I. -I. -I../.. -I/usr/include/x86_64-linux-gnu/qt5 -I/usr/include/x86_64-linux-gnu/qt5/QtNetwork -I/usr/include/x86_64-linux-gnu/qt5/QtCore -I.tmp/release -I/usr/lib/x86_64-linux-gnu/qt5/mkspecs/linux-g++ -o .tmp/release/DirWatcherLinux.o priv/FileUpdater/DirWatcherLinux.cpp
priv/FileUpdater/DirWatcherLinux.cpp: In member function ‘virtual const QList<FM::WatcherEvent> FM::DirWatcherLinux::waitEvent(int, QList<FM::WaitCondition*>)’:
priv/FileUpdater/DirWatcherLinux.cpp:276:51: warning: comparison between two arrays [-Warray-compare]
  276 |                   if (movedDir && fromEvent->name != event->name)
      |                                   ~~~~~~~~~~~~~~~~^~~~~~~~~~~~~~
priv/FileUpdater/DirWatcherLinux.cpp:276:51: note: use unary ‘+’ which decays operands to pointers or ‘&(fromEvent->inotify_event::name)[0] != &(event->inotify_event::name)[0]’ to compare the addresses
g++ -c -pipe -std=c++0x -O2 -fPIC -frtti -Wall -Wno-parentheses -D_REENTRANT -DFILEMANAGER_LIBRARY -DQT_NO_DEBUG -DQT_NETWORK_LIB -DQT_CORE_LIB -I. -I. -I../.. -I/usr/include/x86_64-linux-gnu/qt5 -I/usr/include/x86_64-linux-gnu/qt5/QtNetwork -I/usr/include/x86_64-linux-gnu/qt5/QtCore -I.tmp/release -I/usr/lib/x86_64-linux-gnu/qt5/mkspecs/linux-g++ -o .tmp/release/Builder.o priv/Builder.cpp
In file included from ./priv/Cache/Directory.h:31,
                 from ./priv/Cache/SharedDirectory.h:25,
                 from ./priv/Cache/Cache.h:36,
                 from ./priv/FileManager.h:37,
                 from priv/Builder.cpp:23:
../../Common/SortedList.h:48:20: warning: ‘template<class T> class QLinkedList’ is deprecated: Use std::list instead [-Wdeprecated-declarations]
   48 |       inline const QLinkedList<T>& getList() const { return this->list; }
      |                    ^~~~~~~~~~~
In file included from /usr/include/x86_64-linux-gnu/qt5/QtCore/qvarlengtharray.h:43,
                 from /usr/include/x86_64-linux-gnu/qt5/QtCore/qmetatype.h:48,
                 from /usr/include/x86_64-linux-gnu/qt5/QtCore/qobject.h:54,
                 from /usr/include/x86_64-linux-gnu/qt5/QtCore/qsharedpointer_impl.h:65,
                 from /usr/include/x86_64-linux-gnu/qt5/QtCore/qsharedpointer.h:48,
                 from /usr/include/x86_64-linux-gnu/qt5/QtCore/QSharedPointer:1,
                 from ./Builder.h:22,
                 from priv/Builder.cpp:19:
/usr/include/x86_64-linux-gnu/qt5/QtCore/qcontainerfwd.h:51:26: note: declared here
   51 | template <class T> class QLinkedList;
      |                          ^~~~~~~~~~~
../../Common/SortedList.h:52:7: warning: ‘template<class T> class QLinkedList’ is deprecated: Use std::list instead [-Wdeprecated-declarations]
   52 |       QLinkedList<T> list;
      |       ^~~~~~~~~~~
/usr/include/x86_64-linux-gnu/qt5/QtCore/qcontainerfwd.h:51:26: note: declared here
   51 | template <class T> class QLinkedList;
      |                          ^~~~~~~~~~~
./priv/Cache/Directory.h:75:7: warning: ‘template<class T> class QLinkedList’ is deprecated: Use std::list instead [-Wdeprecated-declarations]
   75 |       QLinkedList<Directory*> getSubDirs() const;
      |       ^~~~~~~~~~~
/usr/include/x86_64-linux-gnu/qt5/QtCore/qcontainerfwd.h:51:26: note: declared here
   51 | template <class T> class QLinkedList;
      |                          ^~~~~~~~~~~
./priv/Cache/Directory.h:77:7: warning: ‘template<class T> class QLinkedList’ is deprecated: Use std::list instead [-Wdeprecated-declarations]
   77 |       QLinkedList<File*> getFiles() const;
      |       ^~~~~~~~~~~
/usr/include/x86_64-linux-gnu/qt5/QtCore/qcontainerfwd.h:51:26: note: declared here
   51 | template <class T> class QLinkedList;
      |                          ^~~~~~~~~~~
./priv/Cache/Directory.h:124:7: warning: ‘template<class T> class QLinkedList’ is deprecated: Use std::list instead [-Wdeprecated-declarations]
  124 |       QLinkedList<Directory*> dirsToVisit;
      |       ^~~~~~~~~~~
/usr/include/x86_64-linux-gnu/qt5/QtCore/qcontainerfwd.h:51:26: note: declared here
   51 | template <class T> class QLinkedList;
      |                          ^~~~~~~~~~~
g++ -c -pipe -std=c++0x -O2 -fPIC -frtti -Wall -Wno-parentheses -D_REENTRANT -DFILEMANAGER_LIBRARY -DQT_NO_DEBUG -DQT_NETWORK_LIB -DQT_CORE_LIB -I. -I. -I../.. -I/usr/include/x86_64-linux-gnu/qt5 -I/usr/include/x86_64-linux-gnu/qt5/QtNetwork -I/usr/include/x86_64-linux-gnu/qt5/QtCore -I.tmp/release -I/usr/lib/x86_64-linux-gnu/qt5/mkspecs/linux-g++ -o .tmp/release/FileManager.o priv/FileManager.cpp
In file included from ./priv/Cache/Directory.h:31,
                 from ./priv/Cache/SharedDirectory.h:25,
                 from ./priv/Cache/Cache.h:36,
                 from ./priv/FileManager.h:37,
                 from priv/FileManager.cpp:19:
../../Common/SortedList.h:48:20: warning: ‘template<class T> class QLinkedList’ is deprecated: Use std::list instead [-Wdeprecated-declarations]
   48 |       inline const QLinkedList<T>& getList() const { return this->list; }
      |                    ^~~~~~~~~~~
In file included from /usr/include/x86_64-linux-gnu/qt5/QtCore/qvarlengtharray.h:43,
                 from /usr/include/x86_64-linux-gnu/qt5/QtCore/qmetatype.h:48,
                 from /usr/include/x86_64-linux-gnu/qt5/QtCore/qobject.h:54,
                 from /usr/include/x86_64-linux-gnu/qt5/QtCore/QObject:1,
                 from ./priv/FileManager.h:22:
/usr/include/x86_64-linux-gnu/qt5/QtCore/qcontainerfwd.h:51:26: note: declared here
   51 | template <class T> class QLinkedList;
      |                          ^~~~~~~~~~~
../../Common/SortedList.h:52:7: warning: ‘template<class T> class QLinkedList’ is deprecated: Use std::list instead [-Wdeprecated-declarations]
   52 |       QLinkedList<T> list;
      |       ^~~~~~~~~~~
/usr/include/x86_64-linux-gnu/qt5/QtCore/qcontainerfwd.h:51:26: note: declared here
   51 | template <class T> class QLinkedList;
      |                          ^~~~~~~~~~~
./priv/Cache/Directory.h:75:7: warning: ‘template<class T> class QLinkedList’ is deprecated: Use std::list instead [-Wdeprecated-declarations]
   75 |       QLinkedList<Directory*> getSubDirs() const;
      |       ^~~~~~~~~~~
/usr/include/x86_64-linux-gnu/qt5/QtCore/qcontainerfwd.h:51:26: note: declared here
   51 | template <class T> class QLinkedList;
      |                          ^~~~~~~~~~~
./priv/Cache/Directory.h:77:7: warning: ‘template<class T> class QLinkedList’ is deprecated: Use std::list instead [-Wdeprecated-declarations]
   77 |       QLinkedList<File*> getFiles() const;
      |       ^~~~~~~~~~~
/usr/include/x86_64-linux-gnu/qt5/QtCore/qcontainerfwd.h:51:26: note: declared here
   51 | template <class T> class QLinkedList;
      |                          ^~~~~~~~~~~
./priv/Cache/Directory.h:124:7: warning: ‘template<class T> class QLinkedList’ is deprecated: Use std::list instead [-Wdeprecated-declarations]
  124 |       QLinkedList<Directory*> dirsToVisit;
      |       ^~~~~~~~~~~
/usr/include/x86_64-linux-gnu/qt5/QtCore/qcontainerfwd.h:51:26: note: declared here
   51 | template <class T> class QLinkedList;
      |                          ^~~~~~~~~~~
priv/FileManager.cpp: In member function ‘virtual QList<Protos::Common::FindResult> FM::FileManager::find(const QString&, int, int)’:
priv/FileManager.cpp:197:66: warning: ‘int google::protobuf::MessageLite::ByteSize() const’ is deprecated: Please use ByteSizeLong() instead [-Wdeprecated-declarations]
  197 |    const int EMPTY_FIND_RESULT_SIZE = findResults.last().ByteSize();
      |                                       ~~~~~~~~~~~~~~~~~~~~~~~~~~~^~
In file included from /usr/include/google/protobuf/any.h:38,
                 from /usr/include/google/protobuf/generated_message_util.h:52,
                 from /usr/include/google/protobuf/generated_message_bases.h:40,
                 from ../../Protos/common.pb.h:26,
                 from ./priv/FileManager.h:29:
/usr/include/google/protobuf/message_lite.h:381:7: note: declared here
  381 |   int ByteSize() const { return internal::ToIntSize(ByteSizeLong()); }
      |       ^~~~~~~~
priv/FileManager.cpp:208:53: warning: ‘int google::protobuf::MessageLite::ByteSize() const’ is deprecated: Please use ByteSizeLong() instead [-Wdeprecated-declarations]
  208 |       const int entryByteSize = entryLevel->ByteSize() + 8; // Each entry take a bit of memory overhead . . . (Value found in an empiric way . . .).
      |                                 ~~~~~~~~~~~~~~~~~~~~^~
/usr/include/google/protobuf/message_lite.h:381:7: note: declared here
  381 |   int ByteSize() const { return internal::ToIntSize(ByteSizeLong()); }
      |       ^~~~~~~~
In file included from ./priv/FileManager.h:40:
./priv/WordIndex/WordIndex.h: In instantiation of ‘QList<FM::NodeResult<T> > FM::WordIndex<T>::search(const QStringList&, int) const [with T = FM::Entry*]’:
priv/FileManager.cpp:191:61:   required from here
./priv/WordIndex/WordIndex.h:156:76: warning: ‘QSet<T> QList<T>::toSet() const [with T = FM::NodeResult<FM::Entry*>]’ is deprecated: Use QSet<T>(list.begin(), list.end()) instead. [-Wdeprecated-declarations]
  156 |       results[i] += this->search(words[i], N == 1 ? maxNbResult : -1).toSet();
      |                     ~~~~~~~~~~~~~~~~~~~~~~~~~~~~~~~~~~~~~~~~~~~~~~~~~~~~~~~^~
In file included from /usr/include/x86_64-linux-gnu/qt5/QtCore/QSet:1,
                 from ./priv/WordIndex/Node.h:23,
                 from ./priv/WordIndex/WordIndex.h:31:
/usr/include/x86_64-linux-gnu/qt5/QtCore/qset.h:406:30: note: declared here
  406 | Q_OUTOFLINE_TEMPLATE QSet<T> QList<T>::toSet() const
      |                              ^~~~~~~~
./priv/WordIndex/WordIndex.h:205:47: warning: ‘QList<T> QSet<T>::toList() const [with T = FM::NodeResult<FM::Entry*>]’ is deprecated: Use values() instead. [-Wdeprecated-declarations]
  205 |          nodesToSort << currentLevelSet.toList();
      |                         ~~~~~~~~~~~~~~~~~~~~~~^~
/usr/include/x86_64-linux-gnu/qt5/QtCore/qset.h:265:14: note: declared here
  265 |     QList<T> toList() const { return values(); }
      |              ^~~~~~
./priv/WordIndex/WordIndex.h:220:12: warning: ‘void qSort(Container&) [with Container = QList<FM::NodeResult<FM::Entry*> >]’ is deprecated: Use std::sort [-Wdeprecated-declarations]
  220 |       qSort(nodesToSort); // Sort by level
      |       ~~~~~^~~~~~~~~~~~~
In file included from /usr/include/x86_64-linux-gnu/qt5/QtCore/qlist.h:43,
                 from /usr/include/x86_64-linux-gnu/qt5/QtCore/qobject.h:49:
/usr/include/x86_64-linux-gnu/qt5/QtCore/qalgorithms.h:188:46: note: declared here
  188 | QT_DEPRECATED_X("Use std::sort") inline void qSort(Container &c)
      |                                              ^~~~~
g++ -c -pipe -std=c++0x -O2 -fPIC -frtti -Wall -Wno-parentheses -D_REENTRANT -DFILEMANAGER_LIBRARY -DQT_NO_DEBUG -DQT_NETWORK_LIB -DQT_CORE_LIB -I. -I. -I../.. -I/usr/include/x86_64-linux-gnu/qt5 -I/usr/include/x86_64-linux-gnu/qt5/QtNetwork -I/usr/include/x86_64-linux-gnu/qt5/QtCore -I.tmp/release -I/usr/lib/x86_64-linux-gnu/qt5/mkspecs/linux-g++ -o .tmp/release/FileUpdater.o priv/FileUpdater/FileUpdater.cpp
In file included from ./priv/Cache/Directory.h:31,
                 from ./priv/Cache/SharedDirectory.h:25,
                 from ./priv/Cache/Cache.h:36,
                 from ./priv/FileManager.h:37,
                 from priv/FileUpdater/FileUpdater.cpp:33:
../../Common/SortedList.h:48:20: warning: ‘template<class T> class QLinkedList’ is deprecated: Use std::list instead [-Wdeprecated-declarations]
   48 |       inline const QLinkedList<T>& getList() const { return this->list; }
      |                    ^~~~~~~~~~~
In file included from /usr/include/x86_64-linux-gnu/qt5/QtCore/qvarlengtharray.h:43,
                 from /usr/include/x86_64-linux-gnu/qt5/QtCore/qmetatype.h:48,
                 from /usr/include/x86_64-linux-gnu/qt5/QtCore/qobject.h:54,
                 from /usr/include/x86_64-linux-gnu/qt5/QtCore/qthread.h:44,
                 from /usr/include/x86_64-linux-gnu/qt5/QtCore/QThread:1,
                 from ./priv/FileUpdater/FileUpdater.h:22,
                 from priv/FileUpdater/FileUpdater.cpp:19:
/usr/include/x86_64-linux-gnu/qt5/QtCore/qcontainerfwd.h:51:26: note: declared here
   51 | template <class T> class QLinkedList;
      |                          ^~~~~~~~~~~
../../Common/SortedList.h:52:7: warning: ‘template<class T> class QLinkedList’ is deprecated: Use std::list instead [-Wdeprecated-declarations]
   52 |       QLinkedList<T> list;
      |       ^~~~~~~~~~~
/usr/include/x86_64-linux-gnu/qt5/QtCore/qcontainerfwd.h:51:26: note: declared here
   51 | template <class T> class QLinkedList;
      |                          ^~~~~~~~~~~
./priv/Cache/Directory.h:75:7: warning: ‘template<class T> class QLinkedList’ is deprecated: Use std::list instead [-Wdeprecated-declarations]
   75 |       QLinkedList<Directory*> getSubDirs() const;
      |       ^~~~~~~~~~~
/usr/include/x86_64-linux-gnu/qt5/QtCore/qcontainerfwd.h:51:26: note: declared here
   51 | template <class T> class QLinkedList;
      |                          ^~~~~~~~~~~
./priv/Cache/Directory.h:77:7: warning: ‘template<class T> class QLinkedList’ is deprecated: Use std::list instead [-Wdeprecated-declarations]
   77 |       QLinkedList<File*> getFiles() const;
      |       ^~~~~~~~~~~
/usr/include/x86_64-linux-gnu/qt5/QtCore/qcontainerfwd.h:51:26: note: declared here
   51 | template <class T> class QLinkedList;
      |                          ^~~~~~~~~~~
./priv/Cache/Directory.h:124:7: warning: ‘template<class T> class QLinkedList’ is deprecated: Use std::list instead [-Wdeprecated-declarations]
  124 |       QLinkedList<Directory*> dirsToVisit;
      |       ^~~~~~~~~~~
/usr/include/x86_64-linux-gnu/qt5/QtCore/qcontainerfwd.h:51:26: note: declared here
   51 | template <class T> class QLinkedList;
      |                          ^~~~~~~~~~~
priv/FileUpdater/FileUpdater.cpp: In member function ‘void FM::FileUpdater::scan(FM::Directory*, bool)’:
priv/FileUpdater/FileUpdater.cpp:437:4: warning: ‘template<class T> class QLinkedList’ is deprecated: Use std::list instead [-Wdeprecated-declarations]
  437 |    QLinkedList<Directory*> dirsToVisit;
      |    ^~~~~~~~~~~
/usr/include/x86_64-linux-gnu/qt5/QtCore/qcontainerfwd.h:51:26: note: declared here
   51 | template <class T> class QLinkedList;
      |                          ^~~~~~~~~~~
priv/FileUpdater/FileUpdater.cpp:444:7: warning: ‘template<class T> class QLinkedList’ is deprecated: Use std::list instead [-Wdeprecated-declarations]
  444 |       QLinkedList<Directory*> currentSubDirs = currentDir->getSubDirs();
      |       ^~~~~~~~~~~
/usr/include/x86_64-linux-gnu/qt5/QtCore/qcontainerfwd.h:51:26: note: declared here
   51 | template <class T> class QLinkedList;
      |                          ^~~~~~~~~~~
priv/FileUpdater/FileUpdater.cpp: In member function ‘void FM::FileUpdater::restoreFromFileCache(FM::SharedDirectory*)’:
priv/FileUpdater/FileUpdater.cpp:645:136: warning: ‘QSet<T> QList<T>::toSet() const [with T = FM::File*]’ is deprecated: Use QSet<T>(list.begin(), list.end()) instead. [-Wdeprecated-declarations]
  645 |          QSet<File*> filesWithHashes = dir->restoreFromFileCache(this->fileCacheInformation->getFileCache()->shareddir(i).root()).toSet();
      |                                        ~~~~~~~~~~~~~~~~~~~~~~~~~~~~~~~~~~~~~~~~~~~~~~~~~~~~~~~~~~~~~~~~~~~~~~~~~~~~~~~~~~~~~~~~~~~~~~~~^~
In file included from /usr/include/x86_64-linux-gnu/qt5/QtCore/qobject.h:49:
/usr/include/x86_64-linux-gnu/qt5/QtCore/qlist.h:413:13: note: declared here
  413 |     QSet<T> toSet() const;
      |             ^~~~~
g++ -c -pipe -std=c++0x -O2 -fPIC -frtti -Wall -Wno-parentheses -D_REENTRANT -DFILEMANAGER_LIBRARY -DQT_NO_DEBUG -DQT_NETWORK_LIB -DQT_CORE_LIB -I. -I. -I../.. -I/usr/include/x86_64-linux-gnu/qt5 -I/usr/include/x86_64-linux-gnu/qt5/QtNetwork -I/usr/include/x86_64-linux-gnu/qt5/QtCore -I.tmp/release -I/usr/lib/x86_64-linux-gnu/qt5/mkspecs/linux-g++ -o .tmp/release/DirWatcher.o priv/FileUpdater/DirWatcher.cpp
g++ -c -pipe -std=c++0x -O2 -fPIC -frtti -Wall -Wno-parentheses -D_REENTRANT -DFILEMANAGER_LIBRARY -DQT_NO_DEBUG -DQT_NETWORK_LIB -DQT_CORE_LIB -I. -I. -I../.. -I/usr/include/x86_64-linux-gnu/qt5 -I/usr/include/x86_64-linux-gnu/qt5/QtNetwork -I/usr/include/x86_64-linux-gnu/qt5/QtCore -I.tmp/release -I/usr/lib/x86_64-linux-gnu/qt5/mkspecs/linux-g++ -o .tmp/release/Entry.o priv/Cache/Entry.cpp
In file included from ./priv/Cache/Directory.h:31,
                 from ./priv/Cache/SharedDirectory.h:25,
                 from ./priv/Cache/Cache.h:36,
                 from ./priv/FileManager.h:37,
                 from priv/Cache/Entry.cpp:26:
../../Common/SortedList.h:48:20: warning: ‘template<class T> class QLinkedList’ is deprecated: Use std::list instead [-Wdeprecated-declarations]
   48 |       inline const QLinkedList<T>& getList() const { return this->list; }
      |                    ^~~~~~~~~~~
In file included from /usr/include/x86_64-linux-gnu/qt5/QtCore/qvarlengtharray.h:43,
                 from /usr/include/x86_64-linux-gnu/qt5/QtCore/qmetatype.h:48,
                 from /usr/include/x86_64-linux-gnu/qt5/QtCore/qvariant.h:46,
                 from /usr/include/x86_64-linux-gnu/qt5/QtCore/qlocale.h:43,
                 from /usr/include/x86_64-linux-gnu/qt5/QtCore/QLocale:1,
                 from ../../Common/ProtoHelper.h:23,
                 from priv/Cache/Entry.cpp:22:
/usr/include/x86_64-linux-gnu/qt5/QtCore/qcontainerfwd.h:51:26: note: declared here
   51 | template <class T> class QLinkedList;
      |                          ^~~~~~~~~~~
../../Common/SortedList.h:52:7: warning: ‘template<class T> class QLinkedList’ is deprecated: Use std::list instead [-Wdeprecated-declarations]
   52 |       QLinkedList<T> list;
      |       ^~~~~~~~~~~
/usr/include/x86_64-linux-gnu/qt5/QtCore/qcontainerfwd.h:51:26: note: declared here
   51 | template <class T> class QLinkedList;
      |                          ^~~~~~~~~~~
./priv/Cache/Directory.h:75:7: warning: ‘template<class T> class QLinkedList’ is deprecated: Use std::list instead [-Wdeprecated-declarations]
   75 |       QLinkedList<Directory*> getSubDirs() const;
      |       ^~~~~~~~~~~
/usr/include/x86_64-linux-gnu/qt5/QtCore/qcontainerfwd.h:51:26: note: declared here
   51 | template <class T> class QLinkedList;
      |                          ^~~~~~~~~~~
./priv/Cache/Directory.h:77:7: warning: ‘template<class T> class QLinkedList’ is deprecated: Use std::list instead [-Wdeprecated-declarations]
   77 |       QLinkedList<File*> getFiles() const;
      |       ^~~~~~~~~~~
/usr/include/x86_64-linux-gnu/qt5/QtCore/qcontainerfwd.h:51:26: note: declared here
   51 | template <class T> class QLinkedList;
      |                          ^~~~~~~~~~~
./priv/Cache/Directory.h:124:7: warning: ‘template<class T> class QLinkedList’ is deprecated: Use std::list instead [-Wdeprecated-declarations]
  124 |       QLinkedList<Directory*> dirsToVisit;
      |       ^~~~~~~~~~~
/usr/include/x86_64-linux-gnu/qt5/QtCore/qcontainerfwd.h:51:26: note: declared here
   51 | template <class T> class QLinkedList;
      |                          ^~~~~~~~~~~
g++ -c -pipe -std=c++0x -O2 -fPIC -frtti -Wall -Wno-parentheses -D_REENTRANT -DFILEMANAGER_LIBRARY -DQT_NO_DEBUG -DQT_NETWORK_LIB -DQT_CORE_LIB -I. -I. -I../.. -I/usr/include/x86_64-linux-gnu/qt5 -I/usr/include/x86_64-linux-gnu/qt5/QtNetwork -I/usr/include/x86_64-linux-gnu/qt5/QtCore -I.tmp/release -I/usr/lib/x86_64-linux-gnu/qt5/mkspecs/linux-g++ -o .tmp/release/File.o priv/Cache/File.cpp
In file included from ./priv/Cache/Directory.h:31,
                 from ./priv/Cache/SharedDirectory.h:25,
                 from ./priv/Cache/Cache.h:36,
                 from priv/Cache/File.cpp:40:
../../Common/SortedList.h:48:20: warning: ‘template<class T> class QLinkedList’ is deprecated: Use std::list instead [-Wdeprecated-declarations]
   48 |       inline const QLinkedList<T>& getList() const { return this->list; }
      |                    ^~~~~~~~~~~
In file included from /usr/include/x86_64-linux-gnu/qt5/QtCore/qvarlengtharray.h:43,
                 from /usr/include/x86_64-linux-gnu/qt5/QtCore/qmetatype.h:48,
                 from /usr/include/x86_64-linux-gnu/qt5/QtCore/qdeadlinetimer.h:44,
                 from /usr/include/x86_64-linux-gnu/qt5/QtCore/QDeadlineTimer:1,
                 from /usr/include/x86_64-linux-gnu/qt5/QtCore/qwaitcondition.h:43,
                 from /usr/include/x86_64-linux-gnu/qt5/QtCore/QWaitCondition:1,
                 from ./priv/Cache/File.h:26,
                 from priv/Cache/File.cpp:19:
/usr/include/x86_64-linux-gnu/qt5/QtCore/qcontainerfwd.h:51:26: note: declared here
   51 | template <class T> class QLinkedList;
      |                          ^~~~~~~~~~~
../../Common/SortedList.h:52:7: warning: ‘template<class T> class QLinkedList’ is deprecated: Use std::list instead [-Wdeprecated-declarations]
   52 |       QLinkedList<T> list;
      |       ^~~~~~~~~~~
/usr/include/x86_64-linux-gnu/qt5/QtCore/qcontainerfwd.h:51:26: note: declared here
   51 | template <class T> class QLinkedList;
      |                          ^~~~~~~~~~~
./priv/Cache/Directory.h:75:7: warning: ‘template<class T> class QLinkedList’ is deprecated: Use std::list instead [-Wdeprecated-declarations]
   75 |       QLinkedList<Directory*> getSubDirs() const;
      |       ^~~~~~~~~~~
/usr/include/x86_64-linux-gnu/qt5/QtCore/qcontainerfwd.h:51:26: note: declared here
   51 | template <class T> class QLinkedList;
      |                          ^~~~~~~~~~~
./priv/Cache/Directory.h:77:7: warning: ‘template<class T> class QLinkedList’ is deprecated: Use std::list instead [-Wdeprecated-declarations]
   77 |       QLinkedList<File*> getFiles() const;
      |       ^~~~~~~~~~~
/usr/include/x86_64-linux-gnu/qt5/QtCore/qcontainerfwd.h:51:26: note: declared here
   51 | template <class T> class QLinkedList;
      |                          ^~~~~~~~~~~
./priv/Cache/Directory.h:124:7: warning: ‘template<class T> class QLinkedList’ is deprecated: Use std::list instead [-Wdeprecated-declarations]
  124 |       QLinkedList<Directory*> dirsToVisit;
      |       ^~~~~~~~~~~
/usr/include/x86_64-linux-gnu/qt5/QtCore/qcontainerfwd.h:51:26: note: declared here
   51 | template <class T> class QLinkedList;
      |                          ^~~~~~~~~~~
g++ -c -pipe -std=c++0x -O2 -fPIC -frtti -Wall -Wno-parentheses -D_REENTRANT -DFILEMANAGER_LIBRARY -DQT_NO_DEBUG -DQT_NETWORK_LIB -DQT_CORE_LIB -I. -I. -I../.. -I/usr/include/x86_64-linux-gnu/qt5 -I/usr/include/x86_64-linux-gnu/qt5/QtNetwork -I/usr/include/x86_64-linux-gnu/qt5/QtCore -I.tmp/release -I/usr/lib/x86_64-linux-gnu/qt5/mkspecs/linux-g++ -o .tmp/release/Directory.o priv/Cache/Directory.cpp
In file included from ./priv/Cache/Directory.h:31,
                 from priv/Cache/Directory.cpp:19:
../../Common/SortedList.h:48:20: warning: ‘template<class T> class QLinkedList’ is deprecated: Use std::list instead [-Wdeprecated-declarations]
   48 |       inline const QLinkedList<T>& getList() const { return this->list; }
      |                    ^~~~~~~~~~~
In file included from /usr/include/x86_64-linux-gnu/qt5/QtCore/qvarlengtharray.h:43,
                 from /usr/include/x86_64-linux-gnu/qt5/QtCore/qmetatype.h:48,
                 from /usr/include/x86_64-linux-gnu/qt5/QtCore/qobject.h:54,
                 from /usr/include/x86_64-linux-gnu/qt5/QtCore/qiodevice.h:45,
                 from /usr/include/x86_64-linux-gnu/qt5/QtCore/qfiledevice.h:43,
                 from /usr/include/x86_64-linux-gnu/qt5/QtCore/qfile.h:44,
                 from /usr/include/x86_64-linux-gnu/qt5/QtCore/qfileinfo.h:43,
                 from /usr/include/x86_64-linux-gnu/qt5/QtCore/QFileInfo:1,
                 from ./priv/Cache/Directory.h:24:
/usr/include/x86_64-linux-gnu/qt5/QtCore/qcontainerfwd.h:51:26: note: declared here
   51 | template <class T> class QLinkedList;
      |                          ^~~~~~~~~~~
../../Common/SortedList.h:52:7: warning: ‘template<class T> class QLinkedList’ is deprecated: Use std::list instead [-Wdeprecated-declarations]
   52 |       QLinkedList<T> list;
      |       ^~~~~~~~~~~
/usr/include/x86_64-linux-gnu/qt5/QtCore/qcontainerfwd.h:51:26: note: declared here
   51 | template <class T> class QLinkedList;
      |                          ^~~~~~~~~~~
./priv/Cache/Directory.h:75:7: warning: ‘template<class T> class QLinkedList’ is deprecated: Use std::list instead [-Wdeprecated-declarations]
   75 |       QLinkedList<Directory*> getSubDirs() const;
      |       ^~~~~~~~~~~
/usr/include/x86_64-linux-gnu/qt5/QtCore/qcontainerfwd.h:51:26: note: declared here
   51 | template <class T> class QLinkedList;
      |                          ^~~~~~~~~~~
./priv/Cache/Directory.h:77:7: warning: ‘template<class T> class QLinkedList’ is deprecated: Use std::list instead [-Wdeprecated-declarations]
   77 |       QLinkedList<File*> getFiles() const;
      |       ^~~~~~~~~~~
/usr/include/x86_64-linux-gnu/qt5/QtCore/qcontainerfwd.h:51:26: note: declared here
   51 | template <class T> class QLinkedList;
      |                          ^~~~~~~~~~~
./priv/Cache/Directory.h:124:7: warning: ‘template<class T> class QLinkedList’ is deprecated: Use std::list instead [-Wdeprecated-declarations]
  124 |       QLinkedList<Directory*> dirsToVisit;
      |       ^~~~~~~~~~~
/usr/include/x86_64-linux-gnu/qt5/QtCore/qcontainerfwd.h:51:26: note: declared here
   51 | template <class T> class QLinkedList;
      |                          ^~~~~~~~~~~
priv/Cache/Directory.cpp: In member function ‘QList<FM::File*> FM::Directory::restoreFromFileCache(const Protos::FileCache::Hashes::Dir&)’:
priv/Cache/Directory.cpp:101:7: warning: ‘template<class T> class QLinkedList’ is deprecated: Use std::list instead [-Wdeprecated-declarations]
  101 |       QLinkedList<File*> filesNotInDir = this->files.getList();
      |       ^~~~~~~~~~~
/usr/include/x86_64-linux-gnu/qt5/QtCore/qcontainerfwd.h:51:26: note: declared here
   51 | template <class T> class QLinkedList;
      |                          ^~~~~~~~~~~
priv/Cache/Directory.cpp: In member function ‘void FM::Directory::populateHashesDir(Protos::FileCache::Hashes::Dir&) const’:
priv/Cache/Directory.cpp:130:4: warning: ‘template<class T> class QLinkedList’ is deprecated: Use std::list instead [-Wdeprecated-declarations]
  130 |    QLinkedList<Directory*> subDirsCopy;
      |    ^~~~~~~~~~~
/usr/include/x86_64-linux-gnu/qt5/QtCore/qcontainerfwd.h:51:26: note: declared here
   51 | template <class T> class QLinkedList;
      |                          ^~~~~~~~~~~
priv/Cache/Directory.cpp:131:4: warning: ‘template<class T> class QLinkedList’ is deprecated: Use std::list instead [-Wdeprecated-declarations]
  131 |    QLinkedList<File*> filesCopy;
      |    ^~~~~~~~~~~
/usr/include/x86_64-linux-gnu/qt5/QtCore/qcontainerfwd.h:51:26: note: declared here
   51 | template <class T> class QLinkedList;
      |                          ^~~~~~~~~~~
priv/Cache/Directory.cpp: At global scope:
priv/Cache/Directory.cpp:298:1: warning: ‘template<class T> class QLinkedList’ is deprecated: Use std::list instead [-Wdeprecated-declarations]
  298 | QLinkedList<Directory*> Directory::getSubDirs() const
      | ^~~~~~~~~~~
/usr/include/x86_64-linux-gnu/qt5/QtCore/qcontainerfwd.h:51:26: note: declared here
   51 | template <class T> class QLinkedList;
      |                          ^~~~~~~~~~~
priv/Cache/Directory.cpp:304:1: warning: ‘template<class T> class QLinkedList’ is deprecated: Use std::list instead [-Wdeprecated-declarations]
  304 | QLinkedList<File*> Directory::getFiles() const
      | ^~~~~~~~~~~
/usr/include/x86_64-linux-gnu/qt5/QtCore/qcontainerfwd.h:51:26: note: declared here
   51 | template <class T> class QLinkedList;
      |                          ^~~~~~~~~~~
In file included from /usr/include/x86_64-linux-gnu/qt5/QtCore/QLinkedList:1,
                 from ../../Common/SortedList.h:22:
In member function ‘void QLinkedList<T>::freeData(QLinkedListData*) [with T = FM::Directory*]’,
    inlined from ‘QLinkedList<T>::~QLinkedList() [with T = FM::Directory*]’ at /usr/include/x86_64-linux-gnu/qt5/QtCore/qlinkedlist.h:301:17,
    inlined from ‘QLinkedList<T>::~QLinkedList() [with T = FM::Directory*]’ at /usr/include/x86_64-linux-gnu/qt5/QtCore/qlinkedlist.h:298:8,
    inlined from ‘void QLinkedList<T>::clear() [with T = FM::Directory*]’ at /usr/include/x86_64-linux-gnu/qt5/QtCore/qlinkedlist.h:378:13,
    inlined from ‘void Common::SortedList<T>::clear() [with T = FM::Directory*]’ at ../../Common/SortedList.h:129:20,
    inlined from ‘void FM::Directory::stealContent(FM::Directory*)’ at priv/Cache/Directory.cpp:406:22:
/usr/include/x86_64-linux-gnu/qt5/QtCore/qlinkedlist.h:372:5: warning: ‘void operator delete(void*)’ called on unallocated object ‘QLinkedListData::shared_null’ [-Wfree-nonheap-object]
  372 |     delete x;
      |     ^~~~~~~~
/usr/include/x86_64-linux-gnu/qt5/QtCore/qlinkedlist.h: In member function ‘void FM::Directory::stealContent(FM::Directory*)’:
/usr/include/x86_64-linux-gnu/qt5/QtCore/qlinkedlist.h:80:48: note: declared here
   80 |     Q_CORE_EXPORT static const QLinkedListData shared_null;
      |                                                ^~~~~~~~~~~
In member function ‘void QLinkedList<T>::freeData(QLinkedListData*) [with T = FM::File*]’,
    inlined from ‘QLinkedList<T>::~QLinkedList() [with T = FM::File*]’ at /usr/include/x86_64-linux-gnu/qt5/QtCore/qlinkedlist.h:301:17,
    inlined from ‘QLinkedList<T>::~QLinkedList() [with T = FM::File*]’ at /usr/include/x86_64-linux-gnu/qt5/QtCore/qlinkedlist.h:298:8,
    inlined from ‘void QLinkedList<T>::clear() [with T = FM::File*]’ at /usr/include/x86_64-linux-gnu/qt5/QtCore/qlinkedlist.h:378:13,
    inlined from ‘void Common::SortedList<T>::clear() [with T = FM::File*]’ at ../../Common/SortedList.h:129:20,
    inlined from ‘void FM::Directory::stealContent(FM::Directory*)’ at priv/Cache/Directory.cpp:407:20:
/usr/include/x86_64-linux-gnu/qt5/QtCore/qlinkedlist.h:372:5: warning: ‘void operator delete(void*)’ called on unallocated object ‘QLinkedListData::shared_null’ [-Wfree-nonheap-object]
  372 |     delete x;
      |     ^~~~~~~~
/usr/include/x86_64-linux-gnu/qt5/QtCore/qlinkedlist.h: In member function ‘void FM::Directory::stealContent(FM::Directory*)’:
/usr/include/x86_64-linux-gnu/qt5/QtCore/qlinkedlist.h:80:48: note: declared here
   80 |     Q_CORE_EXPORT static const QLinkedListData shared_null;
      |                                                ^~~~~~~~~~~
g++ -c -pipe -std=c++0x -O2 -fPIC -frtti -Wall -Wno-parentheses -D_REENTRANT -DFILEMANAGER_LIBRARY -DQT_NO_DEBUG -DQT_NETWORK_LIB -DQT_CORE_LIB -I. -I. -I../.. -I/usr/include/x86_64-linux-gnu/qt5 -I/usr/include/x86_64-linux-gnu/qt5/QtNetwork -I/usr/include/x86_64-linux-gnu/qt5/QtCore -I.tmp/release -I/usr/lib/x86_64-linux-gnu/qt5/mkspecs/linux-g++ -o .tmp/release/SharedDirectory.o priv/Cache/SharedDirectory.cpp
In file included from ./priv/Cache/Directory.h:31,
                 from ./priv/Cache/SharedDirectory.h:25,
                 from priv/Cache/SharedDirectory.cpp:19:
../../Common/SortedList.h:48:20: warning: ‘template<class T> class QLinkedList’ is deprecated: Use std::list instead [-Wdeprecated-declarations]
   48 |       inline const QLinkedList<T>& getList() const { return this->list; }
      |                    ^~~~~~~~~~~
In file included from /usr/include/x86_64-linux-gnu/qt5/QtCore/qvarlengtharray.h:43,
                 from /usr/include/x86_64-linux-gnu/qt5/QtCore/qmetatype.h:48,
                 from /usr/include/x86_64-linux-gnu/qt5/QtCore/qobject.h:54,
                 from /usr/include/x86_64-linux-gnu/qt5/QtCore/qiodevice.h:45,
                 from /usr/include/x86_64-linux-gnu/qt5/QtCore/qdatastream.h:44,
                 from /usr/include/x86_64-linux-gnu/qt5/QtCore/QDataStream:1,
                 from ../../Common/Hash.h:30,
                 from ./priv/Cache/SharedDirectory.h:24:
/usr/include/x86_64-linux-gnu/qt5/QtCore/qcontainerfwd.h:51:26: note: declared here
   51 | template <class T> class QLinkedList;
      |                          ^~~~~~~~~~~
../../Common/SortedList.h:52:7: warning: ‘template<class T> class QLinkedList’ is deprecated: Use std::list instead [-Wdeprecated-declarations]
   52 |       QLinkedList<T> list;
      |       ^~~~~~~~~~~
/usr/include/x86_64-linux-gnu/qt5/QtCore/qcontainerfwd.h:51:26: note: declared here
   51 | template <class T> class QLinkedList;
      |                          ^~~~~~~~~~~
./priv/Cache/Directory.h:75:7: warning: ‘template<class T> class QLinkedList’ is deprecated: Use std::list instead [-Wdeprecated-declarations]
   75 |       QLinkedList<Directory*> getSubDirs() const;
      |       ^~~~~~~~~~~
/usr/include/x86_64-linux-gnu/qt5/QtCore/qcontainerfwd.h:51:26: note: declared here
   51 | template <class T> class QLinkedList;
      |                          ^~~~~~~~~~~
./priv/Cache/Directory.h:77:7: warning: ‘template<class T> class QLinkedList’ is deprecated: Use std::list instead [-Wdeprecated-declarations]
   77 |       QLinkedList<File*> getFiles() const;
      |       ^~~~~~~~~~~
/usr/include/x86_64-linux-gnu/qt5/QtCore/qcontainerfwd.h:51:26: note: declared here
   51 | template <class T> class QLinkedList;
      |                          ^~~~~~~~~~~
./priv/Cache/Directory.h:124:7: warning: ‘template<class T> class QLinkedList’ is deprecated: Use std::list instead [-Wdeprecated-declarations]
  124 |       QLinkedList<Directory*> dirsToVisit;
      |       ^~~~~~~~~~~
/usr/include/x86_64-linux-gnu/qt5/QtCore/qcontainerfwd.h:51:26: note: declared here
   51 | template <class T> class QLinkedList;
      |                          ^~~~~~~~~~~
priv/Cache/SharedDirectory.cpp: In member function ‘void FM::SharedDirectory::mergeSubSharedDirectories()’:
priv/Cache/SharedDirectory.cpp:67:67: warning: ‘QStringList QString::split(QChar, SplitBehavior, Qt::CaseSensitivity) const’ is deprecated: Use split(QChar sep, Qt::SplitBehavior ...) variant instead [-Wdeprecated-declarations]
   67 |       const QStringList& parentFolders = this->getFullPath().split('/', QString::SkipEmptyParts);
      |                                          ~~~~~~~~~~~~~~~~~~~~~~~~~^~~~~~~~~~~~~~~~~~~~~~~~~~~~~~
In file included from /usr/include/x86_64-linux-gnu/qt5/QtCore/QString:1,
                 from ./priv/Cache/SharedDirectory.h:22:
/usr/include/x86_64-linux-gnu/qt5/QtCore/qstring.h:612:17: note: declared here
  612 |     QStringList split(QChar sep, SplitBehavior behavior,
      |                 ^~~~~
priv/Cache/SharedDirectory.cpp:68:68: warning: ‘QStringList QString::split(QChar, SplitBehavior, Qt::CaseSensitivity) const’ is deprecated: Use split(QChar sep, Qt::SplitBehavior ...) variant instead [-Wdeprecated-declarations]
   68 |       const QStringList& childFolders = subDir->getFullPath().split('/', QString::SkipEmptyParts);
      |                                         ~~~~~~~~~~~~~~~~~~~~~~~~~~~^~~~~~~~~~~~~~~~~~~~~~~~~~~~~~
/usr/include/x86_64-linux-gnu/qt5/QtCore/qstring.h:612:17: note: declared here
  612 |     QStringList split(QChar sep, SplitBehavior behavior,
      |                 ^~~~~
g++ -c -pipe -std=c++0x -O2 -fPIC -frtti -Wall -Wno-parentheses -D_REENTRANT -DFILEMANAGER_LIBRARY -DQT_NO_DEBUG -DQT_NETWORK_LIB -DQT_CORE_LIB -I. -I. -I../.. -I/usr/include/x86_64-linux-gnu/qt5 -I/usr/include/x86_64-linux-gnu/qt5/QtNetwork -I/usr/include/x86_64-linux-gnu/qt5/QtCore -I.tmp/release -I/usr/lib/x86_64-linux-gnu/qt5/mkspecs/linux-g++ -o .tmp/release/Chunks.o priv/ChunkIndex/Chunks.cpp
g++ -c -pipe -std=c++0x -O2 -fPIC -frtti -Wall -Wno-parentheses -D_REENTRANT -DFILEMANAGER_LIBRARY -DQT_NO_DEBUG -DQT_NETWORK_LIB -DQT_CORE_LIB -I. -I. -I../.. -I/usr/include/x86_64-linux-gnu/qt5 -I/usr/include/x86_64-linux-gnu/qt5/QtNetwork -I/usr/include/x86_64-linux-gnu/qt5/QtCore -I.tmp/release -I/usr/lib/x86_64-linux-gnu/qt5/mkspecs/linux-g++ -o .tmp/release/core_protocol.pb.o ../../Protos/core_protocol.pb.cc
g++ -c -pipe -std=c++0x -O2 -fPIC -frtti -Wall -Wno-parentheses -D_REENTRANT -DFILEMANAGER_LIBRARY -DQT_NO_DEBUG -DQT_NETWORK_LIB -DQT_CORE_LIB -I. -I. -I../.. -I/usr/include/x86_64-linux-gnu/qt5 -I/usr/include/x86_64-linux-gnu/qt5/QtNetwork -I/usr/include/x86_64-linux-gnu/qt5/QtCore -I.tmp/release -I/usr/lib/x86_64-linux-gnu/qt5/mkspecs/linux-g++ -o .tmp/release/common.pb.o ../../Protos/common.pb.cc
g++ -c -pipe -std=c++0x -O2 -fPIC -frtti -Wall -Wno-parentheses -D_REENTRANT -DFILEMANAGER_LIBRARY -DQT_NO_DEBUG -DQT_NETWORK_LIB -DQT_CORE_LIB -I. -I. -I../.. -I/usr/include/x86_64-linux-gnu/qt5 -I/usr/include/x86_64-linux-gnu/qt5/QtNetwork -I/usr/include/x86_64-linux-gnu/qt5/QtCore -I.tmp/release -I/usr/lib/x86_64-linux-gnu/qt5/mkspecs/linux-g++ -o .tmp/release/Chunk.o priv/Cache/Chunk.cpp
In file included from ./priv/Cache/Directory.h:31,
                 from ./priv/Cache/SharedDirectory.h:25,
                 from priv/Cache/Chunk.cpp:27:
../../Common/SortedList.h:48:20: warning: ‘template<class T> class QLinkedList’ is deprecated: Use std::list instead [-Wdeprecated-declarations]
   48 |       inline const QLinkedList<T>& getList() const { return this->list; }
      |                    ^~~~~~~~~~~
In file included from /usr/include/x86_64-linux-gnu/qt5/QtCore/qvarlengtharray.h:43,
                 from /usr/include/x86_64-linux-gnu/qt5/QtCore/qmetatype.h:48,
                 from /usr/include/x86_64-linux-gnu/qt5/QtCore/qvariant.h:46,
                 from /usr/include/x86_64-linux-gnu/qt5/QtCore/qlocale.h:43,
                 from /usr/include/x86_64-linux-gnu/qt5/QtCore/QLocale:1,
                 from ../../Common/Settings.h:24,
                 from ./priv/Cache/Chunk.h:28,
                 from priv/Cache/Chunk.cpp:19:
/usr/include/x86_64-linux-gnu/qt5/QtCore/qcontainerfwd.h:51:26: note: declared here
   51 | template <class T> class QLinkedList;
      |                          ^~~~~~~~~~~
../../Common/SortedList.h:52:7: warning: ‘template<class T> class QLinkedList’ is deprecated: Use std::list instead [-Wdeprecated-declarations]
   52 |       QLinkedList<T> list;
      |       ^~~~~~~~~~~
/usr/include/x86_64-linux-gnu/qt5/QtCore/qcontainerfwd.h:51:26: note: declared here
   51 | template <class T> class QLinkedList;
      |                          ^~~~~~~~~~~
./priv/Cache/Directory.h:75:7: warning: ‘template<class T> class QLinkedList’ is deprecated: Use std::list instead [-Wdeprecated-declarations]
   75 |       QLinkedList<Directory*> getSubDirs() const;
      |       ^~~~~~~~~~~
/usr/include/x86_64-linux-gnu/qt5/QtCore/qcontainerfwd.h:51:26: note: declared here
   51 | template <class T> class QLinkedList;
      |                          ^~~~~~~~~~~
./priv/Cache/Directory.h:77:7: warning: ‘template<class T> class QLinkedList’ is deprecated: Use std::list instead [-Wdeprecated-declarations]
   77 |       QLinkedList<File*> getFiles() const;
      |       ^~~~~~~~~~~
/usr/include/x86_64-linux-gnu/qt5/QtCore/qcontainerfwd.h:51:26: note: declared here
   51 | template <class T> class QLinkedList;
      |                          ^~~~~~~~~~~
./priv/Cache/Directory.h:124:7: warning: ‘template<class T> class QLinkedList’ is deprecated: Use std::list instead [-Wdeprecated-declarations]
  124 |       QLinkedList<Directory*> dirsToVisit;
      |       ^~~~~~~~~~~
/usr/include/x86_64-linux-gnu/qt5/QtCore/qcontainerfwd.h:51:26: note: declared here
   51 | template <class T> class QLinkedList;
      |                          ^~~~~~~~~~~
g++ -c -pipe -std=c++0x -O2 -fPIC -frtti -Wall -Wno-parentheses -D_REENTRANT -DFILEMANAGER_LIBRARY -DQT_NO_DEBUG -DQT_NETWORK_LIB -DQT_CORE_LIB -I. -I. -I../.. -I/usr/include/x86_64-linux-gnu/qt5 -I/usr/include/x86_64-linux-gnu/qt5/QtNetwork -I/usr/include/x86_64-linux-gnu/qt5/QtCore -I.tmp/release -I/usr/lib/x86_64-linux-gnu/qt5/mkspecs/linux-g++ -o .tmp/release/DataReader.o priv/Cache/DataReader.cpp
g++ -c -pipe -std=c++0x -O2 -fPIC -frtti -Wall -Wno-parentheses -D_REENTRANT -DFILEMANAGER_LIBRARY -DQT_NO_DEBUG -DQT_NETWORK_LIB -DQT_CORE_LIB -I. -I. -I../.. -I/usr/include/x86_64-linux-gnu/qt5 -I/usr/include/x86_64-linux-gnu/qt5/QtNetwork -I/usr/include/x86_64-linux-gnu/qt5/QtCore -I.tmp/release -I/usr/lib/x86_64-linux-gnu/qt5/mkspecs/linux-g++ -o .tmp/release/DataWriter.o priv/Cache/DataWriter.cpp
g++ -c -pipe -std=c++0x -O2 -fPIC -frtti -Wall -Wno-parentheses -D_REENTRANT -DFILEMANAGER_LIBRARY -DQT_NO_DEBUG -DQT_NETWORK_LIB -DQT_CORE_LIB -I. -I. -I../.. -I/usr/include/x86_64-linux-gnu/qt5 -I/usr/include/x86_64-linux-gnu/qt5/QtNetwork -I/usr/include/x86_64-linux-gnu/qt5/QtCore -I.tmp/release -I/usr/lib/x86_64-linux-gnu/qt5/mkspecs/linux-g++ -o .tmp/release/Cache.o priv/Cache/Cache.cpp
In file included from ./priv/Cache/Directory.h:31,
                 from ./priv/Cache/SharedDirectory.h:25,
                 from ./priv/Cache/Cache.h:36,
                 from priv/Cache/Cache.cpp:19:
../../Common/SortedList.h:48:20: warning: ‘template<class T> class QLinkedList’ is deprecated: Use std::list instead [-Wdeprecated-declarations]
   48 |       inline const QLinkedList<T>& getList() const { return this->list; }
      |                    ^~~~~~~~~~~
In file included from /usr/include/x86_64-linux-gnu/qt5/QtCore/qvarlengtharray.h:43,
                 from /usr/include/x86_64-linux-gnu/qt5/QtCore/qmetatype.h:48,
                 from /usr/include/x86_64-linux-gnu/qt5/QtCore/qobject.h:54,
                 from /usr/include/x86_64-linux-gnu/qt5/QtCore/QObject:1,
                 from ./priv/Cache/Cache.h:22:
/usr/include/x86_64-linux-gnu/qt5/QtCore/qcontainerfwd.h:51:26: note: declared here
   51 | template <class T> class QLinkedList;
      |                          ^~~~~~~~~~~
../../Common/SortedList.h:52:7: warning: ‘template<class T> class QLinkedList’ is deprecated: Use std::list instead [-Wdeprecated-declarations]
   52 |       QLinkedList<T> list;
      |       ^~~~~~~~~~~
/usr/include/x86_64-linux-gnu/qt5/QtCore/qcontainerfwd.h:51:26: note: declared here
   51 | template <class T> class QLinkedList;
      |                          ^~~~~~~~~~~
./priv/Cache/Directory.h:75:7: warning: ‘template<class T> class QLinkedList’ is deprecated: Use std::list instead [-Wdeprecated-declarations]
   75 |       QLinkedList<Directory*> getSubDirs() const;
      |       ^~~~~~~~~~~
/usr/include/x86_64-linux-gnu/qt5/QtCore/qcontainerfwd.h:51:26: note: declared here
   51 | template <class T> class QLinkedList;
      |                          ^~~~~~~~~~~
./priv/Cache/Directory.h:77:7: warning: ‘template<class T> class QLinkedList’ is deprecated: Use std::list instead [-Wdeprecated-declarations]
   77 |       QLinkedList<File*> getFiles() const;
      |       ^~~~~~~~~~~
/usr/include/x86_64-linux-gnu/qt5/QtCore/qcontainerfwd.h:51:26: note: declared here
   51 | template <class T> class QLinkedList;
      |                          ^~~~~~~~~~~
./priv/Cache/Directory.h:124:7: warning: ‘template<class T> class QLinkedList’ is deprecated: Use std::list instead [-Wdeprecated-declarations]
  124 |       QLinkedList<Directory*> dirsToVisit;
      |       ^~~~~~~~~~~
/usr/include/x86_64-linux-gnu/qt5/QtCore/qcontainerfwd.h:51:26: note: declared here
   51 | template <class T> class QLinkedList;
      |                          ^~~~~~~~~~~
priv/Cache/Cache.cpp: In member function ‘FM::Directory* FM::Cache::getDirectory(const Protos::Common::Entry&) const’:
priv/Cache/Cache.cpp:108:117: warning: ‘QStringList QString::split(QChar, SplitBehavior, Qt::CaseSensitivity) const’ is deprecated: Use split(QChar sep, Qt::SplitBehavior ...) variant instead [-Wdeprecated-declarations]
  108 |          QStringList folders = QDir::cleanPath(Common::ProtoHelper::getStr(dir, &Protos::Common::Entry::path)).split('/', QString::SkipEmptyParts);
      |                                ~~~~~~~~~~~~~~~~~~~~~~~~~~~~~~~~~~~~~~~~~~~~~~~~~~~~~~~~~~~~~~~~~~~~~~~~~~~~~~~~~~~~~^~~~~~~~~~~~~~~~~~~~~~~~~~~~~~
In file included from /usr/include/x86_64-linux-gnu/qt5/QtCore/qobject.h:47:
/usr/include/x86_64-linux-gnu/qt5/QtCore/qstring.h:612:17: note: declared here
  612 |     QStringList split(QChar sep, SplitBehavior behavior,
      |                 ^~~~~
priv/Cache/Cache.cpp: In member function ‘FM::Entry* FM::Cache::getEntry(const QString&) const’:
priv/Cache/Cache.cpp:147:56: warning: ‘QStringList QString::split(QChar, SplitBehavior, Qt::CaseSensitivity) const’ is deprecated: Use split(QChar sep, Qt::SplitBehavior ...) variant instead [-Wdeprecated-declarations]
  147 |          const QStringList folders = relativePath.split('/', QString::SkipEmptyParts);
      |                                      ~~~~~~~~~~~~~~~~~~^~~~~~~~~~~~~~~~~~~~~~~~~~~~~~
/usr/include/x86_64-linux-gnu/qt5/QtCore/qstring.h:612:17: note: declared here
  612 |     QStringList split(QChar sep, SplitBehavior behavior,
      |                 ^~~~~
priv/Cache/Cache.cpp: In member function ‘FM::File* FM::Cache::getFile(const Protos::Common::Entry&) const’:
priv/Cache/Cache.cpp:192:56: warning: ‘QStringList QString::split(QChar, SplitBehavior, Qt::CaseSensitivity) const’ is deprecated: Use split(QChar sep, Qt::SplitBehavior ...) variant instead [-Wdeprecated-declarations]
  192 |          const QStringList folders = relativePath.split('/', QString::SkipEmptyParts);
      |                                      ~~~~~~~~~~~~~~~~~~^~~~~~~~~~~~~~~~~~~~~~~~~~~~~~
/usr/include/x86_64-linux-gnu/qt5/QtCore/qstring.h:612:17: note: declared here
  612 |     QStringList split(QChar sep, SplitBehavior behavior,
      |                 ^~~~~
priv/Cache/Cache.cpp: In member function ‘QList<QSharedPointer<FM::IChunk> > FM::Cache::newFile(Protos::Common::Entry&)’:
priv/Cache/Cache.cpp:251:54: warning: ‘QStringList QString::split(QChar, SplitBehavior, Qt::CaseSensitivity) const’ is deprecated: Use split(QChar sep, Qt::SplitBehavior ...) variant instead [-Wdeprecated-declarations]
  251 |          dir = sharedDir->createSubDirs(dirPath.split('/', QString::SkipEmptyParts), true);
      |                                         ~~~~~~~~~~~~~^~~~~~~~~~~~~~~~~~~~~~~~~~~~~~
/usr/include/x86_64-linux-gnu/qt5/QtCore/qstring.h:612:17: note: declared here
  612 |     QStringList split(QChar sep, SplitBehavior behavior,
      |                 ^~~~~
priv/Cache/Cache.cpp: In member function ‘void FM::Cache::newDirectory(Protos::Common::Entry&)’:
priv/Cache/Cache.cpp:332:54: warning: ‘QStringList QString::split(QChar, SplitBehavior, Qt::CaseSensitivity) const’ is deprecated: Use split(QChar sep, Qt::SplitBehavior ...) variant instead [-Wdeprecated-declarations]
  332 |          dir = sharedDir->createSubDirs(dirPath.split('/', QString::SkipEmptyParts), true);
      |                                         ~~~~~~~~~~~~~^~~~~~~~~~~~~~~~~~~~~~~~~~~~~~
/usr/include/x86_64-linux-gnu/qt5/QtCore/qstring.h:612:17: note: declared here
  612 |     QStringList split(QChar sep, SplitBehavior behavior,
      |                 ^~~~~
priv/Cache/Cache.cpp: In member function ‘FM::SharedDirectory* FM::Cache::getSuperSharedDirectory(const QString&) const’:
priv/Cache/Cache.cpp:475:43: warning: ‘QStringList QString::split(QChar, SplitBehavior, Qt::CaseSensitivity) const’ is deprecated: Use split(QChar sep, Qt::SplitBehavior ...) variant instead [-Wdeprecated-declarations]
  475 |    const QStringList& folders = path.split('/', QString::SkipEmptyParts);
      |                                 ~~~~~~~~~~^~~~~~~~~~~~~~~~~~~~~~~~~~~~~~
/usr/include/x86_64-linux-gnu/qt5/QtCore/qstring.h:612:17: note: declared here
  612 |     QStringList split(QChar sep, SplitBehavior behavior,
      |                 ^~~~~
priv/Cache/Cache.cpp:480:72: warning: ‘QStringList QString::split(QChar, SplitBehavior, Qt::CaseSensitivity) const’ is deprecated: Use split(QChar sep, Qt::SplitBehavior ...) variant instead [-Wdeprecated-declarations]
  480 |       const QStringList& foldersShared = sharedDir->getFullPath().split('/', QString::SkipEmptyParts);
      |                                          ~~~~~~~~~~~~~~~~~~~~~~~~~~~~~~^~~~~~~~~~~~~~~~~~~~~~~~~~~~~~
/usr/include/x86_64-linux-gnu/qt5/QtCore/qstring.h:612:17: note: declared here
  612 |     QStringList split(QChar sep, SplitBehavior behavior,
      |                 ^~~~~
priv/Cache/Cache.cpp: In member function ‘QList<FM::SharedDirectory*> FM::Cache::getSubSharedDirectories(const QString&) const’:
priv/Cache/Cache.cpp:500:43: warning: ‘QStringList QString::split(QChar, SplitBehavior, Qt::CaseSensitivity) const’ is deprecated: Use split(QChar sep, Qt::SplitBehavior ...) variant instead [-Wdeprecated-declarations]
  500 |    const QStringList& folders = path.split('/', QString::SkipEmptyParts);
      |                                 ~~~~~~~~~~^~~~~~~~~~~~~~~~~~~~~~~~~~~~~~
/usr/include/x86_64-linux-gnu/qt5/QtCore/qstring.h:612:17: note: declared here
  612 |     QStringList split(QChar sep, SplitBehavior behavior,
      |                 ^~~~~
priv/Cache/Cache.cpp:505:72: warning: ‘QStringList QString::split(QChar, SplitBehavior, Qt::CaseSensitivity) const’ is deprecated: Use split(QChar sep, Qt::SplitBehavior ...) variant instead [-Wdeprecated-declarations]
  505 |       const QStringList& foldersShared = sharedDir->getFullPath().split('/', QString::SkipEmptyParts);
      |                                          ~~~~~~~~~~~~~~~~~~~~~~~~~~~~~~^~~~~~~~~~~~~~~~~~~~~~~~~~~~~~
/usr/include/x86_64-linux-gnu/qt5/QtCore/qstring.h:612:17: note: declared here
  612 |     QStringList split(QChar sep, SplitBehavior behavior,
      |                 ^~~~~
priv/Cache/Cache.cpp: In member function ‘FM::Directory* FM::Cache::getFittestDirectory(const QString&) const’:
priv/Cache/Cache.cpp:552:56: warning: ‘QStringList QString::split(QChar, SplitBehavior, Qt::CaseSensitivity) const’ is deprecated: Use split(QChar sep, Qt::SplitBehavior ...) variant instead [-Wdeprecated-declarations]
  552 |          const QStringList folders = relativePath.split('/', QString::SkipEmptyParts);
      |                                      ~~~~~~~~~~~~~~~~~~^~~~~~~~~~~~~~~~~~~~~~~~~~~~~~
/usr/include/x86_64-linux-gnu/qt5/QtCore/qstring.h:612:17: note: declared here
  612 |     QStringList split(QChar sep, SplitBehavior behavior,
      |                 ^~~~~
priv/Cache/Cache.cpp: In member function ‘FM::Directory* FM::Cache::getWriteableDirectory(const QString&, qint64) const’:
priv/Cache/Cache.cpp:745:42: warning: ‘QStringList QString::split(QChar, SplitBehavior, Qt::CaseSensitivity) const’ is deprecated: Use split(QChar sep, Qt::SplitBehavior ...) variant instead [-Wdeprecated-declarations]
  745 |    const QStringList folders = path.split('/', QString::SkipEmptyParts);
      |                                ~~~~~~~~~~^~~~~~~~~~~~~~~~~~~~~~~~~~~~~~
/usr/include/x86_64-linux-gnu/qt5/QtCore/qstring.h:612:17: note: declared here
  612 |     QStringList split(QChar sep, SplitBehavior behavior,
      |                 ^~~~~
g++ -c -pipe -std=c++0x -O2 -fPIC -frtti -Wall -Wno-parentheses -D_REENTRANT -DFILEMANAGER_LIBRARY -DQT_NO_DEBUG -DQT_NETWORK_LIB -DQT_CORE_LIB -I. -I. -I../.. -I/usr/include/x86_64-linux-gnu/qt5 -I/usr/include/x86_64-linux-gnu/qt5/QtNetwork -I/usr/include/x86_64-linux-gnu/qt5/QtCore -I.tmp/release -I/usr/lib/x86_64-linux-gnu/qt5/mkspecs/linux-g++ -o .tmp/release/files_cache.pb.o ../../Protos/files_cache.pb.cc
g++ -c -pipe -std=c++0x -O2 -fPIC -frtti -Wall -Wno-parentheses -D_REENTRANT -DFILEMANAGER_LIBRARY -DQT_NO_DEBUG -DQT_NETWORK_LIB -DQT_CORE_LIB -I. -I. -I../.. -I/usr/include/x86_64-linux-gnu/qt5 -I/usr/include/x86_64-linux-gnu/qt5/QtNetwork -I/usr/include/x86_64-linux-gnu/qt5/QtCore -I.tmp/release -I/usr/lib/x86_64-linux-gnu/qt5/mkspecs/linux-g++ -o .tmp/release/WaitCondition.o priv/FileUpdater/WaitCondition.cpp
g++ -c -pipe -std=c++0x -O2 -fPIC -frtti -Wall -Wno-parentheses -D_REENTRANT -DFILEMANAGER_LIBRARY -DQT_NO_DEBUG -DQT_NETWORK_LIB -DQT_CORE_LIB -I. -I. -I../.. -I/usr/include/x86_64-linux-gnu/qt5 -I/usr/include/x86_64-linux-gnu/qt5/QtNetwork -I/usr/include/x86_64-linux-gnu/qt5/QtCore -I.tmp/release -I/usr/lib/x86_64-linux-gnu/qt5/mkspecs/linux-g++ -o .tmp/release/GetHashesResult.o priv/GetHashesResult.cpp
In file included from ./priv/Cache/Directory.h:31,
                 from ./priv/Cache/SharedDirectory.h:25,
                 from ./priv/Cache/Cache.h:36,
                 from ./priv/GetHashesResult.h:30,
                 from priv/GetHashesResult.cpp:19:
../../Common/SortedList.h:48:20: warning: ‘template<class T> class QLinkedList’ is deprecated: Use std::list instead [-Wdeprecated-declarations]
   48 |       inline const QLinkedList<T>& getList() const { return this->list; }
      |                    ^~~~~~~~~~~
In file included from /usr/include/x86_64-linux-gnu/qt5/QtCore/qvarlengtharray.h:43,
                 from /usr/include/x86_64-linux-gnu/qt5/QtCore/qmetatype.h:48,
                 from /usr/include/x86_64-linux-gnu/qt5/QtCore/qobject.h:54,
                 from /usr/include/x86_64-linux-gnu/qt5/QtCore/QObject:1,
                 from ./priv/GetHashesResult.h:22:
/usr/include/x86_64-linux-gnu/qt5/QtCore/qcontainerfwd.h:51:26: note: declared here
   51 | template <class T> class QLinkedList;
      |                          ^~~~~~~~~~~
../../Common/SortedList.h:52:7: warning: ‘template<class T> class QLinkedList’ is deprecated: Use std::list instead [-Wdeprecated-declarations]
   52 |       QLinkedList<T> list;
      |       ^~~~~~~~~~~
/usr/include/x86_64-linux-gnu/qt5/QtCore/qcontainerfwd.h:51:26: note: declared here
   51 | template <class T> class QLinkedList;
      |                          ^~~~~~~~~~~
./priv/Cache/Directory.h:75:7: warning: ‘template<class T> class QLinkedList’ is deprecated: Use std::list instead [-Wdeprecated-declarations]
   75 |       QLinkedList<Directory*> getSubDirs() const;
      |       ^~~~~~~~~~~
/usr/include/x86_64-linux-gnu/qt5/QtCore/qcontainerfwd.h:51:26: note: declared here
   51 | template <class T> class QLinkedList;
      |                          ^~~~~~~~~~~
./priv/Cache/Directory.h:77:7: warning: ‘template<class T> class QLinkedList’ is deprecated: Use std::list instead [-Wdeprecated-declarations]
   77 |       QLinkedList<File*> getFiles() const;
      |       ^~~~~~~~~~~
/usr/include/x86_64-linux-gnu/qt5/QtCore/qcontainerfwd.h:51:26: note: declared here
   51 | template <class T> class QLinkedList;
      |                          ^~~~~~~~~~~
./priv/Cache/Directory.h:124:7: warning: ‘template<class T> class QLinkedList’ is deprecated: Use std::list instead [-Wdeprecated-declarations]
  124 |       QLinkedList<Directory*> dirsToVisit;
      |       ^~~~~~~~~~~
/usr/include/x86_64-linux-gnu/qt5/QtCore/qcontainerfwd.h:51:26: note: declared here
   51 | template <class T> class QLinkedList;
      |                          ^~~~~~~~~~~
g++ -c -pipe -std=c++0x -O2 -fPIC -frtti -Wall -Wno-parentheses -D_REENTRANT -DFILEMANAGER_LIBRARY -DQT_NO_DEBUG -DQT_NETWORK_LIB -DQT_CORE_LIB -I. -I. -I../.. -I/usr/include/x86_64-linux-gnu/qt5 -I/usr/include/x86_64-linux-gnu/qt5/QtNetwork -I/usr/include/x86_64-linux-gnu/qt5/QtCore -I.tmp/release -I/usr/lib/x86_64-linux-gnu/qt5/mkspecs/linux-g++ -o .tmp/release/Log.o priv/Log.cpp
g++ -c -pipe -std=c++0x -O2 -fPIC -frtti -Wall -Wno-parentheses -D_REENTRANT -DFILEMANAGER_LIBRARY -DQT_NO_DEBUG -DQT_NETWORK_LIB -DQT_CORE_LIB -I. -I. -I../.. -I/usr/include/x86_64-linux-gnu/qt5 -I/usr/include/x86_64-linux-gnu/qt5/QtNetwork -I/usr/include/x86_64-linux-gnu/qt5/QtCore -I.tmp/release -I/usr/lib/x86_64-linux-gnu/qt5/mkspecs/linux-g++ -o .tmp/release/Global.o priv/Global.cpp
g++ -c -pipe -std=c++0x -O2 -fPIC -frtti -Wall -Wno-parentheses -D_REENTRANT -DFILEMANAGER_LIBRARY -DQT_NO_DEBUG -DQT_NETWORK_LIB -DQT_CORE_LIB -I. -I. -I../.. -I/usr/include/x86_64-linux-gnu/qt5 -I/usr/include/x86_64-linux-gnu/qt5/QtNetwork -I/usr/include/x86_64-linux-gnu/qt5/QtCore -I.tmp/release -I/usr/lib/x86_64-linux-gnu/qt5/mkspecs/linux-g++ -o .tmp/release/FilePool.o priv/Cache/FilePool.cpp
priv/Cache/FilePool.cpp: In member function ‘void FM::FilePool::release(QFile*, bool)’:
priv/Cache/FilePool.cpp:118:42: warning: ‘void QTime::start()’ is deprecated: Use QElapsedTimer instead [-Wdeprecated-declarations]
  118 |             openedFile.releasedTime.start();
      |             ~~~~~~~~~~~~~~~~~~~~~~~~~~~~~^~
In file included from /usr/include/x86_64-linux-gnu/qt5/QtCore/QTime:1,
                 from ./priv/Cache/FilePool.h:25,
                 from priv/Cache/FilePool.cpp:19:
/usr/include/x86_64-linux-gnu/qt5/QtCore/qdatetime.h:235:55: note: declared here
  235 |     QT_DEPRECATED_X("Use QElapsedTimer instead") void start();
      |                                                       ^~~~~
priv/Cache/FilePool.cpp: In member function ‘void FM::FilePool::tryToDeleteReleasedFiles()’:
priv/Cache/FilePool.cpp:167:45: warning: ‘int QTime::elapsed() const’ is deprecated: Use QElapsedTimer instead [-Wdeprecated-declarations]
  167 |          if (openedFile.releasedTime.elapsed() > TIME_KEEP_FILE_OPEN_MIN)
      |              ~~~~~~~~~~~~~~~~~~~~~~~~~~~~~~~^~
/usr/include/x86_64-linux-gnu/qt5/QtCore/qdatetime.h:237:54: note: declared here
  237 |     QT_DEPRECATED_X("Use QElapsedTimer instead") int elapsed() const;
      |                                                      ^~~~~~~
g++ -c -pipe -std=c++0x -O2 -fPIC -frtti -Wall -Wno-parentheses -D_REENTRANT -DFILEMANAGER_LIBRARY -DQT_NO_DEBUG -DQT_NETWORK_LIB -DQT_CORE_LIB -I. -I. -I../.. -I/usr/include/x86_64-linux-gnu/qt5 -I/usr/include/x86_64-linux-gnu/qt5/QtNetwork -I/usr/include/x86_64-linux-gnu/qt5/QtCore -I.tmp/release -I/usr/lib/x86_64-linux-gnu/qt5/mkspecs/linux-g++ -o .tmp/release/FileHasher.o priv/Cache/FileHasher.cpp
In file included from ./priv/Cache/Directory.h:31,
                 from ./priv/Cache/SharedDirectory.h:25,
                 from ./priv/Cache/Cache.h:36,
                 from priv/Cache/FileHasher.cpp:33:
../../Common/SortedList.h:48:20: warning: ‘template<class T> class QLinkedList’ is deprecated: Use std::list instead [-Wdeprecated-declarations]
   48 |       inline const QLinkedList<T>& getList() const { return this->list; }
      |                    ^~~~~~~~~~~
In file included from /usr/include/x86_64-linux-gnu/qt5/QtCore/qvarlengtharray.h:43,
                 from /usr/include/x86_64-linux-gnu/qt5/QtCore/qmetatype.h:48,
                 from /usr/include/x86_64-linux-gnu/qt5/QtCore/qobject.h:54,
                 from /usr/include/x86_64-linux-gnu/qt5/QtCore/QObject:1,
                 from ./priv/Cache/FileHasher.h:22,
                 from priv/Cache/FileHasher.cpp:19:
/usr/include/x86_64-linux-gnu/qt5/QtCore/qcontainerfwd.h:51:26: note: declared here
   51 | template <class T> class QLinkedList;
      |                          ^~~~~~~~~~~
../../Common/SortedList.h:52:7: warning: ‘template<class T> class QLinkedList’ is deprecated: Use std::list instead [-Wdeprecated-declarations]
   52 |       QLinkedList<T> list;
      |       ^~~~~~~~~~~
/usr/include/x86_64-linux-gnu/qt5/QtCore/qcontainerfwd.h:51:26: note: declared here
   51 | template <class T> class QLinkedList;
      |                          ^~~~~~~~~~~
./priv/Cache/Directory.h:75:7: warning: ‘template<class T> class QLinkedList’ is deprecated: Use std::list instead [-Wdeprecated-declarations]
   75 |       QLinkedList<Directory*> getSubDirs() const;
      |       ^~~~~~~~~~~
/usr/include/x86_64-linux-gnu/qt5/QtCore/qcontainerfwd.h:51:26: note: declared here
   51 | template <class T> class QLinkedList;
      |                          ^~~~~~~~~~~
./priv/Cache/Directory.h:77:7: warning: ‘template<class T> class QLinkedList’ is deprecated: Use std::list instead [-Wdeprecated-declarations]
   77 |       QLinkedList<File*> getFiles() const;
      |       ^~~~~~~~~~~
/usr/include/x86_64-linux-gnu/qt5/QtCore/qcontainerfwd.h:51:26: note: declared here
   51 | template <class T> class QLinkedList;
      |                          ^~~~~~~~~~~
./priv/Cache/Directory.h:124:7: warning: ‘template<class T> class QLinkedList’ is deprecated: Use std::list instead [-Wdeprecated-declarations]
  124 |       QLinkedList<Directory*> dirsToVisit;
      |       ^~~~~~~~~~~
/usr/include/x86_64-linux-gnu/qt5/QtCore/qcontainerfwd.h:51:26: note: declared here
   51 | template <class T> class QLinkedList;
      |                          ^~~~~~~~~~~
g++ -c -pipe -std=c++0x -O2 -fPIC -frtti -Wall -Wno-parentheses -D_REENTRANT -DFILEMANAGER_LIBRARY -DQT_NO_DEBUG -DQT_NETWORK_LIB -DQT_CORE_LIB -I. -I. -I../.. -I/usr/include/x86_64-linux-gnu/qt5 -I/usr/include/x86_64-linux-gnu/qt5/QtNetwork -I/usr/include/x86_64-linux-gnu/qt5/QtCore -I.tmp/release -I/usr/lib/x86_64-linux-gnu/qt5/mkspecs/linux-g++ -o .tmp/release/GetEntriesResult.o priv/GetEntriesResult.cpp
In file included from ./priv/Cache/Directory.h:31,
                 from ./priv/Cache/SharedDirectory.h:25,
                 from ./priv/Cache/Cache.h:36,
                 from ./priv/GetEntriesResult.h:27,
                 from priv/GetEntriesResult.cpp:19:
../../Common/SortedList.h:48:20: warning: ‘template<class T> class QLinkedList’ is deprecated: Use std::list instead [-Wdeprecated-declarations]
   48 |       inline const QLinkedList<T>& getList() const { return this->list; }
      |                    ^~~~~~~~~~~
In file included from /usr/include/x86_64-linux-gnu/qt5/QtCore/qvarlengtharray.h:43,
                 from /usr/include/x86_64-linux-gnu/qt5/QtCore/qmetatype.h:48,
                 from /usr/include/x86_64-linux-gnu/qt5/QtCore/qobject.h:54,
                 from /usr/include/x86_64-linux-gnu/qt5/QtCore/QObject:1,
                 from ./priv/GetEntriesResult.h:22:
/usr/include/x86_64-linux-gnu/qt5/QtCore/qcontainerfwd.h:51:26: note: declared here
   51 | template <class T> class QLinkedList;
      |                          ^~~~~~~~~~~
../../Common/SortedList.h:52:7: warning: ‘template<class T> class QLinkedList’ is deprecated: Use std::list instead [-Wdeprecated-declarations]
   52 |       QLinkedList<T> list;
      |       ^~~~~~~~~~~
/usr/include/x86_64-linux-gnu/qt5/QtCore/qcontainerfwd.h:51:26: note: declared here
   51 | template <class T> class QLinkedList;
      |                          ^~~~~~~~~~~
./priv/Cache/Directory.h:75:7: warning: ‘template<class T> class QLinkedList’ is deprecated: Use std::list instead [-Wdeprecated-declarations]
   75 |       QLinkedList<Directory*> getSubDirs() const;
      |       ^~~~~~~~~~~
/usr/include/x86_64-linux-gnu/qt5/QtCore/qcontainerfwd.h:51:26: note: declared here
   51 | template <class T> class QLinkedList;
      |                          ^~~~~~~~~~~
./priv/Cache/Directory.h:77:7: warning: ‘template<class T> class QLinkedList’ is deprecated: Use std::list instead [-Wdeprecated-declarations]
   77 |       QLinkedList<File*> getFiles() const;
      |       ^~~~~~~~~~~
/usr/include/x86_64-linux-gnu/qt5/QtCore/qcontainerfwd.h:51:26: note: declared here
   51 | template <class T> class QLinkedList;
      |                          ^~~~~~~~~~~
./priv/Cache/Directory.h:124:7: warning: ‘template<class T> class QLinkedList’ is deprecated: Use std::list instead [-Wdeprecated-declarations]
  124 |       QLinkedList<Directory*> dirsToVisit;
      |       ^~~~~~~~~~~
/usr/include/x86_64-linux-gnu/qt5/QtCore/qcontainerfwd.h:51:26: note: declared here
   51 | template <class T> class QLinkedList;
      |                          ^~~~~~~~~~~
g++ -pipe -std=c++0x -O2 -fPIC -frtti -Wall -Wno-parentheses -dM -E -o .tmp/release/moc_predefs.h /usr/lib/x86_64-linux-gnu/qt5/mkspecs/features/data/dummy.cpp
/usr/lib/qt5/bin/moc -DFILEMANAGER_LIBRARY -DQT_NO_DEBUG -DQT_NETWORK_LIB -DQT_CORE_LIB --include /workspaces/D-LAN/application/Core/FileManager/.tmp/release/moc_predefs.h -I/usr/lib/x86_64-linux-gnu/qt5/mkspecs/linux-g++ -I/workspaces/D-LAN/application/Core/FileManager -I/workspaces/D-LAN/application/Core/FileManager -I/workspaces/D-LAN/application -I/usr/include/x86_64-linux-gnu/qt5 -I/usr/include/x86_64-linux-gnu/qt5/QtNetwork -I/usr/include/x86_64-linux-gnu/qt5/QtCore -I/usr/include/c++/13 -I/usr/include/x86_64-linux-gnu/c++/13 -I/usr/include/c++/13/backward -I/usr/lib/gcc/x86_64-linux-gnu/13/include -I/usr/local/include -I/usr/include/x86_64-linux-gnu -I/usr/include IGetHashesResult.h -o .tmp/release/moc_IGetHashesResult.cpp
g++ -c -pipe -std=c++0x -O2 -fPIC -frtti -Wall -Wno-parentheses -D_REENTRANT -DFILEMANAGER_LIBRARY -DQT_NO_DEBUG -DQT_NETWORK_LIB -DQT_CORE_LIB -I. -I. -I../.. -I/usr/include/x86_64-linux-gnu/qt5 -I/usr/include/x86_64-linux-gnu/qt5/QtNetwork -I/usr/include/x86_64-linux-gnu/qt5/QtCore -I.tmp/release -I/usr/lib/x86_64-linux-gnu/qt5/mkspecs/linux-g++ -o .tmp/release/moc_IGetHashesResult.o .tmp/release/moc_IGetHashesResult.cpp
/usr/lib/qt5/bin/moc -DFILEMANAGER_LIBRARY -DQT_NO_DEBUG -DQT_NETWORK_LIB -DQT_CORE_LIB --include /workspaces/D-LAN/application/Core/FileManager/.tmp/release/moc_predefs.h -I/usr/lib/x86_64-linux-gnu/qt5/mkspecs/linux-g++ -I/workspaces/D-LAN/application/Core/FileManager -I/workspaces/D-LAN/application/Core/FileManager -I/workspaces/D-LAN/application -I/usr/include/x86_64-linux-gnu/qt5 -I/usr/include/x86_64-linux-gnu/qt5/QtNetwork -I/usr/include/x86_64-linux-gnu/qt5/QtCore -I/usr/include/c++/13 -I/usr/include/x86_64-linux-gnu/c++/13 -I/usr/include/c++/13/backward -I/usr/lib/gcc/x86_64-linux-gnu/13/include -I/usr/local/include -I/usr/include/x86_64-linux-gnu -I/usr/include IFileManager.h -o .tmp/release/moc_IFileManager.cpp
g++ -c -pipe -std=c++0x -O2 -fPIC -frtti -Wall -Wno-parentheses -D_REENTRANT -DFILEMANAGER_LIBRARY -DQT_NO_DEBUG -DQT_NETWORK_LIB -DQT_CORE_LIB -I. -I. -I../.. -I/usr/include/x86_64-linux-gnu/qt5 -I/usr/include/x86_64-linux-gnu/qt5/QtNetwork -I/usr/include/x86_64-linux-gnu/qt5/QtCore -I.tmp/release -I/usr/lib/x86_64-linux-gnu/qt5/mkspecs/linux-g++ -o .tmp/release/moc_IFileManager.o .tmp/release/moc_IFileManager.cpp
/usr/lib/qt5/bin/moc -DFILEMANAGER_LIBRARY -DQT_NO_DEBUG -DQT_NETWORK_LIB -DQT_CORE_LIB --include /workspaces/D-LAN/application/Core/FileManager/.tmp/release/moc_predefs.h -I/usr/lib/x86_64-linux-gnu/qt5/mkspecs/linux-g++ -I/workspaces/D-LAN/application/Core/FileManager -I/workspaces/D-LAN/application/Core/FileManager -I/workspaces/D-LAN/application -I/usr/include/x86_64-linux-gnu/qt5 -I/usr/include/x86_64-linux-gnu/qt5/QtNetwork -I/usr/include/x86_64-linux-gnu/qt5/QtCore -I/usr/include/c++/13 -I/usr/include/x86_64-linux-gnu/c++/13 -I/usr/include/c++/13/backward -I/usr/lib/gcc/x86_64-linux-gnu/13/include -I/usr/local/include -I/usr/include/x86_64-linux-gnu -I/usr/include priv/FileManager.h -o .tmp/release/moc_FileManager.cpp
g++ -c -pipe -std=c++0x -O2 -fPIC -frtti -Wall -Wno-parentheses -D_REENTRANT -DFILEMANAGER_LIBRARY -DQT_NO_DEBUG -DQT_NETWORK_LIB -DQT_CORE_LIB -I. -I. -I../.. -I/usr/include/x86_64-linux-gnu/qt5 -I/usr/include/x86_64-linux-gnu/qt5/QtNetwork -I/usr/include/x86_64-linux-gnu/qt5/QtCore -I.tmp/release -I/usr/lib/x86_64-linux-gnu/qt5/mkspecs/linux-g++ -o .tmp/release/moc_FileManager.o .tmp/release/moc_FileManager.cpp
In file included from ./priv/Cache/Directory.h:31,
                 from ./priv/Cache/SharedDirectory.h:25,
                 from ./priv/Cache/Cache.h:36,
                 from .tmp/release/../../priv/FileManager.h:37,
                 from .tmp/release/moc_FileManager.cpp:10:
../../Common/SortedList.h:48:20: warning: ‘template<class T> class QLinkedList’ is deprecated: Use std::list instead [-Wdeprecated-declarations]
   48 |       inline const QLinkedList<T>& getList() const { return this->list; }
      |                    ^~~~~~~~~~~
In file included from /usr/include/x86_64-linux-gnu/qt5/QtCore/qvarlengtharray.h:43,
                 from /usr/include/x86_64-linux-gnu/qt5/QtCore/qmetatype.h:48,
                 from /usr/include/x86_64-linux-gnu/qt5/QtCore/qobject.h:54,
                 from /usr/include/x86_64-linux-gnu/qt5/QtCore/QObject:1,
                 from .tmp/release/../../priv/FileManager.h:22:
/usr/include/x86_64-linux-gnu/qt5/QtCore/qcontainerfwd.h:51:26: note: declared here
   51 | template <class T> class QLinkedList;
      |                          ^~~~~~~~~~~
../../Common/SortedList.h:52:7: warning: ‘template<class T> class QLinkedList’ is deprecated: Use std::list instead [-Wdeprecated-declarations]
   52 |       QLinkedList<T> list;
      |       ^~~~~~~~~~~
/usr/include/x86_64-linux-gnu/qt5/QtCore/qcontainerfwd.h:51:26: note: declared here
   51 | template <class T> class QLinkedList;
      |                          ^~~~~~~~~~~
./priv/Cache/Directory.h:75:7: warning: ‘template<class T> class QLinkedList’ is deprecated: Use std::list instead [-Wdeprecated-declarations]
   75 |       QLinkedList<Directory*> getSubDirs() const;
      |       ^~~~~~~~~~~
/usr/include/x86_64-linux-gnu/qt5/QtCore/qcontainerfwd.h:51:26: note: declared here
   51 | template <class T> class QLinkedList;
      |                          ^~~~~~~~~~~
./priv/Cache/Directory.h:77:7: warning: ‘template<class T> class QLinkedList’ is deprecated: Use std::list instead [-Wdeprecated-declarations]
   77 |       QLinkedList<File*> getFiles() const;
      |       ^~~~~~~~~~~
/usr/include/x86_64-linux-gnu/qt5/QtCore/qcontainerfwd.h:51:26: note: declared here
   51 | template <class T> class QLinkedList;
      |                          ^~~~~~~~~~~
./priv/Cache/Directory.h:124:7: warning: ‘template<class T> class QLinkedList’ is deprecated: Use std::list instead [-Wdeprecated-declarations]
  124 |       QLinkedList<Directory*> dirsToVisit;
      |       ^~~~~~~~~~~
/usr/include/x86_64-linux-gnu/qt5/QtCore/qcontainerfwd.h:51:26: note: declared here
   51 | template <class T> class QLinkedList;
      |                          ^~~~~~~~~~~
/usr/lib/qt5/bin/moc -DFILEMANAGER_LIBRARY -DQT_NO_DEBUG -DQT_NETWORK_LIB -DQT_CORE_LIB --include /workspaces/D-LAN/application/Core/FileManager/.tmp/release/moc_predefs.h -I/usr/lib/x86_64-linux-gnu/qt5/mkspecs/linux-g++ -I/workspaces/D-LAN/application/Core/FileManager -I/workspaces/D-LAN/application/Core/FileManager -I/workspaces/D-LAN/application -I/usr/include/x86_64-linux-gnu/qt5 -I/usr/include/x86_64-linux-gnu/qt5/QtNetwork -I/usr/include/x86_64-linux-gnu/qt5/QtCore -I/usr/include/c++/13 -I/usr/include/x86_64-linux-gnu/c++/13 -I/usr/include/c++/13/backward -I/usr/lib/gcc/x86_64-linux-gnu/13/include -I/usr/local/include -I/usr/include/x86_64-linux-gnu -I/usr/include priv/FileUpdater/FileUpdater.h -o .tmp/release/moc_FileUpdater.cpp
g++ -c -pipe -std=c++0x -O2 -fPIC -frtti -Wall -Wno-parentheses -D_REENTRANT -DFILEMANAGER_LIBRARY -DQT_NO_DEBUG -DQT_NETWORK_LIB -DQT_CORE_LIB -I. -I. -I../.. -I/usr/include/x86_64-linux-gnu/qt5 -I/usr/include/x86_64-linux-gnu/qt5/QtNetwork -I/usr/include/x86_64-linux-gnu/qt5/QtCore -I.tmp/release -I/usr/lib/x86_64-linux-gnu/qt5/mkspecs/linux-g++ -o .tmp/release/moc_FileUpdater.o .tmp/release/moc_FileUpdater.cpp
/usr/lib/qt5/bin/moc -DFILEMANAGER_LIBRARY -DQT_NO_DEBUG -DQT_NETWORK_LIB -DQT_CORE_LIB --include /workspaces/D-LAN/application/Core/FileManager/.tmp/release/moc_predefs.h -I/usr/lib/x86_64-linux-gnu/qt5/mkspecs/linux-g++ -I/workspaces/D-LAN/application/Core/FileManager -I/workspaces/D-LAN/application/Core/FileManager -I/workspaces/D-LAN/application -I/usr/include/x86_64-linux-gnu/qt5 -I/usr/include/x86_64-linux-gnu/qt5/QtNetwork -I/usr/include/x86_64-linux-gnu/qt5/QtCore -I/usr/include/c++/13 -I/usr/include/x86_64-linux-gnu/c++/13 -I/usr/include/c++/13/backward -I/usr/lib/gcc/x86_64-linux-gnu/13/include -I/usr/local/include -I/usr/include/x86_64-linux-gnu -I/usr/include priv/Cache/Cache.h -o .tmp/release/moc_Cache.cpp
g++ -c -pipe -std=c++0x -O2 -fPIC -frtti -Wall -Wno-parentheses -D_REENTRANT -DFILEMANAGER_LIBRARY -DQT_NO_DEBUG -DQT_NETWORK_LIB -DQT_CORE_LIB -I. -I. -I../.. -I/usr/include/x86_64-linux-gnu/qt5 -I/usr/include/x86_64-linux-gnu/qt5/QtNetwork -I/usr/include/x86_64-linux-gnu/qt5/QtCore -I.tmp/release -I/usr/lib/x86_64-linux-gnu/qt5/mkspecs/linux-g++ -o .tmp/release/moc_Cache.o .tmp/release/moc_Cache.cpp
In file included from ./priv/Cache/Directory.h:31,
                 from ./priv/Cache/SharedDirectory.h:25,
                 from .tmp/release/../../priv/Cache/Cache.h:36,
                 from .tmp/release/moc_Cache.cpp:10:
../../Common/SortedList.h:48:20: warning: ‘template<class T> class QLinkedList’ is deprecated: Use std::list instead [-Wdeprecated-declarations]
   48 |       inline const QLinkedList<T>& getList() const { return this->list; }
      |                    ^~~~~~~~~~~
In file included from /usr/include/x86_64-linux-gnu/qt5/QtCore/qvarlengtharray.h:43,
                 from /usr/include/x86_64-linux-gnu/qt5/QtCore/qmetatype.h:48,
                 from /usr/include/x86_64-linux-gnu/qt5/QtCore/qobject.h:54,
                 from /usr/include/x86_64-linux-gnu/qt5/QtCore/QObject:1,
                 from .tmp/release/../../priv/Cache/Cache.h:22:
/usr/include/x86_64-linux-gnu/qt5/QtCore/qcontainerfwd.h:51:26: note: declared here
   51 | template <class T> class QLinkedList;
      |                          ^~~~~~~~~~~
../../Common/SortedList.h:52:7: warning: ‘template<class T> class QLinkedList’ is deprecated: Use std::list instead [-Wdeprecated-declarations]
   52 |       QLinkedList<T> list;
      |       ^~~~~~~~~~~
/usr/include/x86_64-linux-gnu/qt5/QtCore/qcontainerfwd.h:51:26: note: declared here
   51 | template <class T> class QLinkedList;
      |                          ^~~~~~~~~~~
./priv/Cache/Directory.h:75:7: warning: ‘template<class T> class QLinkedList’ is deprecated: Use std::list instead [-Wdeprecated-declarations]
   75 |       QLinkedList<Directory*> getSubDirs() const;
      |       ^~~~~~~~~~~
/usr/include/x86_64-linux-gnu/qt5/QtCore/qcontainerfwd.h:51:26: note: declared here
   51 | template <class T> class QLinkedList;
      |                          ^~~~~~~~~~~
./priv/Cache/Directory.h:77:7: warning: ‘template<class T> class QLinkedList’ is deprecated: Use std::list instead [-Wdeprecated-declarations]
   77 |       QLinkedList<File*> getFiles() const;
      |       ^~~~~~~~~~~
/usr/include/x86_64-linux-gnu/qt5/QtCore/qcontainerfwd.h:51:26: note: declared here
   51 | template <class T> class QLinkedList;
      |                          ^~~~~~~~~~~
./priv/Cache/Directory.h:124:7: warning: ‘template<class T> class QLinkedList’ is deprecated: Use std::list instead [-Wdeprecated-declarations]
  124 |       QLinkedList<Directory*> dirsToVisit;
      |       ^~~~~~~~~~~
/usr/include/x86_64-linux-gnu/qt5/QtCore/qcontainerfwd.h:51:26: note: declared here
   51 | template <class T> class QLinkedList;
      |                          ^~~~~~~~~~~
/usr/lib/qt5/bin/moc -DFILEMANAGER_LIBRARY -DQT_NO_DEBUG -DQT_NETWORK_LIB -DQT_CORE_LIB --include /workspaces/D-LAN/application/Core/FileManager/.tmp/release/moc_predefs.h -I/usr/lib/x86_64-linux-gnu/qt5/mkspecs/linux-g++ -I/workspaces/D-LAN/application/Core/FileManager -I/workspaces/D-LAN/application/Core/FileManager -I/workspaces/D-LAN/application -I/usr/include/x86_64-linux-gnu/qt5 -I/usr/include/x86_64-linux-gnu/qt5/QtNetwork -I/usr/include/x86_64-linux-gnu/qt5/QtCore -I/usr/include/c++/13 -I/usr/include/x86_64-linux-gnu/c++/13 -I/usr/include/c++/13/backward -I/usr/lib/gcc/x86_64-linux-gnu/13/include -I/usr/local/include -I/usr/include/x86_64-linux-gnu -I/usr/include priv/GetHashesResult.h -o .tmp/release/moc_GetHashesResult.cpp
g++ -c -pipe -std=c++0x -O2 -fPIC -frtti -Wall -Wno-parentheses -D_REENTRANT -DFILEMANAGER_LIBRARY -DQT_NO_DEBUG -DQT_NETWORK_LIB -DQT_CORE_LIB -I. -I. -I../.. -I/usr/include/x86_64-linux-gnu/qt5 -I/usr/include/x86_64-linux-gnu/qt5/QtNetwork -I/usr/include/x86_64-linux-gnu/qt5/QtCore -I.tmp/release -I/usr/lib/x86_64-linux-gnu/qt5/mkspecs/linux-g++ -o .tmp/release/moc_GetHashesResult.o .tmp/release/moc_GetHashesResult.cpp
In file included from ./priv/Cache/Directory.h:31,
                 from ./priv/Cache/SharedDirectory.h:25,
                 from ./priv/Cache/Cache.h:36,
                 from .tmp/release/../../priv/GetHashesResult.h:30,
                 from .tmp/release/moc_GetHashesResult.cpp:10:
../../Common/SortedList.h:48:20: warning: ‘template<class T> class QLinkedList’ is deprecated: Use std::list instead [-Wdeprecated-declarations]
   48 |       inline const QLinkedList<T>& getList() const { return this->list; }
      |                    ^~~~~~~~~~~
In file included from /usr/include/x86_64-linux-gnu/qt5/QtCore/qvarlengtharray.h:43,
                 from /usr/include/x86_64-linux-gnu/qt5/QtCore/qmetatype.h:48,
                 from /usr/include/x86_64-linux-gnu/qt5/QtCore/qobject.h:54,
                 from /usr/include/x86_64-linux-gnu/qt5/QtCore/QObject:1,
                 from .tmp/release/../../priv/GetHashesResult.h:22:
/usr/include/x86_64-linux-gnu/qt5/QtCore/qcontainerfwd.h:51:26: note: declared here
   51 | template <class T> class QLinkedList;
      |                          ^~~~~~~~~~~
../../Common/SortedList.h:52:7: warning: ‘template<class T> class QLinkedList’ is deprecated: Use std::list instead [-Wdeprecated-declarations]
   52 |       QLinkedList<T> list;
      |       ^~~~~~~~~~~
/usr/include/x86_64-linux-gnu/qt5/QtCore/qcontainerfwd.h:51:26: note: declared here
   51 | template <class T> class QLinkedList;
      |                          ^~~~~~~~~~~
./priv/Cache/Directory.h:75:7: warning: ‘template<class T> class QLinkedList’ is deprecated: Use std::list instead [-Wdeprecated-declarations]
   75 |       QLinkedList<Directory*> getSubDirs() const;
      |       ^~~~~~~~~~~
/usr/include/x86_64-linux-gnu/qt5/QtCore/qcontainerfwd.h:51:26: note: declared here
   51 | template <class T> class QLinkedList;
      |                          ^~~~~~~~~~~
./priv/Cache/Directory.h:77:7: warning: ‘template<class T> class QLinkedList’ is deprecated: Use std::list instead [-Wdeprecated-declarations]
   77 |       QLinkedList<File*> getFiles() const;
      |       ^~~~~~~~~~~
/usr/include/x86_64-linux-gnu/qt5/QtCore/qcontainerfwd.h:51:26: note: declared here
   51 | template <class T> class QLinkedList;
      |                          ^~~~~~~~~~~
./priv/Cache/Directory.h:124:7: warning: ‘template<class T> class QLinkedList’ is deprecated: Use std::list instead [-Wdeprecated-declarations]
  124 |       QLinkedList<Directory*> dirsToVisit;
      |       ^~~~~~~~~~~
/usr/include/x86_64-linux-gnu/qt5/QtCore/qcontainerfwd.h:51:26: note: declared here
   51 | template <class T> class QLinkedList;
      |                          ^~~~~~~~~~~
/usr/lib/qt5/bin/moc -DFILEMANAGER_LIBRARY -DQT_NO_DEBUG -DQT_NETWORK_LIB -DQT_CORE_LIB --include /workspaces/D-LAN/application/Core/FileManager/.tmp/release/moc_predefs.h -I/usr/lib/x86_64-linux-gnu/qt5/mkspecs/linux-g++ -I/workspaces/D-LAN/application/Core/FileManager -I/workspaces/D-LAN/application/Core/FileManager -I/workspaces/D-LAN/application -I/usr/include/x86_64-linux-gnu/qt5 -I/usr/include/x86_64-linux-gnu/qt5/QtNetwork -I/usr/include/x86_64-linux-gnu/qt5/QtCore -I/usr/include/c++/13 -I/usr/include/x86_64-linux-gnu/c++/13 -I/usr/include/c++/13/backward -I/usr/lib/gcc/x86_64-linux-gnu/13/include -I/usr/local/include -I/usr/include/x86_64-linux-gnu -I/usr/include priv/Cache/FilePool.h -o .tmp/release/moc_FilePool.cpp
g++ -c -pipe -std=c++0x -O2 -fPIC -frtti -Wall -Wno-parentheses -D_REENTRANT -DFILEMANAGER_LIBRARY -DQT_NO_DEBUG -DQT_NETWORK_LIB -DQT_CORE_LIB -I. -I. -I../.. -I/usr/include/x86_64-linux-gnu/qt5 -I/usr/include/x86_64-linux-gnu/qt5/QtNetwork -I/usr/include/x86_64-linux-gnu/qt5/QtCore -I.tmp/release -I/usr/lib/x86_64-linux-gnu/qt5/mkspecs/linux-g++ -o .tmp/release/moc_FilePool.o .tmp/release/moc_FilePool.cpp
/usr/lib/qt5/bin/moc -DFILEMANAGER_LIBRARY -DQT_NO_DEBUG -DQT_NETWORK_LIB -DQT_CORE_LIB --include /workspaces/D-LAN/application/Core/FileManager/.tmp/release/moc_predefs.h -I/usr/lib/x86_64-linux-gnu/qt5/mkspecs/linux-g++ -I/workspaces/D-LAN/application/Core/FileManager -I/workspaces/D-LAN/application/Core/FileManager -I/workspaces/D-LAN/application -I/usr/include/x86_64-linux-gnu/qt5 -I/usr/include/x86_64-linux-gnu/qt5/QtNetwork -I/usr/include/x86_64-linux-gnu/qt5/QtCore -I/usr/include/c++/13 -I/usr/include/x86_64-linux-gnu/c++/13 -I/usr/include/c++/13/backward -I/usr/lib/gcc/x86_64-linux-gnu/13/include -I/usr/local/include -I/usr/include/x86_64-linux-gnu -I/usr/include priv/Cache/FileHasher.h -o .tmp/release/moc_FileHasher.cpp
g++ -c -pipe -std=c++0x -O2 -fPIC -frtti -Wall -Wno-parentheses -D_REENTRANT -DFILEMANAGER_LIBRARY -DQT_NO_DEBUG -DQT_NETWORK_LIB -DQT_CORE_LIB -I. -I. -I../.. -I/usr/include/x86_64-linux-gnu/qt5 -I/usr/include/x86_64-linux-gnu/qt5/QtNetwork -I/usr/include/x86_64-linux-gnu/qt5/QtCore -I.tmp/release -I/usr/lib/x86_64-linux-gnu/qt5/mkspecs/linux-g++ -o .tmp/release/moc_FileHasher.o .tmp/release/moc_FileHasher.cpp
/usr/lib/qt5/bin/moc -DFILEMANAGER_LIBRARY -DQT_NO_DEBUG -DQT_NETWORK_LIB -DQT_CORE_LIB --include /workspaces/D-LAN/application/Core/FileManager/.tmp/release/moc_predefs.h -I/usr/lib/x86_64-linux-gnu/qt5/mkspecs/linux-g++ -I/workspaces/D-LAN/application/Core/FileManager -I/workspaces/D-LAN/application/Core/FileManager -I/workspaces/D-LAN/application -I/usr/include/x86_64-linux-gnu/qt5 -I/usr/include/x86_64-linux-gnu/qt5/QtNetwork -I/usr/include/x86_64-linux-gnu/qt5/QtCore -I/usr/include/c++/13 -I/usr/include/x86_64-linux-gnu/c++/13 -I/usr/include/c++/13/backward -I/usr/lib/gcc/x86_64-linux-gnu/13/include -I/usr/local/include -I/usr/include/x86_64-linux-gnu -I/usr/include IGetEntriesResult.h -o .tmp/release/moc_IGetEntriesResult.cpp
g++ -c -pipe -std=c++0x -O2 -fPIC -frtti -Wall -Wno-parentheses -D_REENTRANT -DFILEMANAGER_LIBRARY -DQT_NO_DEBUG -DQT_NETWORK_LIB -DQT_CORE_LIB -I. -I. -I../.. -I/usr/include/x86_64-linux-gnu/qt5 -I/usr/include/x86_64-linux-gnu/qt5/QtNetwork -I/usr/include/x86_64-linux-gnu/qt5/QtCore -I.tmp/release -I/usr/lib/x86_64-linux-gnu/qt5/mkspecs/linux-g++ -o .tmp/release/moc_IGetEntriesResult.o .tmp/release/moc_IGetEntriesResult.cpp
/usr/lib/qt5/bin/moc -DFILEMANAGER_LIBRARY -DQT_NO_DEBUG -DQT_NETWORK_LIB -DQT_CORE_LIB --include /workspaces/D-LAN/application/Core/FileManager/.tmp/release/moc_predefs.h -I/usr/lib/x86_64-linux-gnu/qt5/mkspecs/linux-g++ -I/workspaces/D-LAN/application/Core/FileManager -I/workspaces/D-LAN/application/Core/FileManager -I/workspaces/D-LAN/application -I/usr/include/x86_64-linux-gnu/qt5 -I/usr/include/x86_64-linux-gnu/qt5/QtNetwork -I/usr/include/x86_64-linux-gnu/qt5/QtCore -I/usr/include/c++/13 -I/usr/include/x86_64-linux-gnu/c++/13 -I/usr/include/c++/13/backward -I/usr/lib/gcc/x86_64-linux-gnu/13/include -I/usr/local/include -I/usr/include/x86_64-linux-gnu -I/usr/include priv/GetEntriesResult.h -o .tmp/release/moc_GetEntriesResult.cpp
g++ -c -pipe -std=c++0x -O2 -fPIC -frtti -Wall -Wno-parentheses -D_REENTRANT -DFILEMANAGER_LIBRARY -DQT_NO_DEBUG -DQT_NETWORK_LIB -DQT_CORE_LIB -I. -I. -I../.. -I/usr/include/x86_64-linux-gnu/qt5 -I/usr/include/x86_64-linux-gnu/qt5/QtNetwork -I/usr/include/x86_64-linux-gnu/qt5/QtCore -I.tmp/release -I/usr/lib/x86_64-linux-gnu/qt5/mkspecs/linux-g++ -o .tmp/release/moc_GetEntriesResult.o .tmp/release/moc_GetEntriesResult.cpp
In file included from ./priv/Cache/Directory.h:31,
                 from ./priv/Cache/SharedDirectory.h:25,
                 from ./priv/Cache/Cache.h:36,
                 from .tmp/release/../../priv/GetEntriesResult.h:27,
                 from .tmp/release/moc_GetEntriesResult.cpp:10:
../../Common/SortedList.h:48:20: warning: ‘template<class T> class QLinkedList’ is deprecated: Use std::list instead [-Wdeprecated-declarations]
   48 |       inline const QLinkedList<T>& getList() const { return this->list; }
      |                    ^~~~~~~~~~~
In file included from /usr/include/x86_64-linux-gnu/qt5/QtCore/qvarlengtharray.h:43,
                 from /usr/include/x86_64-linux-gnu/qt5/QtCore/qmetatype.h:48,
                 from /usr/include/x86_64-linux-gnu/qt5/QtCore/qobject.h:54,
                 from /usr/include/x86_64-linux-gnu/qt5/QtCore/QObject:1,
                 from .tmp/release/../../priv/GetEntriesResult.h:22:
/usr/include/x86_64-linux-gnu/qt5/QtCore/qcontainerfwd.h:51:26: note: declared here
   51 | template <class T> class QLinkedList;
      |                          ^~~~~~~~~~~
../../Common/SortedList.h:52:7: warning: ‘template<class T> class QLinkedList’ is deprecated: Use std::list instead [-Wdeprecated-declarations]
   52 |       QLinkedList<T> list;
      |       ^~~~~~~~~~~
/usr/include/x86_64-linux-gnu/qt5/QtCore/qcontainerfwd.h:51:26: note: declared here
   51 | template <class T> class QLinkedList;
      |                          ^~~~~~~~~~~
./priv/Cache/Directory.h:75:7: warning: ‘template<class T> class QLinkedList’ is deprecated: Use std::list instead [-Wdeprecated-declarations]
   75 |       QLinkedList<Directory*> getSubDirs() const;
      |       ^~~~~~~~~~~
/usr/include/x86_64-linux-gnu/qt5/QtCore/qcontainerfwd.h:51:26: note: declared here
   51 | template <class T> class QLinkedList;
      |                          ^~~~~~~~~~~
./priv/Cache/Directory.h:77:7: warning: ‘template<class T> class QLinkedList’ is deprecated: Use std::list instead [-Wdeprecated-declarations]
   77 |       QLinkedList<File*> getFiles() const;
      |       ^~~~~~~~~~~
/usr/include/x86_64-linux-gnu/qt5/QtCore/qcontainerfwd.h:51:26: note: declared here
   51 | template <class T> class QLinkedList;
      |                          ^~~~~~~~~~~
./priv/Cache/Directory.h:124:7: warning: ‘template<class T> class QLinkedList’ is deprecated: Use std::list instead [-Wdeprecated-declarations]
  124 |       QLinkedList<Directory*> dirsToVisit;
      |       ^~~~~~~~~~~
/usr/include/x86_64-linux-gnu/qt5/QtCore/qcontainerfwd.h:51:26: note: declared here
   51 | template <class T> class QLinkedList;
      |                          ^~~~~~~~~~~
rm -f output/release/libFileManager.a
ar cqs output/release/libFileManager.a .tmp/release/WaitConditionLinux.o .tmp/release/DirWatcherLinux.o .tmp/release/Builder.o .tmp/release/FileManager.o .tmp/release/FileUpdater.o .tmp/release/DirWatcher.o .tmp/release/Entry.o .tmp/release/File.o .tmp/release/Directory.o .tmp/release/SharedDirectory.o .tmp/release/Chunks.o .tmp/release/core_protocol.pb.o .tmp/release/common.pb.o .tmp/release/Chunk.o .tmp/release/DataReader.o .tmp/release/DataWriter.o .tmp/release/Cache.o .tmp/release/files_cache.pb.o .tmp/release/WaitCondition.o .tmp/release/GetHashesResult.o .tmp/release/Log.o .tmp/release/Global.o .tmp/release/FilePool.o .tmp/release/FileHasher.o .tmp/release/GetEntriesResult.o .tmp/release/moc_IGetHashesResult.o .tmp/release/moc_IFileManager.o .tmp/release/moc_FileManager.o .tmp/release/moc_FileUpdater.o .tmp/release/moc_Cache.o .tmp/release/moc_GetHashesResult.o .tmp/release/moc_FilePool.o .tmp/release/moc_FileHasher.o .tmp/release/moc_IGetEntriesResult.o .tmp/release/moc_GetEntriesResult.o
make: Leaving directory '/workspaces/D-LAN/application/Core/FileManager'
/workspaces/D-LAN/application
/workspaces/D-LAN/application /workspaces/D-LAN/application
Compiling TestsFileManager..
make: Entering directory '/workspaces/D-LAN/application/Core/FileManager/TestsFileManager'
rm -f .tmp/release/moc_predefs.h
rm -f .tmp/release/moc_Tests.cpp .tmp/release/moc_HashesReceiver.cpp .tmp/release/moc_StressTest.cpp .tmp/release/moc_StressTests.cpp
rm -f .tmp/release/main.o .tmp/release/Tests.o .tmp/release/common.pb.o .tmp/release/HashesReceiver.o .tmp/release/StressTest.o .tmp/release/core_settings.pb.o .tmp/release/StressTests.o .tmp/release/moc_Tests.o .tmp/release/moc_HashesReceiver.o .tmp/release/moc_StressTest.o .tmp/release/moc_StressTests.o
rm -f *~ core *.core
make: Leaving directory '/workspaces/D-LAN/application/Core/FileManager/TestsFileManager'
make: Entering directory '/workspaces/D-LAN/application/Core/FileManager/TestsFileManager'
g++ -c -pipe -std=c++0x -O2 -frtti -Wall -Wno-parentheses -D_REENTRANT -fPIC -DQT_NO_DEBUG -DQT_TESTLIB_LIB -DQT_NETWORK_LIB -DQT_CORE_LIB -DQT_TESTCASE_BUILDDIR='"/workspaces/D-LAN/application/Core/FileManager/TestsFileManager"' -I. -I. -I.. -I../../.. -I/usr/include/x86_64-linux-gnu/qt5 -I/usr/include/x86_64-linux-gnu/qt5/QtTest -I/usr/include/x86_64-linux-gnu/qt5/QtNetwork -I/usr/include/x86_64-linux-gnu/qt5/QtCore -I.tmp/release -I/usr/lib/x86_64-linux-gnu/qt5/mkspecs/linux-g++ -o .tmp/release/main.o main.cpp
g++ -c -pipe -std=c++0x -O2 -frtti -Wall -Wno-parentheses -D_REENTRANT -fPIC -DQT_NO_DEBUG -DQT_TESTLIB_LIB -DQT_NETWORK_LIB -DQT_CORE_LIB -DQT_TESTCASE_BUILDDIR='"/workspaces/D-LAN/application/Core/FileManager/TestsFileManager"' -I. -I. -I.. -I../../.. -I/usr/include/x86_64-linux-gnu/qt5 -I/usr/include/x86_64-linux-gnu/qt5/QtTest -I/usr/include/x86_64-linux-gnu/qt5/QtNetwork -I/usr/include/x86_64-linux-gnu/qt5/QtCore -I.tmp/release -I/usr/lib/x86_64-linux-gnu/qt5/mkspecs/linux-g++ -o .tmp/release/Tests.o Tests.cpp
Tests.cpp: In member function ‘void Tests::findFilesWithResultFragmentation()’:
Tests.cpp:605:80: warning: ‘int google::protobuf::MessageLite::ByteSize() const’ is deprecated: Please use ByteSizeLong() instead [-Wdeprecated-declarations]
  605 |       qDebug() << "Fragment number " << i << ", size = " << results[i].ByteSize();
      |                                                             ~~~~~~~~~~~~~~~~~~~^~
In file included from /usr/include/google/protobuf/any.h:38,
                 from /usr/include/google/protobuf/generated_message_util.h:52,
                 from /usr/include/google/protobuf/generated_message_bases.h:40,
                 from ../../../Protos/common.pb.h:26,
                 from ./Tests.h:25,
                 from Tests.cpp:19:
/usr/include/google/protobuf/message_lite.h:381:7: note: declared here
  381 |   int ByteSize() const { return internal::ToIntSize(ByteSizeLong()); }
      |       ^~~~~~~~
In file included from /usr/include/x86_64-linux-gnu/qt5/QtTest/qtest.h:45,
                 from /usr/include/x86_64-linux-gnu/qt5/QtTest/QTest:1,
                 from ./Tests.h:22:
Tests.cpp:606:34: warning: ‘int google::protobuf::MessageLite::ByteSize() const’ is deprecated: Please use ByteSizeLong() instead [-Wdeprecated-declarations]
  606 |       QVERIFY(results[i].ByteSize() <= FRAGMENT_MAX_SIZE);
      |               ~~~~~~~~~~~~~~~~~~~^~
/usr/include/x86_64-linux-gnu/qt5/QtTest/qtestcase.h:65:43: note: in definition of macro ‘QVERIFY’
   65 |     if (!QTest::qVerify(static_cast<bool>(statement), #statement, "", __FILE__, __LINE__))\
      |                                           ^~~~~~~~~
/usr/include/google/protobuf/message_lite.h:381:7: note: declared here
  381 |   int ByteSize() const { return internal::ToIntSize(ByteSizeLong()); }
      |       ^~~~~~~~
In file included from ../priv/Cache/Directory.h:31,
                 from Tests.cpp:660:
../../../Common/SortedList.h: At global scope:
../../../Common/SortedList.h:48:20: warning: ‘template<class T> class QLinkedList’ is deprecated: Use std::list instead [-Wdeprecated-declarations]
   48 |       inline const QLinkedList<T>& getList() const { return this->list; }
      |                    ^~~~~~~~~~~
In file included from /usr/include/x86_64-linux-gnu/qt5/QtCore/qvarlengtharray.h:43,
                 from /usr/include/x86_64-linux-gnu/qt5/QtCore/qmetatype.h:48,
                 from /usr/include/x86_64-linux-gnu/qt5/QtTest/qtestcase.h:47:
/usr/include/x86_64-linux-gnu/qt5/QtCore/qcontainerfwd.h:51:26: note: declared here
   51 | template <class T> class QLinkedList;
      |                          ^~~~~~~~~~~
../../../Common/SortedList.h:52:7: warning: ‘template<class T> class QLinkedList’ is deprecated: Use std::list instead [-Wdeprecated-declarations]
   52 |       QLinkedList<T> list;
      |       ^~~~~~~~~~~
/usr/include/x86_64-linux-gnu/qt5/QtCore/qcontainerfwd.h:51:26: note: declared here
   51 | template <class T> class QLinkedList;
      |                          ^~~~~~~~~~~
../priv/Cache/Directory.h:75:7: warning: ‘template<class T> class QLinkedList’ is deprecated: Use std::list instead [-Wdeprecated-declarations]
   75 |       QLinkedList<Directory*> getSubDirs() const;
      |       ^~~~~~~~~~~
/usr/include/x86_64-linux-gnu/qt5/QtCore/qcontainerfwd.h:51:26: note: declared here
   51 | template <class T> class QLinkedList;
      |                          ^~~~~~~~~~~
../priv/Cache/Directory.h:77:7: warning: ‘template<class T> class QLinkedList’ is deprecated: Use std::list instead [-Wdeprecated-declarations]
   77 |       QLinkedList<File*> getFiles() const;
      |       ^~~~~~~~~~~
/usr/include/x86_64-linux-gnu/qt5/QtCore/qcontainerfwd.h:51:26: note: declared here
   51 | template <class T> class QLinkedList;
      |                          ^~~~~~~~~~~
../priv/Cache/Directory.h:124:7: warning: ‘template<class T> class QLinkedList’ is deprecated: Use std::list instead [-Wdeprecated-declarations]
  124 |       QLinkedList<Directory*> dirsToVisit;
      |       ^~~~~~~~~~~
/usr/include/x86_64-linux-gnu/qt5/QtCore/qcontainerfwd.h:51:26: note: declared here
   51 | template <class T> class QLinkedList;
      |                          ^~~~~~~~~~~
g++ -c -pipe -std=c++0x -O2 -frtti -Wall -Wno-parentheses -D_REENTRANT -fPIC -DQT_NO_DEBUG -DQT_TESTLIB_LIB -DQT_NETWORK_LIB -DQT_CORE_LIB -DQT_TESTCASE_BUILDDIR='"/workspaces/D-LAN/application/Core/FileManager/TestsFileManager"' -I. -I. -I.. -I../../.. -I/usr/include/x86_64-linux-gnu/qt5 -I/usr/include/x86_64-linux-gnu/qt5/QtTest -I/usr/include/x86_64-linux-gnu/qt5/QtNetwork -I/usr/include/x86_64-linux-gnu/qt5/QtCore -I.tmp/release -I/usr/lib/x86_64-linux-gnu/qt5/mkspecs/linux-g++ -o .tmp/release/common.pb.o ../../../Protos/common.pb.cc
g++ -c -pipe -std=c++0x -O2 -frtti -Wall -Wno-parentheses -D_REENTRANT -fPIC -DQT_NO_DEBUG -DQT_TESTLIB_LIB -DQT_NETWORK_LIB -DQT_CORE_LIB -DQT_TESTCASE_BUILDDIR='"/workspaces/D-LAN/application/Core/FileManager/TestsFileManager"' -I. -I. -I.. -I../../.. -I/usr/include/x86_64-linux-gnu/qt5 -I/usr/include/x86_64-linux-gnu/qt5/QtTest -I/usr/include/x86_64-linux-gnu/qt5/QtNetwork -I/usr/include/x86_64-linux-gnu/qt5/QtCore -I.tmp/release -I/usr/lib/x86_64-linux-gnu/qt5/mkspecs/linux-g++ -o .tmp/release/HashesReceiver.o HashesReceiver.cpp
g++ -c -pipe -std=c++0x -O2 -frtti -Wall -Wno-parentheses -D_REENTRANT -fPIC -DQT_NO_DEBUG -DQT_TESTLIB_LIB -DQT_NETWORK_LIB -DQT_CORE_LIB -DQT_TESTCASE_BUILDDIR='"/workspaces/D-LAN/application/Core/FileManager/TestsFileManager"' -I. -I. -I.. -I../../.. -I/usr/include/x86_64-linux-gnu/qt5 -I/usr/include/x86_64-linux-gnu/qt5/QtTest -I/usr/include/x86_64-linux-gnu/qt5/QtNetwork -I/usr/include/x86_64-linux-gnu/qt5/QtCore -I.tmp/release -I/usr/lib/x86_64-linux-gnu/qt5/mkspecs/linux-g++ -o .tmp/release/StressTest.o StressTest.cpp
StressTest.cpp: In member function ‘void StressTest::doASearch()’:
StressTest.cpp:339:14: warning: ‘void QTime::start()’ is deprecated: Use QElapsedTimer instead [-Wdeprecated-declarations]
  339 |    time.start();
      |    ~~~~~~~~~~^~
In file included from /usr/include/x86_64-linux-gnu/qt5/QtTest/qtest.h:54,
                 from /usr/include/x86_64-linux-gnu/qt5/QtTest/QTest:1,
                 from StressTest.cpp:22:
/usr/include/x86_64-linux-gnu/qt5/QtCore/qdatetime.h:235:55: note: declared here
  235 |     QT_DEPRECATED_X("Use QElapsedTimer instead") void start();
      |                                                       ^~~~~
StressTest.cpp:354:28: warning: ‘int QTime::elapsed() const’ is deprecated: Use QElapsedTimer instead [-Wdeprecated-declarations]
  354 |    int delta = time.elapsed();
      |                ~~~~~~~~~~~~^~
/usr/include/x86_64-linux-gnu/qt5/QtCore/qdatetime.h:237:54: note: declared here
  237 |     QT_DEPRECATED_X("Use QElapsedTimer instead") int elapsed() const;
      |                                                      ^~~~~~~
StressTest.cpp: In member function ‘void StressTest::getChunk()’:
StressTest.cpp:381:14: warning: ‘void QTime::start()’ is deprecated: Use QElapsedTimer instead [-Wdeprecated-declarations]
  381 |    time.start();
      |    ~~~~~~~~~~^~
/usr/include/x86_64-linux-gnu/qt5/QtCore/qdatetime.h:235:55: note: declared here
  235 |     QT_DEPRECATED_X("Use QElapsedTimer instead") void start();
      |                                                       ^~~~~
StressTest.cpp:408:74: warning: ‘int QTime::elapsed() const’ is deprecated: Use QElapsedTimer instead [-Wdeprecated-declarations]
  408 |    qDebug() << "Time elapsed for " << i << " getChunk : " << time.elapsed() << " ms";
      |                                                              ~~~~~~~~~~~~^~
/usr/include/x86_64-linux-gnu/qt5/QtCore/qdatetime.h:237:54: note: declared here
  237 |     QT_DEPRECATED_X("Use QElapsedTimer instead") int elapsed() const;
      |                                                      ^~~~~~~
StressTest.cpp: In member function ‘void StressTest::haveChunk()’:
StressTest.cpp:484:14: warning: ‘void QTime::start()’ is deprecated: Use QElapsedTimer instead [-Wdeprecated-declarations]
  484 |    time.start();
      |    ~~~~~~~~~~^~
/usr/include/x86_64-linux-gnu/qt5/QtCore/qdatetime.h:235:55: note: declared here
  235 |     QT_DEPRECATED_X("Use QElapsedTimer instead") void start();
      |                                                       ^~~~~
StressTest.cpp:487:88: warning: ‘int QTime::elapsed() const’ is deprecated: Use QElapsedTimer instead [-Wdeprecated-declarations]
  487 |    qDebug() << "Ask for" << hashes.size() << "hashe(s). Request time :" << time.elapsed() << "ms";
      |                                                                            ~~~~~~~~~~~~^~
/usr/include/x86_64-linux-gnu/qt5/QtCore/qdatetime.h:237:54: note: declared here
  237 |     QT_DEPRECATED_X("Use QElapsedTimer instead") int elapsed() const;
      |                                                      ^~~~~~~
StressTest.cpp: In member function ‘void StressTest::getEntries()’:
StressTest.cpp:523:14: warning: ‘void QTime::start()’ is deprecated: Use QElapsedTimer instead [-Wdeprecated-declarations]
  523 |    time.start();
      |    ~~~~~~~~~~^~
/usr/include/x86_64-linux-gnu/qt5/QtCore/qdatetime.h:235:55: note: declared here
  235 |     QT_DEPRECATED_X("Use QElapsedTimer instead") void start();
      |                                                       ^~~~~
StressTest.cpp:551:66: warning: ‘int QTime::elapsed() const’ is deprecated: Use QElapsedTimer instead [-Wdeprecated-declarations]
  551 |    qDebug() << "Time for " << n << " searches : " << time.elapsed() << " ms";
      |                                                      ~~~~~~~~~~~~^~
/usr/include/x86_64-linux-gnu/qt5/QtCore/qdatetime.h:237:54: note: declared here
  237 |     QT_DEPRECATED_X("Use QElapsedTimer instead") int elapsed() const;
      |                                                      ^~~~~~~
g++ -c -pipe -std=c++0x -O2 -frtti -Wall -Wno-parentheses -D_REENTRANT -fPIC -DQT_NO_DEBUG -DQT_TESTLIB_LIB -DQT_NETWORK_LIB -DQT_CORE_LIB -DQT_TESTCASE_BUILDDIR='"/workspaces/D-LAN/application/Core/FileManager/TestsFileManager"' -I. -I. -I.. -I../../.. -I/usr/include/x86_64-linux-gnu/qt5 -I/usr/include/x86_64-linux-gnu/qt5/QtTest -I/usr/include/x86_64-linux-gnu/qt5/QtNetwork -I/usr/include/x86_64-linux-gnu/qt5/QtCore -I.tmp/release -I/usr/lib/x86_64-linux-gnu/qt5/mkspecs/linux-g++ -o .tmp/release/core_settings.pb.o ../../../Protos/core_settings.pb.cc
g++ -c -pipe -std=c++0x -O2 -frtti -Wall -Wno-parentheses -D_REENTRANT -fPIC -DQT_NO_DEBUG -DQT_TESTLIB_LIB -DQT_NETWORK_LIB -DQT_CORE_LIB -DQT_TESTCASE_BUILDDIR='"/workspaces/D-LAN/application/Core/FileManager/TestsFileManager"' -I. -I. -I.. -I../../.. -I/usr/include/x86_64-linux-gnu/qt5 -I/usr/include/x86_64-linux-gnu/qt5/QtTest -I/usr/include/x86_64-linux-gnu/qt5/QtNetwork -I/usr/include/x86_64-linux-gnu/qt5/QtCore -I.tmp/release -I/usr/lib/x86_64-linux-gnu/qt5/mkspecs/linux-g++ -o .tmp/release/StressTests.o StressTests.cpp
g++ -pipe -std=c++0x -O2 -frtti -Wall -Wno-parentheses -dM -E -o .tmp/release/moc_predefs.h /usr/lib/x86_64-linux-gnu/qt5/mkspecs/features/data/dummy.cpp
/usr/lib/qt5/bin/moc -DQT_NO_DEBUG -DQT_TESTLIB_LIB -DQT_NETWORK_LIB -DQT_CORE_LIB -DQT_TESTCASE_BUILDDIR='"/workspaces/D-LAN/application/Core/FileManager/TestsFileManager"' --include /workspaces/D-LAN/application/Core/FileManager/TestsFileManager/.tmp/release/moc_predefs.h -I/usr/lib/x86_64-linux-gnu/qt5/mkspecs/linux-g++ -I/workspaces/D-LAN/application/Core/FileManager/TestsFileManager -I/workspaces/D-LAN/application/Core/FileManager/TestsFileManager -I/workspaces/D-LAN/application/Core/FileManager -I/workspaces/D-LAN/application -I/usr/include/x86_64-linux-gnu/qt5 -I/usr/include/x86_64-linux-gnu/qt5/QtTest -I/usr/include/x86_64-linux-gnu/qt5/QtNetwork -I/usr/include/x86_64-linux-gnu/qt5/QtCore -I/usr/include/c++/13 -I/usr/include/x86_64-linux-gnu/c++/13 -I/usr/include/c++/13/backward -I/usr/lib/gcc/x86_64-linux-gnu/13/include -I/usr/local/include -I/usr/include/x86_64-linux-gnu -I/usr/include Tests.h -o .tmp/release/moc_Tests.cpp
g++ -c -pipe -std=c++0x -O2 -frtti -Wall -Wno-parentheses -D_REENTRANT -fPIC -DQT_NO_DEBUG -DQT_TESTLIB_LIB -DQT_NETWORK_LIB -DQT_CORE_LIB -DQT_TESTCASE_BUILDDIR='"/workspaces/D-LAN/application/Core/FileManager/TestsFileManager"' -I. -I. -I.. -I../../.. -I/usr/include/x86_64-linux-gnu/qt5 -I/usr/include/x86_64-linux-gnu/qt5/QtTest -I/usr/include/x86_64-linux-gnu/qt5/QtNetwork -I/usr/include/x86_64-linux-gnu/qt5/QtCore -I.tmp/release -I/usr/lib/x86_64-linux-gnu/qt5/mkspecs/linux-g++ -o .tmp/release/moc_Tests.o .tmp/release/moc_Tests.cpp
/usr/lib/qt5/bin/moc -DQT_NO_DEBUG -DQT_TESTLIB_LIB -DQT_NETWORK_LIB -DQT_CORE_LIB -DQT_TESTCASE_BUILDDIR='"/workspaces/D-LAN/application/Core/FileManager/TestsFileManager"' --include /workspaces/D-LAN/application/Core/FileManager/TestsFileManager/.tmp/release/moc_predefs.h -I/usr/lib/x86_64-linux-gnu/qt5/mkspecs/linux-g++ -I/workspaces/D-LAN/application/Core/FileManager/TestsFileManager -I/workspaces/D-LAN/application/Core/FileManager/TestsFileManager -I/workspaces/D-LAN/application/Core/FileManager -I/workspaces/D-LAN/application -I/usr/include/x86_64-linux-gnu/qt5 -I/usr/include/x86_64-linux-gnu/qt5/QtTest -I/usr/include/x86_64-linux-gnu/qt5/QtNetwork -I/usr/include/x86_64-linux-gnu/qt5/QtCore -I/usr/include/c++/13 -I/usr/include/x86_64-linux-gnu/c++/13 -I/usr/include/c++/13/backward -I/usr/lib/gcc/x86_64-linux-gnu/13/include -I/usr/local/include -I/usr/include/x86_64-linux-gnu -I/usr/include HashesReceiver.h -o .tmp/release/moc_HashesReceiver.cpp
g++ -c -pipe -std=c++0x -O2 -frtti -Wall -Wno-parentheses -D_REENTRANT -fPIC -DQT_NO_DEBUG -DQT_TESTLIB_LIB -DQT_NETWORK_LIB -DQT_CORE_LIB -DQT_TESTCASE_BUILDDIR='"/workspaces/D-LAN/application/Core/FileManager/TestsFileManager"' -I. -I. -I.. -I../../.. -I/usr/include/x86_64-linux-gnu/qt5 -I/usr/include/x86_64-linux-gnu/qt5/QtTest -I/usr/include/x86_64-linux-gnu/qt5/QtNetwork -I/usr/include/x86_64-linux-gnu/qt5/QtCore -I.tmp/release -I/usr/lib/x86_64-linux-gnu/qt5/mkspecs/linux-g++ -o .tmp/release/moc_HashesReceiver.o .tmp/release/moc_HashesReceiver.cpp
/usr/lib/qt5/bin/moc -DQT_NO_DEBUG -DQT_TESTLIB_LIB -DQT_NETWORK_LIB -DQT_CORE_LIB -DQT_TESTCASE_BUILDDIR='"/workspaces/D-LAN/application/Core/FileManager/TestsFileManager"' --include /workspaces/D-LAN/application/Core/FileManager/TestsFileManager/.tmp/release/moc_predefs.h -I/usr/lib/x86_64-linux-gnu/qt5/mkspecs/linux-g++ -I/workspaces/D-LAN/application/Core/FileManager/TestsFileManager -I/workspaces/D-LAN/application/Core/FileManager/TestsFileManager -I/workspaces/D-LAN/application/Core/FileManager -I/workspaces/D-LAN/application -I/usr/include/x86_64-linux-gnu/qt5 -I/usr/include/x86_64-linux-gnu/qt5/QtTest -I/usr/include/x86_64-linux-gnu/qt5/QtNetwork -I/usr/include/x86_64-linux-gnu/qt5/QtCore -I/usr/include/c++/13 -I/usr/include/x86_64-linux-gnu/c++/13 -I/usr/include/c++/13/backward -I/usr/lib/gcc/x86_64-linux-gnu/13/include -I/usr/local/include -I/usr/include/x86_64-linux-gnu -I/usr/include StressTest.h -o .tmp/release/moc_StressTest.cpp
g++ -c -pipe -std=c++0x -O2 -frtti -Wall -Wno-parentheses -D_REENTRANT -fPIC -DQT_NO_DEBUG -DQT_TESTLIB_LIB -DQT_NETWORK_LIB -DQT_CORE_LIB -DQT_TESTCASE_BUILDDIR='"/workspaces/D-LAN/application/Core/FileManager/TestsFileManager"' -I. -I. -I.. -I../../.. -I/usr/include/x86_64-linux-gnu/qt5 -I/usr/include/x86_64-linux-gnu/qt5/QtTest -I/usr/include/x86_64-linux-gnu/qt5/QtNetwork -I/usr/include/x86_64-linux-gnu/qt5/QtCore -I.tmp/release -I/usr/lib/x86_64-linux-gnu/qt5/mkspecs/linux-g++ -o .tmp/release/moc_StressTest.o .tmp/release/moc_StressTest.cpp
/usr/lib/qt5/bin/moc -DQT_NO_DEBUG -DQT_TESTLIB_LIB -DQT_NETWORK_LIB -DQT_CORE_LIB -DQT_TESTCASE_BUILDDIR='"/workspaces/D-LAN/application/Core/FileManager/TestsFileManager"' --include /workspaces/D-LAN/application/Core/FileManager/TestsFileManager/.tmp/release/moc_predefs.h -I/usr/lib/x86_64-linux-gnu/qt5/mkspecs/linux-g++ -I/workspaces/D-LAN/application/Core/FileManager/TestsFileManager -I/workspaces/D-LAN/application/Core/FileManager/TestsFileManager -I/workspaces/D-LAN/application/Core/FileManager -I/workspaces/D-LAN/application -I/usr/include/x86_64-linux-gnu/qt5 -I/usr/include/x86_64-linux-gnu/qt5/QtTest -I/usr/include/x86_64-linux-gnu/qt5/QtNetwork -I/usr/include/x86_64-linux-gnu/qt5/QtCore -I/usr/include/c++/13 -I/usr/include/x86_64-linux-gnu/c++/13 -I/usr/include/c++/13/backward -I/usr/lib/gcc/x86_64-linux-gnu/13/include -I/usr/local/include -I/usr/include/x86_64-linux-gnu -I/usr/include StressTests.h -o .tmp/release/moc_StressTests.cpp
g++ -c -pipe -std=c++0x -O2 -frtti -Wall -Wno-parentheses -D_REENTRANT -fPIC -DQT_NO_DEBUG -DQT_TESTLIB_LIB -DQT_NETWORK_LIB -DQT_CORE_LIB -DQT_TESTCASE_BUILDDIR='"/workspaces/D-LAN/application/Core/FileManager/TestsFileManager"' -I. -I. -I.. -I../../.. -I/usr/include/x86_64-linux-gnu/qt5 -I/usr/include/x86_64-linux-gnu/qt5/QtTest -I/usr/include/x86_64-linux-gnu/qt5/QtNetwork -I/usr/include/x86_64-linux-gnu/qt5/QtCore -I.tmp/release -I/usr/lib/x86_64-linux-gnu/qt5/mkspecs/linux-g++ -o .tmp/release/moc_StressTests.o .tmp/release/moc_StressTests.cpp
g++ -Wl,-O1 -o output/release/TestsFileManager .tmp/release/main.o .tmp/release/Tests.o .tmp/release/common.pb.o .tmp/release/HashesReceiver.o .tmp/release/StressTest.o .tmp/release/core_settings.pb.o .tmp/release/StressTests.o .tmp/release/moc_Tests.o .tmp/release/moc_HashesReceiver.o .tmp/release/moc_StressTest.o .tmp/release/moc_StressTests.o   -L../output/release -lFileManager -L../../../Common/output/release -lCommon -lprotobuf -L../../../Common/LogManager/output/release -lLogManager /usr/lib/x86_64-linux-gnu/libQt5Test.so /usr/lib/x86_64-linux-gnu/libQt5Network.so /usr/lib/x86_64-linux-gnu/libQt5Core.so -lpthread   
make: Leaving directory '/workspaces/D-LAN/application/Core/FileManager/TestsFileManager'
/workspaces/D-LAN/application
/workspaces/D-LAN/application /workspaces/D-LAN/application
Compiling PeerManager..
make: Entering directory '/workspaces/D-LAN/application/Core/PeerManager'
rm -f .tmp/release/moc_predefs.h
rm -f .tmp/release/moc_IPeerManager.cpp .tmp/release/moc_PeerManager.cpp .tmp/release/moc_Peer.cpp .tmp/release/moc_ConnectionPool.cpp .tmp/release/moc_PeerMessageSocket.cpp .tmp/release/moc_IGetEntriesResult.cpp .tmp/release/moc_IGetHashesResult.cpp .tmp/release/moc_IGetChunkResult.cpp .tmp/release/moc_GetEntriesResult.cpp .tmp/release/moc_GetHashesResult.cpp .tmp/release/moc_GetChunkResult.cpp .tmp/release/moc_PeerSelf.cpp
rm -f .tmp/release/PeerManager.o .tmp/release/Peer.o .tmp/release/Builder.o .tmp/release/ConnectionPool.o .tmp/release/GetEntriesResult.o .tmp/release/GetHashesResult.o .tmp/release/GetChunkResult.o .tmp/release/Log.o .tmp/release/PeerSelf.o .tmp/release/PeerMessageSocket.o .tmp/release/moc_IPeerManager.o .tmp/release/moc_PeerManager.o .tmp/release/moc_Peer.o .tmp/release/moc_ConnectionPool.o .tmp/release/moc_PeerMessageSocket.o .tmp/release/moc_IGetEntriesResult.o .tmp/release/moc_IGetHashesResult.o .tmp/release/moc_IGetChunkResult.o .tmp/release/moc_GetEntriesResult.o .tmp/release/moc_GetHashesResult.o .tmp/release/moc_GetChunkResult.o .tmp/release/moc_PeerSelf.o
rm -f *~ core *.core
make: Leaving directory '/workspaces/D-LAN/application/Core/PeerManager'
make: Entering directory '/workspaces/D-LAN/application/Core/PeerManager'
g++ -c -pipe -std=c++0x -O2 -fPIC -frtti -Wall -Wno-parentheses -D_REENTRANT -DPEERMANAGER_LIBRARY -DQT_NO_DEBUG -DQT_NETWORK_LIB -DQT_CORE_LIB -I. -I. -I../.. -I/usr/include/x86_64-linux-gnu/qt5 -I/usr/include/x86_64-linux-gnu/qt5/QtNetwork -I/usr/include/x86_64-linux-gnu/qt5/QtCore -I.tmp/release -I/usr/lib/x86_64-linux-gnu/qt5/mkspecs/linux-g++ -o .tmp/release/PeerManager.o priv/PeerManager.cpp
In file included from priv/PeerManager.cpp:19:
./priv/PeerManager.h: In constructor ‘PM::PendingSocket::PendingSocket(QTcpSocket*)’:
./priv/PeerManager.h:46:73: warning: ‘void QTime::start()’ is deprecated: Use QElapsedTimer instead [-Wdeprecated-declarations]
   46 |       PendingSocket(QTcpSocket* socket) : socket(socket) { this->t.start(); }
      |                                                            ~~~~~~~~~~~~~^~
In file included from /usr/include/x86_64-linux-gnu/qt5/QtCore/QTime:1,
                 from ./priv/PeerManager.h:25:
/usr/include/x86_64-linux-gnu/qt5/QtCore/qdatetime.h:235:55: note: declared here
  235 |     QT_DEPRECATED_X("Use QElapsedTimer instead") void start();
      |                                                       ^~~~~
priv/PeerManager.cpp: In member function ‘void PM::PeerManager::checkIdlePendingSockets()’:
priv/PeerManager.cpp:244:34: warning: ‘int QTime::elapsed() const’ is deprecated: Use QElapsedTimer instead [-Wdeprecated-declarations]
  244 |       if (pendingSocket.t.elapsed() > SOCKET_TIMEOUT)
      |           ~~~~~~~~~~~~~~~~~~~~~~~^~
/usr/include/x86_64-linux-gnu/qt5/QtCore/qdatetime.h:237:54: note: declared here
  237 |     QT_DEPRECATED_X("Use QElapsedTimer instead") int elapsed() const;
      |                                                      ^~~~~~~
g++ -c -pipe -std=c++0x -O2 -fPIC -frtti -Wall -Wno-parentheses -D_REENTRANT -DPEERMANAGER_LIBRARY -DQT_NO_DEBUG -DQT_NETWORK_LIB -DQT_CORE_LIB -I. -I. -I../.. -I/usr/include/x86_64-linux-gnu/qt5 -I/usr/include/x86_64-linux-gnu/qt5/QtNetwork -I/usr/include/x86_64-linux-gnu/qt5/QtCore -I.tmp/release -I/usr/lib/x86_64-linux-gnu/qt5/mkspecs/linux-g++ -o .tmp/release/Peer.o priv/Peer.cpp
In file included from priv/Peer.cpp:28:
./priv/PeerManager.h: In constructor ‘PM::PendingSocket::PendingSocket(QTcpSocket*)’:
./priv/PeerManager.h:46:73: warning: ‘void QTime::start()’ is deprecated: Use QElapsedTimer instead [-Wdeprecated-declarations]
   46 |       PendingSocket(QTcpSocket* socket) : socket(socket) { this->t.start(); }
      |                                                            ~~~~~~~~~~~~~^~
In file included from /usr/include/x86_64-linux-gnu/qt5/QtCore/qcborvalue.h:44,
                 from /usr/include/x86_64-linux-gnu/qt5/QtCore/qcborarray.h:43,
                 from /usr/include/x86_64-linux-gnu/qt5/QtCore/QtCore:38,
                 from /usr/include/x86_64-linux-gnu/qt5/QtNetwork/QtNetworkDepends:3,
                 from /usr/include/x86_64-linux-gnu/qt5/QtNetwork/QtNetwork:3,
                 from ./priv/ConnectionPool.h:22,
                 from ./priv/Peer.h:39,
                 from priv/Peer.cpp:19:
/usr/include/x86_64-linux-gnu/qt5/QtCore/qdatetime.h:235:55: note: declared here
  235 |     QT_DEPRECATED_X("Use QElapsedTimer instead") void start();
      |                                                       ^~~~~
g++ -c -pipe -std=c++0x -O2 -fPIC -frtti -Wall -Wno-parentheses -D_REENTRANT -DPEERMANAGER_LIBRARY -DQT_NO_DEBUG -DQT_NETWORK_LIB -DQT_CORE_LIB -I. -I. -I../.. -I/usr/include/x86_64-linux-gnu/qt5 -I/usr/include/x86_64-linux-gnu/qt5/QtNetwork -I/usr/include/x86_64-linux-gnu/qt5/QtCore -I.tmp/release -I/usr/lib/x86_64-linux-gnu/qt5/mkspecs/linux-g++ -o .tmp/release/Builder.o priv/Builder.cpp
In file included from priv/Builder.cpp:23:
./priv/PeerManager.h: In constructor ‘PM::PendingSocket::PendingSocket(QTcpSocket*)’:
./priv/PeerManager.h:46:73: warning: ‘void QTime::start()’ is deprecated: Use QElapsedTimer instead [-Wdeprecated-declarations]
   46 |       PendingSocket(QTcpSocket* socket) : socket(socket) { this->t.start(); }
      |                                                            ~~~~~~~~~~~~~^~
In file included from /usr/include/x86_64-linux-gnu/qt5/QtCore/qcborvalue.h:44,
                 from /usr/include/x86_64-linux-gnu/qt5/QtCore/qcborarray.h:43,
                 from /usr/include/x86_64-linux-gnu/qt5/QtCore/QtCore:38,
                 from /usr/include/x86_64-linux-gnu/qt5/QtNetwork/QtNetworkDepends:3,
                 from /usr/include/x86_64-linux-gnu/qt5/QtNetwork/QtNetwork:3,
                 from ./IPeerManager.h:23,
                 from priv/Builder.cpp:22:
/usr/include/x86_64-linux-gnu/qt5/QtCore/qdatetime.h:235:55: note: declared here
  235 |     QT_DEPRECATED_X("Use QElapsedTimer instead") void start();
      |                                                       ^~~~~
g++ -c -pipe -std=c++0x -O2 -fPIC -frtti -Wall -Wno-parentheses -D_REENTRANT -DPEERMANAGER_LIBRARY -DQT_NO_DEBUG -DQT_NETWORK_LIB -DQT_CORE_LIB -I. -I. -I../.. -I/usr/include/x86_64-linux-gnu/qt5 -I/usr/include/x86_64-linux-gnu/qt5/QtNetwork -I/usr/include/x86_64-linux-gnu/qt5/QtCore -I.tmp/release -I/usr/lib/x86_64-linux-gnu/qt5/mkspecs/linux-g++ -o .tmp/release/ConnectionPool.o priv/ConnectionPool.cpp
In file included from priv/ConnectionPool.cpp:28:
./priv/PeerManager.h: In constructor ‘PM::PendingSocket::PendingSocket(QTcpSocket*)’:
./priv/PeerManager.h:46:73: warning: ‘void QTime::start()’ is deprecated: Use QElapsedTimer instead [-Wdeprecated-declarations]
   46 |       PendingSocket(QTcpSocket* socket) : socket(socket) { this->t.start(); }
      |                                                            ~~~~~~~~~~~~~^~
In file included from /usr/include/x86_64-linux-gnu/qt5/QtCore/qcborvalue.h:44,
                 from /usr/include/x86_64-linux-gnu/qt5/QtCore/qcborarray.h:43,
                 from /usr/include/x86_64-linux-gnu/qt5/QtCore/QtCore:38,
                 from /usr/include/x86_64-linux-gnu/qt5/QtNetwork/QtNetworkDepends:3,
                 from /usr/include/x86_64-linux-gnu/qt5/QtNetwork/QtNetwork:3,
                 from ./priv/ConnectionPool.h:22,
                 from priv/ConnectionPool.cpp:19:
/usr/include/x86_64-linux-gnu/qt5/QtCore/qdatetime.h:235:55: note: declared here
  235 |     QT_DEPRECATED_X("Use QElapsedTimer instead") void start();
      |                                                       ^~~~~
g++ -c -pipe -std=c++0x -O2 -fPIC -frtti -Wall -Wno-parentheses -D_REENTRANT -DPEERMANAGER_LIBRARY -DQT_NO_DEBUG -DQT_NETWORK_LIB -DQT_CORE_LIB -I. -I. -I../.. -I/usr/include/x86_64-linux-gnu/qt5 -I/usr/include/x86_64-linux-gnu/qt5/QtNetwork -I/usr/include/x86_64-linux-gnu/qt5/QtCore -I.tmp/release -I/usr/lib/x86_64-linux-gnu/qt5/mkspecs/linux-g++ -o .tmp/release/GetEntriesResult.o priv/GetEntriesResult.cpp
g++ -c -pipe -std=c++0x -O2 -fPIC -frtti -Wall -Wno-parentheses -D_REENTRANT -DPEERMANAGER_LIBRARY -DQT_NO_DEBUG -DQT_NETWORK_LIB -DQT_CORE_LIB -I. -I. -I../.. -I/usr/include/x86_64-linux-gnu/qt5 -I/usr/include/x86_64-linux-gnu/qt5/QtNetwork -I/usr/include/x86_64-linux-gnu/qt5/QtCore -I.tmp/release -I/usr/lib/x86_64-linux-gnu/qt5/mkspecs/linux-g++ -o .tmp/release/GetHashesResult.o priv/GetHashesResult.cpp
g++ -c -pipe -std=c++0x -O2 -fPIC -frtti -Wall -Wno-parentheses -D_REENTRANT -DPEERMANAGER_LIBRARY -DQT_NO_DEBUG -DQT_NETWORK_LIB -DQT_CORE_LIB -I. -I. -I../.. -I/usr/include/x86_64-linux-gnu/qt5 -I/usr/include/x86_64-linux-gnu/qt5/QtNetwork -I/usr/include/x86_64-linux-gnu/qt5/QtCore -I.tmp/release -I/usr/lib/x86_64-linux-gnu/qt5/mkspecs/linux-g++ -o .tmp/release/GetChunkResult.o priv/GetChunkResult.cpp
g++ -c -pipe -std=c++0x -O2 -fPIC -frtti -Wall -Wno-parentheses -D_REENTRANT -DPEERMANAGER_LIBRARY -DQT_NO_DEBUG -DQT_NETWORK_LIB -DQT_CORE_LIB -I. -I. -I../.. -I/usr/include/x86_64-linux-gnu/qt5 -I/usr/include/x86_64-linux-gnu/qt5/QtNetwork -I/usr/include/x86_64-linux-gnu/qt5/QtCore -I.tmp/release -I/usr/lib/x86_64-linux-gnu/qt5/mkspecs/linux-g++ -o .tmp/release/Log.o priv/Log.cpp
g++ -c -pipe -std=c++0x -O2 -fPIC -frtti -Wall -Wno-parentheses -D_REENTRANT -DPEERMANAGER_LIBRARY -DQT_NO_DEBUG -DQT_NETWORK_LIB -DQT_CORE_LIB -I. -I. -I../.. -I/usr/include/x86_64-linux-gnu/qt5 -I/usr/include/x86_64-linux-gnu/qt5/QtNetwork -I/usr/include/x86_64-linux-gnu/qt5/QtCore -I.tmp/release -I/usr/lib/x86_64-linux-gnu/qt5/mkspecs/linux-g++ -o .tmp/release/PeerSelf.o priv/PeerSelf.cpp
g++ -c -pipe -std=c++0x -O2 -fPIC -frtti -Wall -Wno-parentheses -D_REENTRANT -DPEERMANAGER_LIBRARY -DQT_NO_DEBUG -DQT_NETWORK_LIB -DQT_CORE_LIB -I. -I. -I../.. -I/usr/include/x86_64-linux-gnu/qt5 -I/usr/include/x86_64-linux-gnu/qt5/QtNetwork -I/usr/include/x86_64-linux-gnu/qt5/QtCore -I.tmp/release -I/usr/lib/x86_64-linux-gnu/qt5/mkspecs/linux-g++ -o .tmp/release/PeerMessageSocket.o priv/PeerMessageSocket.cpp
In file included from priv/PeerMessageSocket.cpp:32:
./priv/PeerManager.h: In constructor ‘PM::PendingSocket::PendingSocket(QTcpSocket*)’:
./priv/PeerManager.h:46:73: warning: ‘void QTime::start()’ is deprecated: Use QElapsedTimer instead [-Wdeprecated-declarations]
   46 |       PendingSocket(QTcpSocket* socket) : socket(socket) { this->t.start(); }
      |                                                            ~~~~~~~~~~~~~^~
In file included from /usr/include/x86_64-linux-gnu/qt5/QtCore/QDateTime:1,
                 from ./priv/PeerMessageSocket.h:23,
                 from priv/PeerMessageSocket.cpp:19:
/usr/include/x86_64-linux-gnu/qt5/QtCore/qdatetime.h:235:55: note: declared here
  235 |     QT_DEPRECATED_X("Use QElapsedTimer instead") void start();
      |                                                       ^~~~~
g++ -pipe -std=c++0x -O2 -fPIC -frtti -Wall -Wno-parentheses -dM -E -o .tmp/release/moc_predefs.h /usr/lib/x86_64-linux-gnu/qt5/mkspecs/features/data/dummy.cpp
/usr/lib/qt5/bin/moc -DPEERMANAGER_LIBRARY -DQT_NO_DEBUG -DQT_NETWORK_LIB -DQT_CORE_LIB --include /workspaces/D-LAN/application/Core/PeerManager/.tmp/release/moc_predefs.h -I/usr/lib/x86_64-linux-gnu/qt5/mkspecs/linux-g++ -I/workspaces/D-LAN/application/Core/PeerManager -I/workspaces/D-LAN/application/Core/PeerManager -I/workspaces/D-LAN/application -I/usr/include/x86_64-linux-gnu/qt5 -I/usr/include/x86_64-linux-gnu/qt5/QtNetwork -I/usr/include/x86_64-linux-gnu/qt5/QtCore -I/usr/include/c++/13 -I/usr/include/x86_64-linux-gnu/c++/13 -I/usr/include/c++/13/backward -I/usr/lib/gcc/x86_64-linux-gnu/13/include -I/usr/local/include -I/usr/include/x86_64-linux-gnu -I/usr/include IPeerManager.h -o .tmp/release/moc_IPeerManager.cpp
g++ -c -pipe -std=c++0x -O2 -fPIC -frtti -Wall -Wno-parentheses -D_REENTRANT -DPEERMANAGER_LIBRARY -DQT_NO_DEBUG -DQT_NETWORK_LIB -DQT_CORE_LIB -I. -I. -I../.. -I/usr/include/x86_64-linux-gnu/qt5 -I/usr/include/x86_64-linux-gnu/qt5/QtNetwork -I/usr/include/x86_64-linux-gnu/qt5/QtCore -I.tmp/release -I/usr/lib/x86_64-linux-gnu/qt5/mkspecs/linux-g++ -o .tmp/release/moc_IPeerManager.o .tmp/release/moc_IPeerManager.cpp
/usr/lib/qt5/bin/moc -DPEERMANAGER_LIBRARY -DQT_NO_DEBUG -DQT_NETWORK_LIB -DQT_CORE_LIB --include /workspaces/D-LAN/application/Core/PeerManager/.tmp/release/moc_predefs.h -I/usr/lib/x86_64-linux-gnu/qt5/mkspecs/linux-g++ -I/workspaces/D-LAN/application/Core/PeerManager -I/workspaces/D-LAN/application/Core/PeerManager -I/workspaces/D-LAN/application -I/usr/include/x86_64-linux-gnu/qt5 -I/usr/include/x86_64-linux-gnu/qt5/QtNetwork -I/usr/include/x86_64-linux-gnu/qt5/QtCore -I/usr/include/c++/13 -I/usr/include/x86_64-linux-gnu/c++/13 -I/usr/include/c++/13/backward -I/usr/lib/gcc/x86_64-linux-gnu/13/include -I/usr/local/include -I/usr/include/x86_64-linux-gnu -I/usr/include priv/PeerManager.h -o .tmp/release/moc_PeerManager.cpp
g++ -c -pipe -std=c++0x -O2 -fPIC -frtti -Wall -Wno-parentheses -D_REENTRANT -DPEERMANAGER_LIBRARY -DQT_NO_DEBUG -DQT_NETWORK_LIB -DQT_CORE_LIB -I. -I. -I../.. -I/usr/include/x86_64-linux-gnu/qt5 -I/usr/include/x86_64-linux-gnu/qt5/QtNetwork -I/usr/include/x86_64-linux-gnu/qt5/QtCore -I.tmp/release -I/usr/lib/x86_64-linux-gnu/qt5/mkspecs/linux-g++ -o .tmp/release/moc_PeerManager.o .tmp/release/moc_PeerManager.cpp
In file included from .tmp/release/moc_PeerManager.cpp:10:
.tmp/release/../../priv/PeerManager.h: In constructor ‘PM::PendingSocket::PendingSocket(QTcpSocket*)’:
.tmp/release/../../priv/PeerManager.h:46:73: warning: ‘void QTime::start()’ is deprecated: Use QElapsedTimer instead [-Wdeprecated-declarations]
   46 |       PendingSocket(QTcpSocket* socket) : socket(socket) { this->t.start(); }
      |                                                            ~~~~~~~~~~~~~^~
In file included from /usr/include/x86_64-linux-gnu/qt5/QtCore/QTime:1,
                 from .tmp/release/../../priv/PeerManager.h:25:
/usr/include/x86_64-linux-gnu/qt5/QtCore/qdatetime.h:235:55: note: declared here
  235 |     QT_DEPRECATED_X("Use QElapsedTimer instead") void start();
      |                                                       ^~~~~
/usr/lib/qt5/bin/moc -DPEERMANAGER_LIBRARY -DQT_NO_DEBUG -DQT_NETWORK_LIB -DQT_CORE_LIB --include /workspaces/D-LAN/application/Core/PeerManager/.tmp/release/moc_predefs.h -I/usr/lib/x86_64-linux-gnu/qt5/mkspecs/linux-g++ -I/workspaces/D-LAN/application/Core/PeerManager -I/workspaces/D-LAN/application/Core/PeerManager -I/workspaces/D-LAN/application -I/usr/include/x86_64-linux-gnu/qt5 -I/usr/include/x86_64-linux-gnu/qt5/QtNetwork -I/usr/include/x86_64-linux-gnu/qt5/QtCore -I/usr/include/c++/13 -I/usr/include/x86_64-linux-gnu/c++/13 -I/usr/include/c++/13/backward -I/usr/lib/gcc/x86_64-linux-gnu/13/include -I/usr/local/include -I/usr/include/x86_64-linux-gnu -I/usr/include priv/Peer.h -o .tmp/release/moc_Peer.cpp
g++ -c -pipe -std=c++0x -O2 -fPIC -frtti -Wall -Wno-parentheses -D_REENTRANT -DPEERMANAGER_LIBRARY -DQT_NO_DEBUG -DQT_NETWORK_LIB -DQT_CORE_LIB -I. -I. -I../.. -I/usr/include/x86_64-linux-gnu/qt5 -I/usr/include/x86_64-linux-gnu/qt5/QtNetwork -I/usr/include/x86_64-linux-gnu/qt5/QtCore -I.tmp/release -I/usr/lib/x86_64-linux-gnu/qt5/mkspecs/linux-g++ -o .tmp/release/moc_Peer.o .tmp/release/moc_Peer.cpp
/usr/lib/qt5/bin/moc -DPEERMANAGER_LIBRARY -DQT_NO_DEBUG -DQT_NETWORK_LIB -DQT_CORE_LIB --include /workspaces/D-LAN/application/Core/PeerManager/.tmp/release/moc_predefs.h -I/usr/lib/x86_64-linux-gnu/qt5/mkspecs/linux-g++ -I/workspaces/D-LAN/application/Core/PeerManager -I/workspaces/D-LAN/application/Core/PeerManager -I/workspaces/D-LAN/application -I/usr/include/x86_64-linux-gnu/qt5 -I/usr/include/x86_64-linux-gnu/qt5/QtNetwork -I/usr/include/x86_64-linux-gnu/qt5/QtCore -I/usr/include/c++/13 -I/usr/include/x86_64-linux-gnu/c++/13 -I/usr/include/c++/13/backward -I/usr/lib/gcc/x86_64-linux-gnu/13/include -I/usr/local/include -I/usr/include/x86_64-linux-gnu -I/usr/include priv/ConnectionPool.h -o .tmp/release/moc_ConnectionPool.cpp
g++ -c -pipe -std=c++0x -O2 -fPIC -frtti -Wall -Wno-parentheses -D_REENTRANT -DPEERMANAGER_LIBRARY -DQT_NO_DEBUG -DQT_NETWORK_LIB -DQT_CORE_LIB -I. -I. -I../.. -I/usr/include/x86_64-linux-gnu/qt5 -I/usr/include/x86_64-linux-gnu/qt5/QtNetwork -I/usr/include/x86_64-linux-gnu/qt5/QtCore -I.tmp/release -I/usr/lib/x86_64-linux-gnu/qt5/mkspecs/linux-g++ -o .tmp/release/moc_ConnectionPool.o .tmp/release/moc_ConnectionPool.cpp
/usr/lib/qt5/bin/moc -DPEERMANAGER_LIBRARY -DQT_NO_DEBUG -DQT_NETWORK_LIB -DQT_CORE_LIB --include /workspaces/D-LAN/application/Core/PeerManager/.tmp/release/moc_predefs.h -I/usr/lib/x86_64-linux-gnu/qt5/mkspecs/linux-g++ -I/workspaces/D-LAN/application/Core/PeerManager -I/workspaces/D-LAN/application/Core/PeerManager -I/workspaces/D-LAN/application -I/usr/include/x86_64-linux-gnu/qt5 -I/usr/include/x86_64-linux-gnu/qt5/QtNetwork -I/usr/include/x86_64-linux-gnu/qt5/QtCore -I/usr/include/c++/13 -I/usr/include/x86_64-linux-gnu/c++/13 -I/usr/include/c++/13/backward -I/usr/lib/gcc/x86_64-linux-gnu/13/include -I/usr/local/include -I/usr/include/x86_64-linux-gnu -I/usr/include priv/PeerMessageSocket.h -o .tmp/release/moc_PeerMessageSocket.cpp
g++ -c -pipe -std=c++0x -O2 -fPIC -frtti -Wall -Wno-parentheses -D_REENTRANT -DPEERMANAGER_LIBRARY -DQT_NO_DEBUG -DQT_NETWORK_LIB -DQT_CORE_LIB -I. -I. -I../.. -I/usr/include/x86_64-linux-gnu/qt5 -I/usr/include/x86_64-linux-gnu/qt5/QtNetwork -I/usr/include/x86_64-linux-gnu/qt5/QtCore -I.tmp/release -I/usr/lib/x86_64-linux-gnu/qt5/mkspecs/linux-g++ -o .tmp/release/moc_PeerMessageSocket.o .tmp/release/moc_PeerMessageSocket.cpp
/usr/lib/qt5/bin/moc -DPEERMANAGER_LIBRARY -DQT_NO_DEBUG -DQT_NETWORK_LIB -DQT_CORE_LIB --include /workspaces/D-LAN/application/Core/PeerManager/.tmp/release/moc_predefs.h -I/usr/lib/x86_64-linux-gnu/qt5/mkspecs/linux-g++ -I/workspaces/D-LAN/application/Core/PeerManager -I/workspaces/D-LAN/application/Core/PeerManager -I/workspaces/D-LAN/application -I/usr/include/x86_64-linux-gnu/qt5 -I/usr/include/x86_64-linux-gnu/qt5/QtNetwork -I/usr/include/x86_64-linux-gnu/qt5/QtCore -I/usr/include/c++/13 -I/usr/include/x86_64-linux-gnu/c++/13 -I/usr/include/c++/13/backward -I/usr/lib/gcc/x86_64-linux-gnu/13/include -I/usr/local/include -I/usr/include/x86_64-linux-gnu -I/usr/include IGetEntriesResult.h -o .tmp/release/moc_IGetEntriesResult.cpp
g++ -c -pipe -std=c++0x -O2 -fPIC -frtti -Wall -Wno-parentheses -D_REENTRANT -DPEERMANAGER_LIBRARY -DQT_NO_DEBUG -DQT_NETWORK_LIB -DQT_CORE_LIB -I. -I. -I../.. -I/usr/include/x86_64-linux-gnu/qt5 -I/usr/include/x86_64-linux-gnu/qt5/QtNetwork -I/usr/include/x86_64-linux-gnu/qt5/QtCore -I.tmp/release -I/usr/lib/x86_64-linux-gnu/qt5/mkspecs/linux-g++ -o .tmp/release/moc_IGetEntriesResult.o .tmp/release/moc_IGetEntriesResult.cpp
/usr/lib/qt5/bin/moc -DPEERMANAGER_LIBRARY -DQT_NO_DEBUG -DQT_NETWORK_LIB -DQT_CORE_LIB --include /workspaces/D-LAN/application/Core/PeerManager/.tmp/release/moc_predefs.h -I/usr/lib/x86_64-linux-gnu/qt5/mkspecs/linux-g++ -I/workspaces/D-LAN/application/Core/PeerManager -I/workspaces/D-LAN/application/Core/PeerManager -I/workspaces/D-LAN/application -I/usr/include/x86_64-linux-gnu/qt5 -I/usr/include/x86_64-linux-gnu/qt5/QtNetwork -I/usr/include/x86_64-linux-gnu/qt5/QtCore -I/usr/include/c++/13 -I/usr/include/x86_64-linux-gnu/c++/13 -I/usr/include/c++/13/backward -I/usr/lib/gcc/x86_64-linux-gnu/13/include -I/usr/local/include -I/usr/include/x86_64-linux-gnu -I/usr/include IGetHashesResult.h -o .tmp/release/moc_IGetHashesResult.cpp
g++ -c -pipe -std=c++0x -O2 -fPIC -frtti -Wall -Wno-parentheses -D_REENTRANT -DPEERMANAGER_LIBRARY -DQT_NO_DEBUG -DQT_NETWORK_LIB -DQT_CORE_LIB -I. -I. -I../.. -I/usr/include/x86_64-linux-gnu/qt5 -I/usr/include/x86_64-linux-gnu/qt5/QtNetwork -I/usr/include/x86_64-linux-gnu/qt5/QtCore -I.tmp/release -I/usr/lib/x86_64-linux-gnu/qt5/mkspecs/linux-g++ -o .tmp/release/moc_IGetHashesResult.o .tmp/release/moc_IGetHashesResult.cpp
/usr/lib/qt5/bin/moc -DPEERMANAGER_LIBRARY -DQT_NO_DEBUG -DQT_NETWORK_LIB -DQT_CORE_LIB --include /workspaces/D-LAN/application/Core/PeerManager/.tmp/release/moc_predefs.h -I/usr/lib/x86_64-linux-gnu/qt5/mkspecs/linux-g++ -I/workspaces/D-LAN/application/Core/PeerManager -I/workspaces/D-LAN/application/Core/PeerManager -I/workspaces/D-LAN/application -I/usr/include/x86_64-linux-gnu/qt5 -I/usr/include/x86_64-linux-gnu/qt5/QtNetwork -I/usr/include/x86_64-linux-gnu/qt5/QtCore -I/usr/include/c++/13 -I/usr/include/x86_64-linux-gnu/c++/13 -I/usr/include/c++/13/backward -I/usr/lib/gcc/x86_64-linux-gnu/13/include -I/usr/local/include -I/usr/include/x86_64-linux-gnu -I/usr/include IGetChunkResult.h -o .tmp/release/moc_IGetChunkResult.cpp
g++ -c -pipe -std=c++0x -O2 -fPIC -frtti -Wall -Wno-parentheses -D_REENTRANT -DPEERMANAGER_LIBRARY -DQT_NO_DEBUG -DQT_NETWORK_LIB -DQT_CORE_LIB -I. -I. -I../.. -I/usr/include/x86_64-linux-gnu/qt5 -I/usr/include/x86_64-linux-gnu/qt5/QtNetwork -I/usr/include/x86_64-linux-gnu/qt5/QtCore -I.tmp/release -I/usr/lib/x86_64-linux-gnu/qt5/mkspecs/linux-g++ -o .tmp/release/moc_IGetChunkResult.o .tmp/release/moc_IGetChunkResult.cpp
/usr/lib/qt5/bin/moc -DPEERMANAGER_LIBRARY -DQT_NO_DEBUG -DQT_NETWORK_LIB -DQT_CORE_LIB --include /workspaces/D-LAN/application/Core/PeerManager/.tmp/release/moc_predefs.h -I/usr/lib/x86_64-linux-gnu/qt5/mkspecs/linux-g++ -I/workspaces/D-LAN/application/Core/PeerManager -I/workspaces/D-LAN/application/Core/PeerManager -I/workspaces/D-LAN/application -I/usr/include/x86_64-linux-gnu/qt5 -I/usr/include/x86_64-linux-gnu/qt5/QtNetwork -I/usr/include/x86_64-linux-gnu/qt5/QtCore -I/usr/include/c++/13 -I/usr/include/x86_64-linux-gnu/c++/13 -I/usr/include/c++/13/backward -I/usr/lib/gcc/x86_64-linux-gnu/13/include -I/usr/local/include -I/usr/include/x86_64-linux-gnu -I/usr/include priv/GetEntriesResult.h -o .tmp/release/moc_GetEntriesResult.cpp
g++ -c -pipe -std=c++0x -O2 -fPIC -frtti -Wall -Wno-parentheses -D_REENTRANT -DPEERMANAGER_LIBRARY -DQT_NO_DEBUG -DQT_NETWORK_LIB -DQT_CORE_LIB -I. -I. -I../.. -I/usr/include/x86_64-linux-gnu/qt5 -I/usr/include/x86_64-linux-gnu/qt5/QtNetwork -I/usr/include/x86_64-linux-gnu/qt5/QtCore -I.tmp/release -I/usr/lib/x86_64-linux-gnu/qt5/mkspecs/linux-g++ -o .tmp/release/moc_GetEntriesResult.o .tmp/release/moc_GetEntriesResult.cpp
/usr/lib/qt5/bin/moc -DPEERMANAGER_LIBRARY -DQT_NO_DEBUG -DQT_NETWORK_LIB -DQT_CORE_LIB --include /workspaces/D-LAN/application/Core/PeerManager/.tmp/release/moc_predefs.h -I/usr/lib/x86_64-linux-gnu/qt5/mkspecs/linux-g++ -I/workspaces/D-LAN/application/Core/PeerManager -I/workspaces/D-LAN/application/Core/PeerManager -I/workspaces/D-LAN/application -I/usr/include/x86_64-linux-gnu/qt5 -I/usr/include/x86_64-linux-gnu/qt5/QtNetwork -I/usr/include/x86_64-linux-gnu/qt5/QtCore -I/usr/include/c++/13 -I/usr/include/x86_64-linux-gnu/c++/13 -I/usr/include/c++/13/backward -I/usr/lib/gcc/x86_64-linux-gnu/13/include -I/usr/local/include -I/usr/include/x86_64-linux-gnu -I/usr/include priv/GetHashesResult.h -o .tmp/release/moc_GetHashesResult.cpp
g++ -c -pipe -std=c++0x -O2 -fPIC -frtti -Wall -Wno-parentheses -D_REENTRANT -DPEERMANAGER_LIBRARY -DQT_NO_DEBUG -DQT_NETWORK_LIB -DQT_CORE_LIB -I. -I. -I../.. -I/usr/include/x86_64-linux-gnu/qt5 -I/usr/include/x86_64-linux-gnu/qt5/QtNetwork -I/usr/include/x86_64-linux-gnu/qt5/QtCore -I.tmp/release -I/usr/lib/x86_64-linux-gnu/qt5/mkspecs/linux-g++ -o .tmp/release/moc_GetHashesResult.o .tmp/release/moc_GetHashesResult.cpp
/usr/lib/qt5/bin/moc -DPEERMANAGER_LIBRARY -DQT_NO_DEBUG -DQT_NETWORK_LIB -DQT_CORE_LIB --include /workspaces/D-LAN/application/Core/PeerManager/.tmp/release/moc_predefs.h -I/usr/lib/x86_64-linux-gnu/qt5/mkspecs/linux-g++ -I/workspaces/D-LAN/application/Core/PeerManager -I/workspaces/D-LAN/application/Core/PeerManager -I/workspaces/D-LAN/application -I/usr/include/x86_64-linux-gnu/qt5 -I/usr/include/x86_64-linux-gnu/qt5/QtNetwork -I/usr/include/x86_64-linux-gnu/qt5/QtCore -I/usr/include/c++/13 -I/usr/include/x86_64-linux-gnu/c++/13 -I/usr/include/c++/13/backward -I/usr/lib/gcc/x86_64-linux-gnu/13/include -I/usr/local/include -I/usr/include/x86_64-linux-gnu -I/usr/include priv/GetChunkResult.h -o .tmp/release/moc_GetChunkResult.cpp
g++ -c -pipe -std=c++0x -O2 -fPIC -frtti -Wall -Wno-parentheses -D_REENTRANT -DPEERMANAGER_LIBRARY -DQT_NO_DEBUG -DQT_NETWORK_LIB -DQT_CORE_LIB -I. -I. -I../.. -I/usr/include/x86_64-linux-gnu/qt5 -I/usr/include/x86_64-linux-gnu/qt5/QtNetwork -I/usr/include/x86_64-linux-gnu/qt5/QtCore -I.tmp/release -I/usr/lib/x86_64-linux-gnu/qt5/mkspecs/linux-g++ -o .tmp/release/moc_GetChunkResult.o .tmp/release/moc_GetChunkResult.cpp
/usr/lib/qt5/bin/moc -DPEERMANAGER_LIBRARY -DQT_NO_DEBUG -DQT_NETWORK_LIB -DQT_CORE_LIB --include /workspaces/D-LAN/application/Core/PeerManager/.tmp/release/moc_predefs.h -I/usr/lib/x86_64-linux-gnu/qt5/mkspecs/linux-g++ -I/workspaces/D-LAN/application/Core/PeerManager -I/workspaces/D-LAN/application/Core/PeerManager -I/workspaces/D-LAN/application -I/usr/include/x86_64-linux-gnu/qt5 -I/usr/include/x86_64-linux-gnu/qt5/QtNetwork -I/usr/include/x86_64-linux-gnu/qt5/QtCore -I/usr/include/c++/13 -I/usr/include/x86_64-linux-gnu/c++/13 -I/usr/include/c++/13/backward -I/usr/lib/gcc/x86_64-linux-gnu/13/include -I/usr/local/include -I/usr/include/x86_64-linux-gnu -I/usr/include priv/PeerSelf.h -o .tmp/release/moc_PeerSelf.cpp
g++ -c -pipe -std=c++0x -O2 -fPIC -frtti -Wall -Wno-parentheses -D_REENTRANT -DPEERMANAGER_LIBRARY -DQT_NO_DEBUG -DQT_NETWORK_LIB -DQT_CORE_LIB -I. -I. -I../.. -I/usr/include/x86_64-linux-gnu/qt5 -I/usr/include/x86_64-linux-gnu/qt5/QtNetwork -I/usr/include/x86_64-linux-gnu/qt5/QtCore -I.tmp/release -I/usr/lib/x86_64-linux-gnu/qt5/mkspecs/linux-g++ -o .tmp/release/moc_PeerSelf.o .tmp/release/moc_PeerSelf.cpp
rm -f output/release/libPeerManager.a
ar cqs output/release/libPeerManager.a .tmp/release/PeerManager.o .tmp/release/Peer.o .tmp/release/Builder.o .tmp/release/ConnectionPool.o .tmp/release/GetEntriesResult.o .tmp/release/GetHashesResult.o .tmp/release/GetChunkResult.o .tmp/release/Log.o .tmp/release/PeerSelf.o .tmp/release/PeerMessageSocket.o .tmp/release/moc_IPeerManager.o .tmp/release/moc_PeerManager.o .tmp/release/moc_Peer.o .tmp/release/moc_ConnectionPool.o .tmp/release/moc_PeerMessageSocket.o .tmp/release/moc_IGetEntriesResult.o .tmp/release/moc_IGetHashesResult.o .tmp/release/moc_IGetChunkResult.o .tmp/release/moc_GetEntriesResult.o .tmp/release/moc_GetHashesResult.o .tmp/release/moc_GetChunkResult.o .tmp/release/moc_PeerSelf.o
make: Leaving directory '/workspaces/D-LAN/application/Core/PeerManager'
/workspaces/D-LAN/application
/workspaces/D-LAN/application /workspaces/D-LAN/application
Compiling TestsPeerManager..
make: Entering directory '/workspaces/D-LAN/application/Core/PeerManager/TestsPeerManager'
rm -f .tmp/release/moc_predefs.h
rm -f .tmp/release/moc_Tests.cpp .tmp/release/moc_TestServer.cpp .tmp/release/moc_PeerUpdater.cpp .tmp/release/moc_ResultListener.cpp
rm -f .tmp/release/main.o .tmp/release/Tests.o .tmp/release/common.pb.o .tmp/release/TestServer.o .tmp/release/PeerUpdater.o .tmp/release/ResultListener.o .tmp/release/core_settings.pb.o .tmp/release/moc_Tests.o .tmp/release/moc_TestServer.o .tmp/release/moc_PeerUpdater.o .tmp/release/moc_ResultListener.o
rm -f *~ core *.core
make: Leaving directory '/workspaces/D-LAN/application/Core/PeerManager/TestsPeerManager'
make: Entering directory '/workspaces/D-LAN/application/Core/PeerManager/TestsPeerManager'
g++ -c -pipe -std=c++0x -O2 -frtti -Wall -Wno-parentheses -D_REENTRANT -fPIC -DQT_NO_DEBUG -DQT_TESTLIB_LIB -DQT_NETWORK_LIB -DQT_CORE_LIB -DQT_TESTCASE_BUILDDIR='"/workspaces/D-LAN/application/Core/PeerManager/TestsPeerManager"' -I. -I. -I.. -I../../.. -I/usr/include/x86_64-linux-gnu/qt5 -I/usr/include/x86_64-linux-gnu/qt5/QtTest -I/usr/include/x86_64-linux-gnu/qt5/QtNetwork -I/usr/include/x86_64-linux-gnu/qt5/QtCore -I.tmp/release -I/usr/lib/x86_64-linux-gnu/qt5/mkspecs/linux-g++ -o .tmp/release/main.o main.cpp
g++ -c -pipe -std=c++0x -O2 -frtti -Wall -Wno-parentheses -D_REENTRANT -fPIC -DQT_NO_DEBUG -DQT_TESTLIB_LIB -DQT_NETWORK_LIB -DQT_CORE_LIB -DQT_TESTCASE_BUILDDIR='"/workspaces/D-LAN/application/Core/PeerManager/TestsPeerManager"' -I. -I. -I.. -I../../.. -I/usr/include/x86_64-linux-gnu/qt5 -I/usr/include/x86_64-linux-gnu/qt5/QtTest -I/usr/include/x86_64-linux-gnu/qt5/QtNetwork -I/usr/include/x86_64-linux-gnu/qt5/QtCore -I.tmp/release -I/usr/lib/x86_64-linux-gnu/qt5/mkspecs/linux-g++ -o .tmp/release/Tests.o Tests.cpp
g++ -c -pipe -std=c++0x -O2 -frtti -Wall -Wno-parentheses -D_REENTRANT -fPIC -DQT_NO_DEBUG -DQT_TESTLIB_LIB -DQT_NETWORK_LIB -DQT_CORE_LIB -DQT_TESTCASE_BUILDDIR='"/workspaces/D-LAN/application/Core/PeerManager/TestsPeerManager"' -I. -I. -I.. -I../../.. -I/usr/include/x86_64-linux-gnu/qt5 -I/usr/include/x86_64-linux-gnu/qt5/QtTest -I/usr/include/x86_64-linux-gnu/qt5/QtNetwork -I/usr/include/x86_64-linux-gnu/qt5/QtCore -I.tmp/release -I/usr/lib/x86_64-linux-gnu/qt5/mkspecs/linux-g++ -o .tmp/release/common.pb.o ../../../Protos/common.pb.cc
g++ -c -pipe -std=c++0x -O2 -frtti -Wall -Wno-parentheses -D_REENTRANT -fPIC -DQT_NO_DEBUG -DQT_TESTLIB_LIB -DQT_NETWORK_LIB -DQT_CORE_LIB -DQT_TESTCASE_BUILDDIR='"/workspaces/D-LAN/application/Core/PeerManager/TestsPeerManager"' -I. -I. -I.. -I../../.. -I/usr/include/x86_64-linux-gnu/qt5 -I/usr/include/x86_64-linux-gnu/qt5/QtTest -I/usr/include/x86_64-linux-gnu/qt5/QtNetwork -I/usr/include/x86_64-linux-gnu/qt5/QtCore -I.tmp/release -I/usr/lib/x86_64-linux-gnu/qt5/mkspecs/linux-g++ -o .tmp/release/TestServer.o TestServer.cpp
g++ -c -pipe -std=c++0x -O2 -frtti -Wall -Wno-parentheses -D_REENTRANT -fPIC -DQT_NO_DEBUG -DQT_TESTLIB_LIB -DQT_NETWORK_LIB -DQT_CORE_LIB -DQT_TESTCASE_BUILDDIR='"/workspaces/D-LAN/application/Core/PeerManager/TestsPeerManager"' -I. -I. -I.. -I../../.. -I/usr/include/x86_64-linux-gnu/qt5 -I/usr/include/x86_64-linux-gnu/qt5/QtTest -I/usr/include/x86_64-linux-gnu/qt5/QtNetwork -I/usr/include/x86_64-linux-gnu/qt5/QtCore -I.tmp/release -I/usr/lib/x86_64-linux-gnu/qt5/mkspecs/linux-g++ -o .tmp/release/PeerUpdater.o PeerUpdater.cpp
In file included from PeerUpdater.cpp:24:
../../../Core/PeerManager/priv/PeerManager.h: In constructor ‘PM::PendingSocket::PendingSocket(QTcpSocket*)’:
../../../Core/PeerManager/priv/PeerManager.h:46:73: warning: ‘void QTime::start()’ is deprecated: Use QElapsedTimer instead [-Wdeprecated-declarations]
   46 |       PendingSocket(QTcpSocket* socket) : socket(socket) { this->t.start(); }
      |                                                            ~~~~~~~~~~~~~^~
In file included from /usr/include/x86_64-linux-gnu/qt5/QtCore/qcborvalue.h:44,
                 from /usr/include/x86_64-linux-gnu/qt5/QtCore/qcborarray.h:43,
                 from /usr/include/x86_64-linux-gnu/qt5/QtCore/QtCore:38,
                 from /usr/include/x86_64-linux-gnu/qt5/QtNetwork/QtNetworkDepends:3,
                 from /usr/include/x86_64-linux-gnu/qt5/QtNetwork/QtNetwork:3,
                 from ../../../Core/PeerManager/IPeerManager.h:23,
                 from ./PeerUpdater.h:28,
                 from PeerUpdater.cpp:19:
/usr/include/x86_64-linux-gnu/qt5/QtCore/qdatetime.h:235:55: note: declared here
  235 |     QT_DEPRECATED_X("Use QElapsedTimer instead") void start();
      |                                                       ^~~~~
g++ -c -pipe -std=c++0x -O2 -frtti -Wall -Wno-parentheses -D_REENTRANT -fPIC -DQT_NO_DEBUG -DQT_TESTLIB_LIB -DQT_NETWORK_LIB -DQT_CORE_LIB -DQT_TESTCASE_BUILDDIR='"/workspaces/D-LAN/application/Core/PeerManager/TestsPeerManager"' -I. -I. -I.. -I../../.. -I/usr/include/x86_64-linux-gnu/qt5 -I/usr/include/x86_64-linux-gnu/qt5/QtTest -I/usr/include/x86_64-linux-gnu/qt5/QtNetwork -I/usr/include/x86_64-linux-gnu/qt5/QtCore -I.tmp/release -I/usr/lib/x86_64-linux-gnu/qt5/mkspecs/linux-g++ -o .tmp/release/ResultListener.o ResultListener.cpp
g++ -c -pipe -std=c++0x -O2 -frtti -Wall -Wno-parentheses -D_REENTRANT -fPIC -DQT_NO_DEBUG -DQT_TESTLIB_LIB -DQT_NETWORK_LIB -DQT_CORE_LIB -DQT_TESTCASE_BUILDDIR='"/workspaces/D-LAN/application/Core/PeerManager/TestsPeerManager"' -I. -I. -I.. -I../../.. -I/usr/include/x86_64-linux-gnu/qt5 -I/usr/include/x86_64-linux-gnu/qt5/QtTest -I/usr/include/x86_64-linux-gnu/qt5/QtNetwork -I/usr/include/x86_64-linux-gnu/qt5/QtCore -I.tmp/release -I/usr/lib/x86_64-linux-gnu/qt5/mkspecs/linux-g++ -o .tmp/release/core_settings.pb.o ../../../Protos/core_settings.pb.cc
g++ -pipe -std=c++0x -O2 -frtti -Wall -Wno-parentheses -dM -E -o .tmp/release/moc_predefs.h /usr/lib/x86_64-linux-gnu/qt5/mkspecs/features/data/dummy.cpp
/usr/lib/qt5/bin/moc -DQT_NO_DEBUG -DQT_TESTLIB_LIB -DQT_NETWORK_LIB -DQT_CORE_LIB -DQT_TESTCASE_BUILDDIR='"/workspaces/D-LAN/application/Core/PeerManager/TestsPeerManager"' --include /workspaces/D-LAN/application/Core/PeerManager/TestsPeerManager/.tmp/release/moc_predefs.h -I/usr/lib/x86_64-linux-gnu/qt5/mkspecs/linux-g++ -I/workspaces/D-LAN/application/Core/PeerManager/TestsPeerManager -I/workspaces/D-LAN/application/Core/PeerManager/TestsPeerManager -I/workspaces/D-LAN/application/Core/PeerManager -I/workspaces/D-LAN/application -I/usr/include/x86_64-linux-gnu/qt5 -I/usr/include/x86_64-linux-gnu/qt5/QtTest -I/usr/include/x86_64-linux-gnu/qt5/QtNetwork -I/usr/include/x86_64-linux-gnu/qt5/QtCore -I/usr/include/c++/13 -I/usr/include/x86_64-linux-gnu/c++/13 -I/usr/include/c++/13/backward -I/usr/lib/gcc/x86_64-linux-gnu/13/include -I/usr/local/include -I/usr/include/x86_64-linux-gnu -I/usr/include Tests.h -o .tmp/release/moc_Tests.cpp
g++ -c -pipe -std=c++0x -O2 -frtti -Wall -Wno-parentheses -D_REENTRANT -fPIC -DQT_NO_DEBUG -DQT_TESTLIB_LIB -DQT_NETWORK_LIB -DQT_CORE_LIB -DQT_TESTCASE_BUILDDIR='"/workspaces/D-LAN/application/Core/PeerManager/TestsPeerManager"' -I. -I. -I.. -I../../.. -I/usr/include/x86_64-linux-gnu/qt5 -I/usr/include/x86_64-linux-gnu/qt5/QtTest -I/usr/include/x86_64-linux-gnu/qt5/QtNetwork -I/usr/include/x86_64-linux-gnu/qt5/QtCore -I.tmp/release -I/usr/lib/x86_64-linux-gnu/qt5/mkspecs/linux-g++ -o .tmp/release/moc_Tests.o .tmp/release/moc_Tests.cpp
/usr/lib/qt5/bin/moc -DQT_NO_DEBUG -DQT_TESTLIB_LIB -DQT_NETWORK_LIB -DQT_CORE_LIB -DQT_TESTCASE_BUILDDIR='"/workspaces/D-LAN/application/Core/PeerManager/TestsPeerManager"' --include /workspaces/D-LAN/application/Core/PeerManager/TestsPeerManager/.tmp/release/moc_predefs.h -I/usr/lib/x86_64-linux-gnu/qt5/mkspecs/linux-g++ -I/workspaces/D-LAN/application/Core/PeerManager/TestsPeerManager -I/workspaces/D-LAN/application/Core/PeerManager/TestsPeerManager -I/workspaces/D-LAN/application/Core/PeerManager -I/workspaces/D-LAN/application -I/usr/include/x86_64-linux-gnu/qt5 -I/usr/include/x86_64-linux-gnu/qt5/QtTest -I/usr/include/x86_64-linux-gnu/qt5/QtNetwork -I/usr/include/x86_64-linux-gnu/qt5/QtCore -I/usr/include/c++/13 -I/usr/include/x86_64-linux-gnu/c++/13 -I/usr/include/c++/13/backward -I/usr/lib/gcc/x86_64-linux-gnu/13/include -I/usr/local/include -I/usr/include/x86_64-linux-gnu -I/usr/include TestServer.h -o .tmp/release/moc_TestServer.cpp
g++ -c -pipe -std=c++0x -O2 -frtti -Wall -Wno-parentheses -D_REENTRANT -fPIC -DQT_NO_DEBUG -DQT_TESTLIB_LIB -DQT_NETWORK_LIB -DQT_CORE_LIB -DQT_TESTCASE_BUILDDIR='"/workspaces/D-LAN/application/Core/PeerManager/TestsPeerManager"' -I. -I. -I.. -I../../.. -I/usr/include/x86_64-linux-gnu/qt5 -I/usr/include/x86_64-linux-gnu/qt5/QtTest -I/usr/include/x86_64-linux-gnu/qt5/QtNetwork -I/usr/include/x86_64-linux-gnu/qt5/QtCore -I.tmp/release -I/usr/lib/x86_64-linux-gnu/qt5/mkspecs/linux-g++ -o .tmp/release/moc_TestServer.o .tmp/release/moc_TestServer.cpp
/usr/lib/qt5/bin/moc -DQT_NO_DEBUG -DQT_TESTLIB_LIB -DQT_NETWORK_LIB -DQT_CORE_LIB -DQT_TESTCASE_BUILDDIR='"/workspaces/D-LAN/application/Core/PeerManager/TestsPeerManager"' --include /workspaces/D-LAN/application/Core/PeerManager/TestsPeerManager/.tmp/release/moc_predefs.h -I/usr/lib/x86_64-linux-gnu/qt5/mkspecs/linux-g++ -I/workspaces/D-LAN/application/Core/PeerManager/TestsPeerManager -I/workspaces/D-LAN/application/Core/PeerManager/TestsPeerManager -I/workspaces/D-LAN/application/Core/PeerManager -I/workspaces/D-LAN/application -I/usr/include/x86_64-linux-gnu/qt5 -I/usr/include/x86_64-linux-gnu/qt5/QtTest -I/usr/include/x86_64-linux-gnu/qt5/QtNetwork -I/usr/include/x86_64-linux-gnu/qt5/QtCore -I/usr/include/c++/13 -I/usr/include/x86_64-linux-gnu/c++/13 -I/usr/include/c++/13/backward -I/usr/lib/gcc/x86_64-linux-gnu/13/include -I/usr/local/include -I/usr/include/x86_64-linux-gnu -I/usr/include PeerUpdater.h -o .tmp/release/moc_PeerUpdater.cpp
g++ -c -pipe -std=c++0x -O2 -frtti -Wall -Wno-parentheses -D_REENTRANT -fPIC -DQT_NO_DEBUG -DQT_TESTLIB_LIB -DQT_NETWORK_LIB -DQT_CORE_LIB -DQT_TESTCASE_BUILDDIR='"/workspaces/D-LAN/application/Core/PeerManager/TestsPeerManager"' -I. -I. -I.. -I../../.. -I/usr/include/x86_64-linux-gnu/qt5 -I/usr/include/x86_64-linux-gnu/qt5/QtTest -I/usr/include/x86_64-linux-gnu/qt5/QtNetwork -I/usr/include/x86_64-linux-gnu/qt5/QtCore -I.tmp/release -I/usr/lib/x86_64-linux-gnu/qt5/mkspecs/linux-g++ -o .tmp/release/moc_PeerUpdater.o .tmp/release/moc_PeerUpdater.cpp
/usr/lib/qt5/bin/moc -DQT_NO_DEBUG -DQT_TESTLIB_LIB -DQT_NETWORK_LIB -DQT_CORE_LIB -DQT_TESTCASE_BUILDDIR='"/workspaces/D-LAN/application/Core/PeerManager/TestsPeerManager"' --include /workspaces/D-LAN/application/Core/PeerManager/TestsPeerManager/.tmp/release/moc_predefs.h -I/usr/lib/x86_64-linux-gnu/qt5/mkspecs/linux-g++ -I/workspaces/D-LAN/application/Core/PeerManager/TestsPeerManager -I/workspaces/D-LAN/application/Core/PeerManager/TestsPeerManager -I/workspaces/D-LAN/application/Core/PeerManager -I/workspaces/D-LAN/application -I/usr/include/x86_64-linux-gnu/qt5 -I/usr/include/x86_64-linux-gnu/qt5/QtTest -I/usr/include/x86_64-linux-gnu/qt5/QtNetwork -I/usr/include/x86_64-linux-gnu/qt5/QtCore -I/usr/include/c++/13 -I/usr/include/x86_64-linux-gnu/c++/13 -I/usr/include/c++/13/backward -I/usr/lib/gcc/x86_64-linux-gnu/13/include -I/usr/local/include -I/usr/include/x86_64-linux-gnu -I/usr/include ResultListener.h -o .tmp/release/moc_ResultListener.cpp
g++ -c -pipe -std=c++0x -O2 -frtti -Wall -Wno-parentheses -D_REENTRANT -fPIC -DQT_NO_DEBUG -DQT_TESTLIB_LIB -DQT_NETWORK_LIB -DQT_CORE_LIB -DQT_TESTCASE_BUILDDIR='"/workspaces/D-LAN/application/Core/PeerManager/TestsPeerManager"' -I. -I. -I.. -I../../.. -I/usr/include/x86_64-linux-gnu/qt5 -I/usr/include/x86_64-linux-gnu/qt5/QtTest -I/usr/include/x86_64-linux-gnu/qt5/QtNetwork -I/usr/include/x86_64-linux-gnu/qt5/QtCore -I.tmp/release -I/usr/lib/x86_64-linux-gnu/qt5/mkspecs/linux-g++ -o .tmp/release/moc_ResultListener.o .tmp/release/moc_ResultListener.cpp
g++ -Wl,-O1 -o output/release/TestsPeerManager .tmp/release/main.o .tmp/release/Tests.o .tmp/release/common.pb.o .tmp/release/TestServer.o .tmp/release/PeerUpdater.o .tmp/release/ResultListener.o .tmp/release/core_settings.pb.o .tmp/release/moc_Tests.o .tmp/release/moc_TestServer.o .tmp/release/moc_PeerUpdater.o .tmp/release/moc_ResultListener.o   -L../output/release -lPeerManager -L../../FileManager/output/release -lFileManager -L../../../Common/output/release -lCommon -lprotobuf -L../../../Common/LogManager/output/release -lLogManager /usr/lib/x86_64-linux-gnu/libQt5Test.so /usr/lib/x86_64-linux-gnu/libQt5Network.so /usr/lib/x86_64-linux-gnu/libQt5Core.so -lpthread   
make: Leaving directory '/workspaces/D-LAN/application/Core/PeerManager/TestsPeerManager'
/workspaces/D-LAN/application
/workspaces/D-LAN/application /workspaces/D-LAN/application
Compiling UploadManager..
make: Entering directory '/workspaces/D-LAN/application/Core/UploadManager'
rm -f .tmp/release/moc_predefs.h
rm -f .tmp/release/moc_UploadManager.cpp
rm -f .tmp/release/UploadManager.o .tmp/release/Log.o .tmp/release/ChunkUploader.o .tmp/release/Builder.o .tmp/release/moc_UploadManager.o
rm -f *~ core *.core
make: Leaving directory '/workspaces/D-LAN/application/Core/UploadManager'
make: Entering directory '/workspaces/D-LAN/application/Core/UploadManager'
g++ -c -pipe -std=c++0x -O2 -fPIC -frtti -Wall -Wno-parentheses -D_REENTRANT -DUPLOADMANAGER_LIBRARY -DQT_NO_DEBUG -DQT_NETWORK_LIB -DQT_CORE_LIB -I. -I. -I../.. -I/usr/include/x86_64-linux-gnu/qt5 -I/usr/include/x86_64-linux-gnu/qt5/QtNetwork -I/usr/include/x86_64-linux-gnu/qt5/QtCore -I.tmp/release -I/usr/lib/x86_64-linux-gnu/qt5/mkspecs/linux-g++ -o .tmp/release/UploadManager.o priv/UploadManager.cpp
g++ -c -pipe -std=c++0x -O2 -fPIC -frtti -Wall -Wno-parentheses -D_REENTRANT -DUPLOADMANAGER_LIBRARY -DQT_NO_DEBUG -DQT_NETWORK_LIB -DQT_CORE_LIB -I. -I. -I../.. -I/usr/include/x86_64-linux-gnu/qt5 -I/usr/include/x86_64-linux-gnu/qt5/QtNetwork -I/usr/include/x86_64-linux-gnu/qt5/QtCore -I.tmp/release -I/usr/lib/x86_64-linux-gnu/qt5/mkspecs/linux-g++ -o .tmp/release/Log.o priv/Log.cpp
g++ -c -pipe -std=c++0x -O2 -fPIC -frtti -Wall -Wno-parentheses -D_REENTRANT -DUPLOADMANAGER_LIBRARY -DQT_NO_DEBUG -DQT_NETWORK_LIB -DQT_CORE_LIB -I. -I. -I../.. -I/usr/include/x86_64-linux-gnu/qt5 -I/usr/include/x86_64-linux-gnu/qt5/QtNetwork -I/usr/include/x86_64-linux-gnu/qt5/QtCore -I.tmp/release -I/usr/lib/x86_64-linux-gnu/qt5/mkspecs/linux-g++ -o .tmp/release/ChunkUploader.o priv/ChunkUploader.cpp
g++ -c -pipe -std=c++0x -O2 -fPIC -frtti -Wall -Wno-parentheses -D_REENTRANT -DUPLOADMANAGER_LIBRARY -DQT_NO_DEBUG -DQT_NETWORK_LIB -DQT_CORE_LIB -I. -I. -I../.. -I/usr/include/x86_64-linux-gnu/qt5 -I/usr/include/x86_64-linux-gnu/qt5/QtNetwork -I/usr/include/x86_64-linux-gnu/qt5/QtCore -I.tmp/release -I/usr/lib/x86_64-linux-gnu/qt5/mkspecs/linux-g++ -o .tmp/release/Builder.o priv/Builder.cpp
g++ -pipe -std=c++0x -O2 -fPIC -frtti -Wall -Wno-parentheses -dM -E -o .tmp/release/moc_predefs.h /usr/lib/x86_64-linux-gnu/qt5/mkspecs/features/data/dummy.cpp
/usr/lib/qt5/bin/moc -DUPLOADMANAGER_LIBRARY -DQT_NO_DEBUG -DQT_NETWORK_LIB -DQT_CORE_LIB --include /workspaces/D-LAN/application/Core/UploadManager/.tmp/release/moc_predefs.h -I/usr/lib/x86_64-linux-gnu/qt5/mkspecs/linux-g++ -I/workspaces/D-LAN/application/Core/UploadManager -I/workspaces/D-LAN/application/Core/UploadManager -I/workspaces/D-LAN/application -I/usr/include/x86_64-linux-gnu/qt5 -I/usr/include/x86_64-linux-gnu/qt5/QtNetwork -I/usr/include/x86_64-linux-gnu/qt5/QtCore -I/usr/include/c++/13 -I/usr/include/x86_64-linux-gnu/c++/13 -I/usr/include/c++/13/backward -I/usr/lib/gcc/x86_64-linux-gnu/13/include -I/usr/local/include -I/usr/include/x86_64-linux-gnu -I/usr/include priv/UploadManager.h -o .tmp/release/moc_UploadManager.cpp
g++ -c -pipe -std=c++0x -O2 -fPIC -frtti -Wall -Wno-parentheses -D_REENTRANT -DUPLOADMANAGER_LIBRARY -DQT_NO_DEBUG -DQT_NETWORK_LIB -DQT_CORE_LIB -I. -I. -I../.. -I/usr/include/x86_64-linux-gnu/qt5 -I/usr/include/x86_64-linux-gnu/qt5/QtNetwork -I/usr/include/x86_64-linux-gnu/qt5/QtCore -I.tmp/release -I/usr/lib/x86_64-linux-gnu/qt5/mkspecs/linux-g++ -o .tmp/release/moc_UploadManager.o .tmp/release/moc_UploadManager.cpp
rm -f output/release/libUploadManager.a
ar cqs output/release/libUploadManager.a .tmp/release/UploadManager.o .tmp/release/Log.o .tmp/release/ChunkUploader.o .tmp/release/Builder.o .tmp/release/moc_UploadManager.o
make: Leaving directory '/workspaces/D-LAN/application/Core/UploadManager'
/workspaces/D-LAN/application
/workspaces/D-LAN/application /workspaces/D-LAN/application
Compiling DownloadManager..
make: Entering directory '/workspaces/D-LAN/application/Core/DownloadManager'
rm -f .tmp/release/moc_predefs.h
rm -f .tmp/release/moc_FileDownload.cpp .tmp/release/moc_DownloadManager.cpp .tmp/release/moc_Download.cpp .tmp/release/moc_DirDownload.cpp .tmp/release/moc_OccupiedPeers.cpp .tmp/release/moc_DownloadQueue.cpp .tmp/release/moc_ChunkDownloader.cpp
rm -f .tmp/release/FileDownload.o .tmp/release/DownloadManager.o .tmp/release/Download.o .tmp/release/DirDownload.o .tmp/release/common.pb.o .tmp/release/Builder.o .tmp/release/OccupiedPeers.o .tmp/release/queue.pb.o .tmp/release/Log.o .tmp/release/DownloadPredicate.o .tmp/release/DownloadQueue.o .tmp/release/ChunkDownloader.o .tmp/release/Utils.o .tmp/release/moc_FileDownload.o .tmp/release/moc_DownloadManager.o .tmp/release/moc_Download.o .tmp/release/moc_DirDownload.o .tmp/release/moc_OccupiedPeers.o .tmp/release/moc_DownloadQueue.o .tmp/release/moc_ChunkDownloader.o
rm -f *~ core *.core
make: Leaving directory '/workspaces/D-LAN/application/Core/DownloadManager'
make: Entering directory '/workspaces/D-LAN/application/Core/DownloadManager'
g++ -c -pipe -std=c++0x -O2 -fPIC -frtti -Wall -Wno-parentheses -D_REENTRANT -DDOWNLOADMANAGER_LIBRARY -DQT_NO_DEBUG -DQT_NETWORK_LIB -DQT_CORE_LIB -I. -I. -I../.. -I/usr/include/x86_64-linux-gnu/qt5 -I/usr/include/x86_64-linux-gnu/qt5/QtNetwork -I/usr/include/x86_64-linux-gnu/qt5/QtCore -I.tmp/release -I/usr/lib/x86_64-linux-gnu/qt5/mkspecs/linux-g++ -o .tmp/release/FileDownload.o priv/FileDownload.cpp
priv/FileDownload.cpp: In member function ‘virtual QSet<PM::IPeer*> DM::FileDownload::getPeers() const’:
priv/FileDownload.cpp:182:42: warning: ‘QSet<T> QList<T>::toSet() const [with T = PM::IPeer*]’ is deprecated: Use QSet<T>(list.begin(), list.end()) instead. [-Wdeprecated-declarations]
  182 |       peers += i.next()->getPeers().toSet();
      |                ~~~~~~~~~~~~~~~~~~~~~~~~~~^~
In file included from /usr/include/x86_64-linux-gnu/qt5/QtCore/qdebug.h:52,
                 from /usr/include/x86_64-linux-gnu/qt5/QtCore/qcborcommon.h:45,
                 from /usr/include/x86_64-linux-gnu/qt5/QtCore/qcborvalue.h:45,
                 from /usr/include/x86_64-linux-gnu/qt5/QtCore/qcborarray.h:43,
                 from /usr/include/x86_64-linux-gnu/qt5/QtCore/QtCore:38,
                 from /usr/include/x86_64-linux-gnu/qt5/QtNetwork/QtNetworkDepends:3,
                 from /usr/include/x86_64-linux-gnu/qt5/QtNetwork/QtNetwork:3,
                 from ../../Core/PeerManager/IPeerManager.h:23,
                 from ./priv/FileDownload.h:31,
                 from priv/FileDownload.cpp:19:
/usr/include/x86_64-linux-gnu/qt5/QtCore/qset.h:406:30: note: declared here
  406 | Q_OUTOFLINE_TEMPLATE QSet<T> QList<T>::toSet() const
      |                              ^~~~~~~~
g++ -c -pipe -std=c++0x -O2 -fPIC -frtti -Wall -Wno-parentheses -D_REENTRANT -DDOWNLOADMANAGER_LIBRARY -DQT_NO_DEBUG -DQT_NETWORK_LIB -DQT_CORE_LIB -I. -I. -I../.. -I/usr/include/x86_64-linux-gnu/qt5 -I/usr/include/x86_64-linux-gnu/qt5/QtNetwork -I/usr/include/x86_64-linux-gnu/qt5/QtCore -I.tmp/release -I/usr/lib/x86_64-linux-gnu/qt5/mkspecs/linux-g++ -o .tmp/release/DownloadManager.o priv/DownloadManager.cpp
priv/DownloadManager.cpp: In member function ‘void DM::DownloadManager::scanTheQueue()’:
priv/DownloadManager.cpp:367:80: warning: ‘QSet<T> QList<T>::toSet() const [with T = PM::IPeer*]’ is deprecated: Use QSet<T>(list.begin(), list.end()) instead. [-Wdeprecated-declarations]
  367 |    QSet<PM::IPeer*> linkedPeersNotOccupied = this->linkedPeers.getPeers().toSet();
      |                                              ~~~~~~~~~~~~~~~~~~~~~~~~~~~~~~~~~~^~
In file included from /usr/include/x86_64-linux-gnu/qt5/QtCore/QSet:1,
                 from ./priv/DownloadManager.h:23,
                 from priv/DownloadManager.cpp:19:
/usr/include/x86_64-linux-gnu/qt5/QtCore/qset.h:406:30: note: declared here
  406 | Q_OUTOFLINE_TEMPLATE QSet<T> QList<T>::toSet() const
      |                              ^~~~~~~~
g++ -c -pipe -std=c++0x -O2 -fPIC -frtti -Wall -Wno-parentheses -D_REENTRANT -DDOWNLOADMANAGER_LIBRARY -DQT_NO_DEBUG -DQT_NETWORK_LIB -DQT_CORE_LIB -I. -I. -I../.. -I/usr/include/x86_64-linux-gnu/qt5 -I/usr/include/x86_64-linux-gnu/qt5/QtNetwork -I/usr/include/x86_64-linux-gnu/qt5/QtCore -I.tmp/release -I/usr/lib/x86_64-linux-gnu/qt5/mkspecs/linux-g++ -o .tmp/release/Download.o priv/Download.cpp
g++ -c -pipe -std=c++0x -O2 -fPIC -frtti -Wall -Wno-parentheses -D_REENTRANT -DDOWNLOADMANAGER_LIBRARY -DQT_NO_DEBUG -DQT_NETWORK_LIB -DQT_CORE_LIB -I. -I. -I../.. -I/usr/include/x86_64-linux-gnu/qt5 -I/usr/include/x86_64-linux-gnu/qt5/QtNetwork -I/usr/include/x86_64-linux-gnu/qt5/QtCore -I.tmp/release -I/usr/lib/x86_64-linux-gnu/qt5/mkspecs/linux-g++ -o .tmp/release/DirDownload.o priv/DirDownload.cpp
g++ -c -pipe -std=c++0x -O2 -fPIC -frtti -Wall -Wno-parentheses -D_REENTRANT -DDOWNLOADMANAGER_LIBRARY -DQT_NO_DEBUG -DQT_NETWORK_LIB -DQT_CORE_LIB -I. -I. -I../.. -I/usr/include/x86_64-linux-gnu/qt5 -I/usr/include/x86_64-linux-gnu/qt5/QtNetwork -I/usr/include/x86_64-linux-gnu/qt5/QtCore -I.tmp/release -I/usr/lib/x86_64-linux-gnu/qt5/mkspecs/linux-g++ -o .tmp/release/common.pb.o ../../Protos/common.pb.cc
g++ -c -pipe -std=c++0x -O2 -fPIC -frtti -Wall -Wno-parentheses -D_REENTRANT -DDOWNLOADMANAGER_LIBRARY -DQT_NO_DEBUG -DQT_NETWORK_LIB -DQT_CORE_LIB -I. -I. -I../.. -I/usr/include/x86_64-linux-gnu/qt5 -I/usr/include/x86_64-linux-gnu/qt5/QtNetwork -I/usr/include/x86_64-linux-gnu/qt5/QtCore -I.tmp/release -I/usr/lib/x86_64-linux-gnu/qt5/mkspecs/linux-g++ -o .tmp/release/Builder.o priv/Builder.cpp
g++ -c -pipe -std=c++0x -O2 -fPIC -frtti -Wall -Wno-parentheses -D_REENTRANT -DDOWNLOADMANAGER_LIBRARY -DQT_NO_DEBUG -DQT_NETWORK_LIB -DQT_CORE_LIB -I. -I. -I../.. -I/usr/include/x86_64-linux-gnu/qt5 -I/usr/include/x86_64-linux-gnu/qt5/QtNetwork -I/usr/include/x86_64-linux-gnu/qt5/QtCore -I.tmp/release -I/usr/lib/x86_64-linux-gnu/qt5/mkspecs/linux-g++ -o .tmp/release/OccupiedPeers.o priv/OccupiedPeers.cpp
g++ -c -pipe -std=c++0x -O2 -fPIC -frtti -Wall -Wno-parentheses -D_REENTRANT -DDOWNLOADMANAGER_LIBRARY -DQT_NO_DEBUG -DQT_NETWORK_LIB -DQT_CORE_LIB -I. -I. -I../.. -I/usr/include/x86_64-linux-gnu/qt5 -I/usr/include/x86_64-linux-gnu/qt5/QtNetwork -I/usr/include/x86_64-linux-gnu/qt5/QtCore -I.tmp/release -I/usr/lib/x86_64-linux-gnu/qt5/mkspecs/linux-g++ -o .tmp/release/queue.pb.o ../../Protos/queue.pb.cc
g++ -c -pipe -std=c++0x -O2 -fPIC -frtti -Wall -Wno-parentheses -D_REENTRANT -DDOWNLOADMANAGER_LIBRARY -DQT_NO_DEBUG -DQT_NETWORK_LIB -DQT_CORE_LIB -I. -I. -I../.. -I/usr/include/x86_64-linux-gnu/qt5 -I/usr/include/x86_64-linux-gnu/qt5/QtNetwork -I/usr/include/x86_64-linux-gnu/qt5/QtCore -I.tmp/release -I/usr/lib/x86_64-linux-gnu/qt5/mkspecs/linux-g++ -o .tmp/release/Log.o priv/Log.cpp
g++ -c -pipe -std=c++0x -O2 -fPIC -frtti -Wall -Wno-parentheses -D_REENTRANT -DDOWNLOADMANAGER_LIBRARY -DQT_NO_DEBUG -DQT_NETWORK_LIB -DQT_CORE_LIB -I. -I. -I../.. -I/usr/include/x86_64-linux-gnu/qt5 -I/usr/include/x86_64-linux-gnu/qt5/QtNetwork -I/usr/include/x86_64-linux-gnu/qt5/QtCore -I.tmp/release -I/usr/lib/x86_64-linux-gnu/qt5/mkspecs/linux-g++ -o .tmp/release/DownloadPredicate.o priv/DownloadPredicate.cpp
priv/DownloadPredicate.cpp: In constructor ‘DM::IsContainedInAList::IsContainedInAList(const QList<long long unsigned int>&)’:
priv/DownloadPredicate.cpp:44:33: warning: ‘QSet<T> QList<T>::toSet() const [with T = long long unsigned int]’ is deprecated: Use QSet<T>(list.begin(), list.end()) instead. [-Wdeprecated-declarations]
   44 |    downloadIDs(downloadIDs.toSet())
      |                ~~~~~~~~~~~~~~~~~^~
In file included from /usr/include/x86_64-linux-gnu/qt5/QtCore/QSet:1,
                 from ./priv/DownloadPredicate.h:22,
                 from priv/DownloadPredicate.cpp:19:
/usr/include/x86_64-linux-gnu/qt5/QtCore/qset.h:406:30: note: declared here
  406 | Q_OUTOFLINE_TEMPLATE QSet<T> QList<T>::toSet() const
      |                              ^~~~~~~~
g++ -c -pipe -std=c++0x -O2 -fPIC -frtti -Wall -Wno-parentheses -D_REENTRANT -DDOWNLOADMANAGER_LIBRARY -DQT_NO_DEBUG -DQT_NETWORK_LIB -DQT_CORE_LIB -I. -I. -I../.. -I/usr/include/x86_64-linux-gnu/qt5 -I/usr/include/x86_64-linux-gnu/qt5/QtNetwork -I/usr/include/x86_64-linux-gnu/qt5/QtCore -I.tmp/release -I/usr/lib/x86_64-linux-gnu/qt5/mkspecs/linux-g++ -o .tmp/release/DownloadQueue.o priv/DownloadQueue.cpp
priv/DownloadQueue.cpp: In member function ‘bool DM::DownloadQueue::pauseDownloads(QList<long long unsigned int>, bool)’:
priv/DownloadQueue.cpp:245:40: warning: ‘QSet<T> QList<T>::toSet() const [with T = long long unsigned int]’ is deprecated: Use QSet<T>(list.begin(), list.end()) instead. [-Wdeprecated-declarations]
  245 |    QSet<quint64> IDsRemaining(IDs.toSet());
      |                               ~~~~~~~~~^~
In file included from /usr/include/x86_64-linux-gnu/qt5/QtCore/QSet:1,
                 from ./IDownload.h:23,
                 from ./priv/DownloadQueue.h:35,
                 from priv/DownloadQueue.cpp:19:
/usr/include/x86_64-linux-gnu/qt5/QtCore/qset.h:406:30: note: declared here
  406 | Q_OUTOFLINE_TEMPLATE QSet<T> QList<T>::toSet() const
      |                              ^~~~~~~~
g++ -c -pipe -std=c++0x -O2 -fPIC -frtti -Wall -Wno-parentheses -D_REENTRANT -DDOWNLOADMANAGER_LIBRARY -DQT_NO_DEBUG -DQT_NETWORK_LIB -DQT_CORE_LIB -I. -I. -I../.. -I/usr/include/x86_64-linux-gnu/qt5 -I/usr/include/x86_64-linux-gnu/qt5/QtNetwork -I/usr/include/x86_64-linux-gnu/qt5/QtCore -I.tmp/release -I/usr/lib/x86_64-linux-gnu/qt5/mkspecs/linux-g++ -o .tmp/release/ChunkDownloader.o priv/ChunkDownloader.cpp
g++ -c -pipe -std=c++0x -O2 -fPIC -frtti -Wall -Wno-parentheses -D_REENTRANT -DDOWNLOADMANAGER_LIBRARY -DQT_NO_DEBUG -DQT_NETWORK_LIB -DQT_CORE_LIB -I. -I. -I../.. -I/usr/include/x86_64-linux-gnu/qt5 -I/usr/include/x86_64-linux-gnu/qt5/QtNetwork -I/usr/include/x86_64-linux-gnu/qt5/QtCore -I.tmp/release -I/usr/lib/x86_64-linux-gnu/qt5/mkspecs/linux-g++ -o .tmp/release/Utils.o priv/Utils.cpp
g++ -pipe -std=c++0x -O2 -fPIC -frtti -Wall -Wno-parentheses -dM -E -o .tmp/release/moc_predefs.h /usr/lib/x86_64-linux-gnu/qt5/mkspecs/features/data/dummy.cpp
/usr/lib/qt5/bin/moc -DDOWNLOADMANAGER_LIBRARY -DQT_NO_DEBUG -DQT_NETWORK_LIB -DQT_CORE_LIB --include /workspaces/D-LAN/application/Core/DownloadManager/.tmp/release/moc_predefs.h -I/usr/lib/x86_64-linux-gnu/qt5/mkspecs/linux-g++ -I/workspaces/D-LAN/application/Core/DownloadManager -I/workspaces/D-LAN/application/Core/DownloadManager -I/workspaces/D-LAN/application -I/usr/include/x86_64-linux-gnu/qt5 -I/usr/include/x86_64-linux-gnu/qt5/QtNetwork -I/usr/include/x86_64-linux-gnu/qt5/QtCore -I/usr/include/c++/13 -I/usr/include/x86_64-linux-gnu/c++/13 -I/usr/include/c++/13/backward -I/usr/lib/gcc/x86_64-linux-gnu/13/include -I/usr/local/include -I/usr/include/x86_64-linux-gnu -I/usr/include priv/FileDownload.h -o .tmp/release/moc_FileDownload.cpp
g++ -c -pipe -std=c++0x -O2 -fPIC -frtti -Wall -Wno-parentheses -D_REENTRANT -DDOWNLOADMANAGER_LIBRARY -DQT_NO_DEBUG -DQT_NETWORK_LIB -DQT_CORE_LIB -I. -I. -I../.. -I/usr/include/x86_64-linux-gnu/qt5 -I/usr/include/x86_64-linux-gnu/qt5/QtNetwork -I/usr/include/x86_64-linux-gnu/qt5/QtCore -I.tmp/release -I/usr/lib/x86_64-linux-gnu/qt5/mkspecs/linux-g++ -o .tmp/release/moc_FileDownload.o .tmp/release/moc_FileDownload.cpp
/usr/lib/qt5/bin/moc -DDOWNLOADMANAGER_LIBRARY -DQT_NO_DEBUG -DQT_NETWORK_LIB -DQT_CORE_LIB --include /workspaces/D-LAN/application/Core/DownloadManager/.tmp/release/moc_predefs.h -I/usr/lib/x86_64-linux-gnu/qt5/mkspecs/linux-g++ -I/workspaces/D-LAN/application/Core/DownloadManager -I/workspaces/D-LAN/application/Core/DownloadManager -I/workspaces/D-LAN/application -I/usr/include/x86_64-linux-gnu/qt5 -I/usr/include/x86_64-linux-gnu/qt5/QtNetwork -I/usr/include/x86_64-linux-gnu/qt5/QtCore -I/usr/include/c++/13 -I/usr/include/x86_64-linux-gnu/c++/13 -I/usr/include/c++/13/backward -I/usr/lib/gcc/x86_64-linux-gnu/13/include -I/usr/local/include -I/usr/include/x86_64-linux-gnu -I/usr/include priv/DownloadManager.h -o .tmp/release/moc_DownloadManager.cpp
g++ -c -pipe -std=c++0x -O2 -fPIC -frtti -Wall -Wno-parentheses -D_REENTRANT -DDOWNLOADMANAGER_LIBRARY -DQT_NO_DEBUG -DQT_NETWORK_LIB -DQT_CORE_LIB -I. -I. -I../.. -I/usr/include/x86_64-linux-gnu/qt5 -I/usr/include/x86_64-linux-gnu/qt5/QtNetwork -I/usr/include/x86_64-linux-gnu/qt5/QtCore -I.tmp/release -I/usr/lib/x86_64-linux-gnu/qt5/mkspecs/linux-g++ -o .tmp/release/moc_DownloadManager.o .tmp/release/moc_DownloadManager.cpp
/usr/lib/qt5/bin/moc -DDOWNLOADMANAGER_LIBRARY -DQT_NO_DEBUG -DQT_NETWORK_LIB -DQT_CORE_LIB --include /workspaces/D-LAN/application/Core/DownloadManager/.tmp/release/moc_predefs.h -I/usr/lib/x86_64-linux-gnu/qt5/mkspecs/linux-g++ -I/workspaces/D-LAN/application/Core/DownloadManager -I/workspaces/D-LAN/application/Core/DownloadManager -I/workspaces/D-LAN/application -I/usr/include/x86_64-linux-gnu/qt5 -I/usr/include/x86_64-linux-gnu/qt5/QtNetwork -I/usr/include/x86_64-linux-gnu/qt5/QtCore -I/usr/include/c++/13 -I/usr/include/x86_64-linux-gnu/c++/13 -I/usr/include/c++/13/backward -I/usr/lib/gcc/x86_64-linux-gnu/13/include -I/usr/local/include -I/usr/include/x86_64-linux-gnu -I/usr/include priv/Download.h -o .tmp/release/moc_Download.cpp
g++ -c -pipe -std=c++0x -O2 -fPIC -frtti -Wall -Wno-parentheses -D_REENTRANT -DDOWNLOADMANAGER_LIBRARY -DQT_NO_DEBUG -DQT_NETWORK_LIB -DQT_CORE_LIB -I. -I. -I../.. -I/usr/include/x86_64-linux-gnu/qt5 -I/usr/include/x86_64-linux-gnu/qt5/QtNetwork -I/usr/include/x86_64-linux-gnu/qt5/QtCore -I.tmp/release -I/usr/lib/x86_64-linux-gnu/qt5/mkspecs/linux-g++ -o .tmp/release/moc_Download.o .tmp/release/moc_Download.cpp
/usr/lib/qt5/bin/moc -DDOWNLOADMANAGER_LIBRARY -DQT_NO_DEBUG -DQT_NETWORK_LIB -DQT_CORE_LIB --include /workspaces/D-LAN/application/Core/DownloadManager/.tmp/release/moc_predefs.h -I/usr/lib/x86_64-linux-gnu/qt5/mkspecs/linux-g++ -I/workspaces/D-LAN/application/Core/DownloadManager -I/workspaces/D-LAN/application/Core/DownloadManager -I/workspaces/D-LAN/application -I/usr/include/x86_64-linux-gnu/qt5 -I/usr/include/x86_64-linux-gnu/qt5/QtNetwork -I/usr/include/x86_64-linux-gnu/qt5/QtCore -I/usr/include/c++/13 -I/usr/include/x86_64-linux-gnu/c++/13 -I/usr/include/c++/13/backward -I/usr/lib/gcc/x86_64-linux-gnu/13/include -I/usr/local/include -I/usr/include/x86_64-linux-gnu -I/usr/include priv/DirDownload.h -o .tmp/release/moc_DirDownload.cpp
g++ -c -pipe -std=c++0x -O2 -fPIC -frtti -Wall -Wno-parentheses -D_REENTRANT -DDOWNLOADMANAGER_LIBRARY -DQT_NO_DEBUG -DQT_NETWORK_LIB -DQT_CORE_LIB -I. -I. -I../.. -I/usr/include/x86_64-linux-gnu/qt5 -I/usr/include/x86_64-linux-gnu/qt5/QtNetwork -I/usr/include/x86_64-linux-gnu/qt5/QtCore -I.tmp/release -I/usr/lib/x86_64-linux-gnu/qt5/mkspecs/linux-g++ -o .tmp/release/moc_DirDownload.o .tmp/release/moc_DirDownload.cpp
/usr/lib/qt5/bin/moc -DDOWNLOADMANAGER_LIBRARY -DQT_NO_DEBUG -DQT_NETWORK_LIB -DQT_CORE_LIB --include /workspaces/D-LAN/application/Core/DownloadManager/.tmp/release/moc_predefs.h -I/usr/lib/x86_64-linux-gnu/qt5/mkspecs/linux-g++ -I/workspaces/D-LAN/application/Core/DownloadManager -I/workspaces/D-LAN/application/Core/DownloadManager -I/workspaces/D-LAN/application -I/usr/include/x86_64-linux-gnu/qt5 -I/usr/include/x86_64-linux-gnu/qt5/QtNetwork -I/usr/include/x86_64-linux-gnu/qt5/QtCore -I/usr/include/c++/13 -I/usr/include/x86_64-linux-gnu/c++/13 -I/usr/include/c++/13/backward -I/usr/lib/gcc/x86_64-linux-gnu/13/include -I/usr/local/include -I/usr/include/x86_64-linux-gnu -I/usr/include priv/OccupiedPeers.h -o .tmp/release/moc_OccupiedPeers.cpp
g++ -c -pipe -std=c++0x -O2 -fPIC -frtti -Wall -Wno-parentheses -D_REENTRANT -DDOWNLOADMANAGER_LIBRARY -DQT_NO_DEBUG -DQT_NETWORK_LIB -DQT_CORE_LIB -I. -I. -I../.. -I/usr/include/x86_64-linux-gnu/qt5 -I/usr/include/x86_64-linux-gnu/qt5/QtNetwork -I/usr/include/x86_64-linux-gnu/qt5/QtCore -I.tmp/release -I/usr/lib/x86_64-linux-gnu/qt5/mkspecs/linux-g++ -o .tmp/release/moc_OccupiedPeers.o .tmp/release/moc_OccupiedPeers.cpp
/usr/lib/qt5/bin/moc -DDOWNLOADMANAGER_LIBRARY -DQT_NO_DEBUG -DQT_NETWORK_LIB -DQT_CORE_LIB --include /workspaces/D-LAN/application/Core/DownloadManager/.tmp/release/moc_predefs.h -I/usr/lib/x86_64-linux-gnu/qt5/mkspecs/linux-g++ -I/workspaces/D-LAN/application/Core/DownloadManager -I/workspaces/D-LAN/application/Core/DownloadManager -I/workspaces/D-LAN/application -I/usr/include/x86_64-linux-gnu/qt5 -I/usr/include/x86_64-linux-gnu/qt5/QtNetwork -I/usr/include/x86_64-linux-gnu/qt5/QtCore -I/usr/include/c++/13 -I/usr/include/x86_64-linux-gnu/c++/13 -I/usr/include/c++/13/backward -I/usr/lib/gcc/x86_64-linux-gnu/13/include -I/usr/local/include -I/usr/include/x86_64-linux-gnu -I/usr/include priv/DownloadQueue.h -o .tmp/release/moc_DownloadQueue.cpp
g++ -c -pipe -std=c++0x -O2 -fPIC -frtti -Wall -Wno-parentheses -D_REENTRANT -DDOWNLOADMANAGER_LIBRARY -DQT_NO_DEBUG -DQT_NETWORK_LIB -DQT_CORE_LIB -I. -I. -I../.. -I/usr/include/x86_64-linux-gnu/qt5 -I/usr/include/x86_64-linux-gnu/qt5/QtNetwork -I/usr/include/x86_64-linux-gnu/qt5/QtCore -I.tmp/release -I/usr/lib/x86_64-linux-gnu/qt5/mkspecs/linux-g++ -o .tmp/release/moc_DownloadQueue.o .tmp/release/moc_DownloadQueue.cpp
/usr/lib/qt5/bin/moc -DDOWNLOADMANAGER_LIBRARY -DQT_NO_DEBUG -DQT_NETWORK_LIB -DQT_CORE_LIB --include /workspaces/D-LAN/application/Core/DownloadManager/.tmp/release/moc_predefs.h -I/usr/lib/x86_64-linux-gnu/qt5/mkspecs/linux-g++ -I/workspaces/D-LAN/application/Core/DownloadManager -I/workspaces/D-LAN/application/Core/DownloadManager -I/workspaces/D-LAN/application -I/usr/include/x86_64-linux-gnu/qt5 -I/usr/include/x86_64-linux-gnu/qt5/QtNetwork -I/usr/include/x86_64-linux-gnu/qt5/QtCore -I/usr/include/c++/13 -I/usr/include/x86_64-linux-gnu/c++/13 -I/usr/include/c++/13/backward -I/usr/lib/gcc/x86_64-linux-gnu/13/include -I/usr/local/include -I/usr/include/x86_64-linux-gnu -I/usr/include priv/ChunkDownloader.h -o .tmp/release/moc_ChunkDownloader.cpp
g++ -c -pipe -std=c++0x -O2 -fPIC -frtti -Wall -Wno-parentheses -D_REENTRANT -DDOWNLOADMANAGER_LIBRARY -DQT_NO_DEBUG -DQT_NETWORK_LIB -DQT_CORE_LIB -I. -I. -I../.. -I/usr/include/x86_64-linux-gnu/qt5 -I/usr/include/x86_64-linux-gnu/qt5/QtNetwork -I/usr/include/x86_64-linux-gnu/qt5/QtCore -I.tmp/release -I/usr/lib/x86_64-linux-gnu/qt5/mkspecs/linux-g++ -o .tmp/release/moc_ChunkDownloader.o .tmp/release/moc_ChunkDownloader.cpp
rm -f output/release/libDownloadManager.a
ar cqs output/release/libDownloadManager.a .tmp/release/FileDownload.o .tmp/release/DownloadManager.o .tmp/release/Download.o .tmp/release/DirDownload.o .tmp/release/common.pb.o .tmp/release/Builder.o .tmp/release/OccupiedPeers.o .tmp/release/queue.pb.o .tmp/release/Log.o .tmp/release/DownloadPredicate.o .tmp/release/DownloadQueue.o .tmp/release/ChunkDownloader.o .tmp/release/Utils.o .tmp/release/moc_FileDownload.o .tmp/release/moc_DownloadManager.o .tmp/release/moc_Download.o .tmp/release/moc_DirDownload.o .tmp/release/moc_OccupiedPeers.o .tmp/release/moc_DownloadQueue.o .tmp/release/moc_ChunkDownloader.o
make: Leaving directory '/workspaces/D-LAN/application/Core/DownloadManager'
/workspaces/D-LAN/application
/workspaces/D-LAN/application /workspaces/D-LAN/application
Compiling NetworkListener..
make: Entering directory '/workspaces/D-LAN/application/Core/NetworkListener'
rm -f .tmp/release/moc_predefs.h
rm -f .tmp/release/moc_ISearch.cpp .tmp/release/moc_IChat.cpp .tmp/release/moc_UDPListener.cpp .tmp/release/moc_TCPListener.cpp .tmp/release/moc_Search.cpp .tmp/release/moc_NetworkListener.cpp .tmp/release/moc_Chat.cpp
rm -f .tmp/release/UDPListener.o .tmp/release/TCPListener.o .tmp/release/Search.o .tmp/release/NetworkListener.o .tmp/release/Chat.o .tmp/release/Builder.o .tmp/release/common.pb.o .tmp/release/core_protocol.pb.o .tmp/release/Log.o .tmp/release/Utils.o .tmp/release/moc_ISearch.o .tmp/release/moc_IChat.o .tmp/release/moc_UDPListener.o .tmp/release/moc_TCPListener.o .tmp/release/moc_Search.o .tmp/release/moc_NetworkListener.o .tmp/release/moc_Chat.o
rm -f *~ core *.core
make: Leaving directory '/workspaces/D-LAN/application/Core/NetworkListener'
make: Entering directory '/workspaces/D-LAN/application/Core/NetworkListener'
g++ -c -pipe -std=c++0x -O2 -fPIC -frtti -Wall -Wno-parentheses -D_REENTRANT -DNETWORKLISTENER_LIBRARY -DQT_NO_DEBUG -DQT_NETWORK_LIB -DQT_CORE_LIB -I. -I. -I../.. -I/usr/include/x86_64-linux-gnu/qt5 -I/usr/include/x86_64-linux-gnu/qt5/QtNetwork -I/usr/include/x86_64-linux-gnu/qt5/QtCore -I.tmp/release -I/usr/lib/x86_64-linux-gnu/qt5/mkspecs/linux-g++ -o .tmp/release/UDPListener.o priv/UDPListener.cpp
priv/UDPListener.cpp: In member function ‘void NL::UDPListener::sendIMAliveMessage()’:
priv/UDPListener.cpp:163:93: warning: ‘int google::protobuf::MessageLite::ByteSize() const’ is deprecated: Please use ByteSizeLong() instead [-Wdeprecated-declarations]
  163 |    int numberOfHashesToSend = (this->MAX_UDP_DATAGRAM_PAYLOAD_SIZE - IMAliveMessage.ByteSize() - Common::MessageHeader::HEADER_SIZE) / HASH_SIZE;
      |                                                                      ~~~~~~~~~~~~~~~~~~~~~~~^~
In file included from /usr/include/google/protobuf/generated_enum_util.h:38,
                 from /usr/include/google/protobuf/generated_enum_reflection.h:47,
                 from /usr/include/google/protobuf/generated_message_reflection.h:46,
                 from /usr/include/google/protobuf/message.h:124,
                 from ./priv/UDPListener.h:31,
                 from priv/UDPListener.cpp:19:
/usr/include/google/protobuf/message_lite.h:381:7: note: declared here
  381 |   int ByteSize() const { return internal::ToIntSize(ByteSizeLong()); }
      |       ^~~~~~~~
priv/UDPListener.cpp: In member function ‘int NL::UDPListener::writeMessageToBuffer(Common::MessageHeader::MessageType, const google::protobuf::Message&)’:
priv/UDPListener.cpp:457:41: warning: ‘int google::protobuf::MessageLite::ByteSize() const’ is deprecated: Please use ByteSizeLong() instead [-Wdeprecated-declarations]
  457 |    const int bodySize = message.ByteSize();
      |                         ~~~~~~~~~~~~~~~~^~
/usr/include/google/protobuf/message_lite.h:381:7: note: declared here
  381 |   int ByteSize() const { return internal::ToIntSize(ByteSizeLong()); }
      |       ^~~~~~~~
g++ -c -pipe -std=c++0x -O2 -fPIC -frtti -Wall -Wno-parentheses -D_REENTRANT -DNETWORKLISTENER_LIBRARY -DQT_NO_DEBUG -DQT_NETWORK_LIB -DQT_CORE_LIB -I. -I. -I../.. -I/usr/include/x86_64-linux-gnu/qt5 -I/usr/include/x86_64-linux-gnu/qt5/QtNetwork -I/usr/include/x86_64-linux-gnu/qt5/QtCore -I.tmp/release -I/usr/lib/x86_64-linux-gnu/qt5/mkspecs/linux-g++ -o .tmp/release/TCPListener.o priv/TCPListener.cpp
g++ -c -pipe -std=c++0x -O2 -fPIC -frtti -Wall -Wno-parentheses -D_REENTRANT -DNETWORKLISTENER_LIBRARY -DQT_NO_DEBUG -DQT_NETWORK_LIB -DQT_CORE_LIB -I. -I. -I../.. -I/usr/include/x86_64-linux-gnu/qt5 -I/usr/include/x86_64-linux-gnu/qt5/QtNetwork -I/usr/include/x86_64-linux-gnu/qt5/QtCore -I.tmp/release -I/usr/lib/x86_64-linux-gnu/qt5/mkspecs/linux-g++ -o .tmp/release/Search.o priv/Search.cpp
g++ -c -pipe -std=c++0x -O2 -fPIC -frtti -Wall -Wno-parentheses -D_REENTRANT -DNETWORKLISTENER_LIBRARY -DQT_NO_DEBUG -DQT_NETWORK_LIB -DQT_CORE_LIB -I. -I. -I../.. -I/usr/include/x86_64-linux-gnu/qt5 -I/usr/include/x86_64-linux-gnu/qt5/QtNetwork -I/usr/include/x86_64-linux-gnu/qt5/QtCore -I.tmp/release -I/usr/lib/x86_64-linux-gnu/qt5/mkspecs/linux-g++ -o .tmp/release/NetworkListener.o priv/NetworkListener.cpp
In file included from ./priv/NetworkListener.h:35,
                 from priv/NetworkListener.cpp:19:
./priv/Chat.h:48:7: warning: ‘template<class T> class QLinkedList’ is deprecated: Use std::list instead [-Wdeprecated-declarations]
   48 |       QLinkedList<Protos::GUI::EventChatMessages_Message> messagesHistory; ///< The last messages. The first is the older.
      |       ^~~~~~~~~~~
In file included from /usr/include/x86_64-linux-gnu/qt5/QtCore/qvarlengtharray.h:43,
                 from /usr/include/x86_64-linux-gnu/qt5/QtCore/qmetatype.h:48,
                 from /usr/include/x86_64-linux-gnu/qt5/QtCore/qobject.h:54,
                 from /usr/include/x86_64-linux-gnu/qt5/QtCore/QObject:1,
                 from ./priv/NetworkListener.h:22:
/usr/include/x86_64-linux-gnu/qt5/QtCore/qcontainerfwd.h:51:26: note: declared here
   51 | template <class T> class QLinkedList;
      |                          ^~~~~~~~~~~
./priv/NetworkListener.h:67:36: warning: ‘QNetworkConfigurationManager’ is deprecated [-Wdeprecated-declarations]
   67 |       QNetworkConfigurationManager configManager;
      |                                    ^~~~~~~~~~~~~
In file included from /usr/include/x86_64-linux-gnu/qt5/QtNetwork/QNetworkConfigurationManager:1,
                 from ./priv/NetworkListener.h:24:
/usr/include/x86_64-linux-gnu/qt5/QtNetwork/qnetworkconfigmanager.h:59:56: note: declared here
   59 | class QT_DEPRECATED_BEARER_MANAGEMENT Q_NETWORK_EXPORT QNetworkConfigurationManager : public QObject
      |                                                        ^~~~~~~~~~~~~~~~~~~~~~~~~~~~
g++ -c -pipe -std=c++0x -O2 -fPIC -frtti -Wall -Wno-parentheses -D_REENTRANT -DNETWORKLISTENER_LIBRARY -DQT_NO_DEBUG -DQT_NETWORK_LIB -DQT_CORE_LIB -I. -I. -I../.. -I/usr/include/x86_64-linux-gnu/qt5 -I/usr/include/x86_64-linux-gnu/qt5/QtNetwork -I/usr/include/x86_64-linux-gnu/qt5/QtCore -I.tmp/release -I/usr/lib/x86_64-linux-gnu/qt5/mkspecs/linux-g++ -o .tmp/release/Chat.o priv/Chat.cpp
In file included from priv/Chat.cpp:19:
./priv/Chat.h:48:7: warning: ‘template<class T> class QLinkedList’ is deprecated: Use std::list instead [-Wdeprecated-declarations]
   48 |       QLinkedList<Protos::GUI::EventChatMessages_Message> messagesHistory; ///< The last messages. The first is the older.
      |       ^~~~~~~~~~~
In file included from /usr/include/x86_64-linux-gnu/qt5/QtCore/qvarlengtharray.h:43,
                 from /usr/include/x86_64-linux-gnu/qt5/QtCore/qmetatype.h:48,
                 from /usr/include/x86_64-linux-gnu/qt5/QtCore/qobject.h:54,
                 from /usr/include/x86_64-linux-gnu/qt5/QtCore/qsharedpointer_impl.h:65,
                 from /usr/include/x86_64-linux-gnu/qt5/QtCore/qsharedpointer.h:48,
                 from /usr/include/x86_64-linux-gnu/qt5/QtCore/QSharedPointer:1,
                 from ./priv/Chat.h:22:
/usr/include/x86_64-linux-gnu/qt5/QtCore/qcontainerfwd.h:51:26: note: declared here
   51 | template <class T> class QLinkedList;
      |                          ^~~~~~~~~~~
g++ -c -pipe -std=c++0x -O2 -fPIC -frtti -Wall -Wno-parentheses -D_REENTRANT -DNETWORKLISTENER_LIBRARY -DQT_NO_DEBUG -DQT_NETWORK_LIB -DQT_CORE_LIB -I. -I. -I../.. -I/usr/include/x86_64-linux-gnu/qt5 -I/usr/include/x86_64-linux-gnu/qt5/QtNetwork -I/usr/include/x86_64-linux-gnu/qt5/QtCore -I.tmp/release -I/usr/lib/x86_64-linux-gnu/qt5/mkspecs/linux-g++ -o .tmp/release/Builder.o priv/Builder.cpp
In file included from ./priv/NetworkListener.h:35,
                 from priv/Builder.cpp:22:
./priv/Chat.h:48:7: warning: ‘template<class T> class QLinkedList’ is deprecated: Use std::list instead [-Wdeprecated-declarations]
   48 |       QLinkedList<Protos::GUI::EventChatMessages_Message> messagesHistory; ///< The last messages. The first is the older.
      |       ^~~~~~~~~~~
In file included from /usr/include/x86_64-linux-gnu/qt5/QtCore/qvarlengtharray.h:43,
                 from /usr/include/x86_64-linux-gnu/qt5/QtCore/qmetatype.h:48,
                 from /usr/include/x86_64-linux-gnu/qt5/QtCore/qobject.h:54,
                 from /usr/include/x86_64-linux-gnu/qt5/QtCore/qsharedpointer_impl.h:65,
                 from /usr/include/x86_64-linux-gnu/qt5/QtCore/qsharedpointer.h:48,
                 from /usr/include/x86_64-linux-gnu/qt5/QtCore/QSharedPointer:1,
                 from ./Builder.h:22,
                 from priv/Builder.cpp:19:
/usr/include/x86_64-linux-gnu/qt5/QtCore/qcontainerfwd.h:51:26: note: declared here
   51 | template <class T> class QLinkedList;
      |                          ^~~~~~~~~~~
./priv/NetworkListener.h:67:36: warning: ‘QNetworkConfigurationManager’ is deprecated [-Wdeprecated-declarations]
   67 |       QNetworkConfigurationManager configManager;
      |                                    ^~~~~~~~~~~~~
In file included from /usr/include/x86_64-linux-gnu/qt5/QtNetwork/QtNetwork:30,
                 from ../../Core/PeerManager/IPeerManager.h:23,
                 from ./Builder.h:25:
/usr/include/x86_64-linux-gnu/qt5/QtNetwork/qnetworkconfigmanager.h:59:56: note: declared here
   59 | class QT_DEPRECATED_BEARER_MANAGEMENT Q_NETWORK_EXPORT QNetworkConfigurationManager : public QObject
      |                                                        ^~~~~~~~~~~~~~~~~~~~~~~~~~~~
g++ -c -pipe -std=c++0x -O2 -fPIC -frtti -Wall -Wno-parentheses -D_REENTRANT -DNETWORKLISTENER_LIBRARY -DQT_NO_DEBUG -DQT_NETWORK_LIB -DQT_CORE_LIB -I. -I. -I../.. -I/usr/include/x86_64-linux-gnu/qt5 -I/usr/include/x86_64-linux-gnu/qt5/QtNetwork -I/usr/include/x86_64-linux-gnu/qt5/QtCore -I.tmp/release -I/usr/lib/x86_64-linux-gnu/qt5/mkspecs/linux-g++ -o .tmp/release/common.pb.o ../../Protos/common.pb.cc
g++ -c -pipe -std=c++0x -O2 -fPIC -frtti -Wall -Wno-parentheses -D_REENTRANT -DNETWORKLISTENER_LIBRARY -DQT_NO_DEBUG -DQT_NETWORK_LIB -DQT_CORE_LIB -I. -I. -I../.. -I/usr/include/x86_64-linux-gnu/qt5 -I/usr/include/x86_64-linux-gnu/qt5/QtNetwork -I/usr/include/x86_64-linux-gnu/qt5/QtCore -I.tmp/release -I/usr/lib/x86_64-linux-gnu/qt5/mkspecs/linux-g++ -o .tmp/release/core_protocol.pb.o ../../Protos/core_protocol.pb.cc
g++ -c -pipe -std=c++0x -O2 -fPIC -frtti -Wall -Wno-parentheses -D_REENTRANT -DNETWORKLISTENER_LIBRARY -DQT_NO_DEBUG -DQT_NETWORK_LIB -DQT_CORE_LIB -I. -I. -I../.. -I/usr/include/x86_64-linux-gnu/qt5 -I/usr/include/x86_64-linux-gnu/qt5/QtNetwork -I/usr/include/x86_64-linux-gnu/qt5/QtCore -I.tmp/release -I/usr/lib/x86_64-linux-gnu/qt5/mkspecs/linux-g++ -o .tmp/release/Log.o priv/Log.cpp
g++ -c -pipe -std=c++0x -O2 -fPIC -frtti -Wall -Wno-parentheses -D_REENTRANT -DNETWORKLISTENER_LIBRARY -DQT_NO_DEBUG -DQT_NETWORK_LIB -DQT_CORE_LIB -I. -I. -I../.. -I/usr/include/x86_64-linux-gnu/qt5 -I/usr/include/x86_64-linux-gnu/qt5/QtNetwork -I/usr/include/x86_64-linux-gnu/qt5/QtCore -I.tmp/release -I/usr/lib/x86_64-linux-gnu/qt5/mkspecs/linux-g++ -o .tmp/release/Utils.o priv/Utils.cpp
g++ -pipe -std=c++0x -O2 -fPIC -frtti -Wall -Wno-parentheses -dM -E -o .tmp/release/moc_predefs.h /usr/lib/x86_64-linux-gnu/qt5/mkspecs/features/data/dummy.cpp
/usr/lib/qt5/bin/moc -DNETWORKLISTENER_LIBRARY -DQT_NO_DEBUG -DQT_NETWORK_LIB -DQT_CORE_LIB --include /workspaces/D-LAN/application/Core/NetworkListener/.tmp/release/moc_predefs.h -I/usr/lib/x86_64-linux-gnu/qt5/mkspecs/linux-g++ -I/workspaces/D-LAN/application/Core/NetworkListener -I/workspaces/D-LAN/application/Core/NetworkListener -I/workspaces/D-LAN/application -I/usr/include/x86_64-linux-gnu/qt5 -I/usr/include/x86_64-linux-gnu/qt5/QtNetwork -I/usr/include/x86_64-linux-gnu/qt5/QtCore -I/usr/include/c++/13 -I/usr/include/x86_64-linux-gnu/c++/13 -I/usr/include/c++/13/backward -I/usr/lib/gcc/x86_64-linux-gnu/13/include -I/usr/local/include -I/usr/include/x86_64-linux-gnu -I/usr/include ISearch.h -o .tmp/release/moc_ISearch.cpp
g++ -c -pipe -std=c++0x -O2 -fPIC -frtti -Wall -Wno-parentheses -D_REENTRANT -DNETWORKLISTENER_LIBRARY -DQT_NO_DEBUG -DQT_NETWORK_LIB -DQT_CORE_LIB -I. -I. -I../.. -I/usr/include/x86_64-linux-gnu/qt5 -I/usr/include/x86_64-linux-gnu/qt5/QtNetwork -I/usr/include/x86_64-linux-gnu/qt5/QtCore -I.tmp/release -I/usr/lib/x86_64-linux-gnu/qt5/mkspecs/linux-g++ -o .tmp/release/moc_ISearch.o .tmp/release/moc_ISearch.cpp
/usr/lib/qt5/bin/moc -DNETWORKLISTENER_LIBRARY -DQT_NO_DEBUG -DQT_NETWORK_LIB -DQT_CORE_LIB --include /workspaces/D-LAN/application/Core/NetworkListener/.tmp/release/moc_predefs.h -I/usr/lib/x86_64-linux-gnu/qt5/mkspecs/linux-g++ -I/workspaces/D-LAN/application/Core/NetworkListener -I/workspaces/D-LAN/application/Core/NetworkListener -I/workspaces/D-LAN/application -I/usr/include/x86_64-linux-gnu/qt5 -I/usr/include/x86_64-linux-gnu/qt5/QtNetwork -I/usr/include/x86_64-linux-gnu/qt5/QtCore -I/usr/include/c++/13 -I/usr/include/x86_64-linux-gnu/c++/13 -I/usr/include/c++/13/backward -I/usr/lib/gcc/x86_64-linux-gnu/13/include -I/usr/local/include -I/usr/include/x86_64-linux-gnu -I/usr/include IChat.h -o .tmp/release/moc_IChat.cpp
g++ -c -pipe -std=c++0x -O2 -fPIC -frtti -Wall -Wno-parentheses -D_REENTRANT -DNETWORKLISTENER_LIBRARY -DQT_NO_DEBUG -DQT_NETWORK_LIB -DQT_CORE_LIB -I. -I. -I../.. -I/usr/include/x86_64-linux-gnu/qt5 -I/usr/include/x86_64-linux-gnu/qt5/QtNetwork -I/usr/include/x86_64-linux-gnu/qt5/QtCore -I.tmp/release -I/usr/lib/x86_64-linux-gnu/qt5/mkspecs/linux-g++ -o .tmp/release/moc_IChat.o .tmp/release/moc_IChat.cpp
/usr/lib/qt5/bin/moc -DNETWORKLISTENER_LIBRARY -DQT_NO_DEBUG -DQT_NETWORK_LIB -DQT_CORE_LIB --include /workspaces/D-LAN/application/Core/NetworkListener/.tmp/release/moc_predefs.h -I/usr/lib/x86_64-linux-gnu/qt5/mkspecs/linux-g++ -I/workspaces/D-LAN/application/Core/NetworkListener -I/workspaces/D-LAN/application/Core/NetworkListener -I/workspaces/D-LAN/application -I/usr/include/x86_64-linux-gnu/qt5 -I/usr/include/x86_64-linux-gnu/qt5/QtNetwork -I/usr/include/x86_64-linux-gnu/qt5/QtCore -I/usr/include/c++/13 -I/usr/include/x86_64-linux-gnu/c++/13 -I/usr/include/c++/13/backward -I/usr/lib/gcc/x86_64-linux-gnu/13/include -I/usr/local/include -I/usr/include/x86_64-linux-gnu -I/usr/include priv/UDPListener.h -o .tmp/release/moc_UDPListener.cpp
g++ -c -pipe -std=c++0x -O2 -fPIC -frtti -Wall -Wno-parentheses -D_REENTRANT -DNETWORKLISTENER_LIBRARY -DQT_NO_DEBUG -DQT_NETWORK_LIB -DQT_CORE_LIB -I. -I. -I../.. -I/usr/include/x86_64-linux-gnu/qt5 -I/usr/include/x86_64-linux-gnu/qt5/QtNetwork -I/usr/include/x86_64-linux-gnu/qt5/QtCore -I.tmp/release -I/usr/lib/x86_64-linux-gnu/qt5/mkspecs/linux-g++ -o .tmp/release/moc_UDPListener.o .tmp/release/moc_UDPListener.cpp
/usr/lib/qt5/bin/moc -DNETWORKLISTENER_LIBRARY -DQT_NO_DEBUG -DQT_NETWORK_LIB -DQT_CORE_LIB --include /workspaces/D-LAN/application/Core/NetworkListener/.tmp/release/moc_predefs.h -I/usr/lib/x86_64-linux-gnu/qt5/mkspecs/linux-g++ -I/workspaces/D-LAN/application/Core/NetworkListener -I/workspaces/D-LAN/application/Core/NetworkListener -I/workspaces/D-LAN/application -I/usr/include/x86_64-linux-gnu/qt5 -I/usr/include/x86_64-linux-gnu/qt5/QtNetwork -I/usr/include/x86_64-linux-gnu/qt5/QtCore -I/usr/include/c++/13 -I/usr/include/x86_64-linux-gnu/c++/13 -I/usr/include/c++/13/backward -I/usr/lib/gcc/x86_64-linux-gnu/13/include -I/usr/local/include -I/usr/include/x86_64-linux-gnu -I/usr/include priv/TCPListener.h -o .tmp/release/moc_TCPListener.cpp
g++ -c -pipe -std=c++0x -O2 -fPIC -frtti -Wall -Wno-parentheses -D_REENTRANT -DNETWORKLISTENER_LIBRARY -DQT_NO_DEBUG -DQT_NETWORK_LIB -DQT_CORE_LIB -I. -I. -I../.. -I/usr/include/x86_64-linux-gnu/qt5 -I/usr/include/x86_64-linux-gnu/qt5/QtNetwork -I/usr/include/x86_64-linux-gnu/qt5/QtCore -I.tmp/release -I/usr/lib/x86_64-linux-gnu/qt5/mkspecs/linux-g++ -o .tmp/release/moc_TCPListener.o .tmp/release/moc_TCPListener.cpp
/usr/lib/qt5/bin/moc -DNETWORKLISTENER_LIBRARY -DQT_NO_DEBUG -DQT_NETWORK_LIB -DQT_CORE_LIB --include /workspaces/D-LAN/application/Core/NetworkListener/.tmp/release/moc_predefs.h -I/usr/lib/x86_64-linux-gnu/qt5/mkspecs/linux-g++ -I/workspaces/D-LAN/application/Core/NetworkListener -I/workspaces/D-LAN/application/Core/NetworkListener -I/workspaces/D-LAN/application -I/usr/include/x86_64-linux-gnu/qt5 -I/usr/include/x86_64-linux-gnu/qt5/QtNetwork -I/usr/include/x86_64-linux-gnu/qt5/QtCore -I/usr/include/c++/13 -I/usr/include/x86_64-linux-gnu/c++/13 -I/usr/include/c++/13/backward -I/usr/lib/gcc/x86_64-linux-gnu/13/include -I/usr/local/include -I/usr/include/x86_64-linux-gnu -I/usr/include priv/Search.h -o .tmp/release/moc_Search.cpp
g++ -c -pipe -std=c++0x -O2 -fPIC -frtti -Wall -Wno-parentheses -D_REENTRANT -DNETWORKLISTENER_LIBRARY -DQT_NO_DEBUG -DQT_NETWORK_LIB -DQT_CORE_LIB -I. -I. -I../.. -I/usr/include/x86_64-linux-gnu/qt5 -I/usr/include/x86_64-linux-gnu/qt5/QtNetwork -I/usr/include/x86_64-linux-gnu/qt5/QtCore -I.tmp/release -I/usr/lib/x86_64-linux-gnu/qt5/mkspecs/linux-g++ -o .tmp/release/moc_Search.o .tmp/release/moc_Search.cpp
/usr/lib/qt5/bin/moc -DNETWORKLISTENER_LIBRARY -DQT_NO_DEBUG -DQT_NETWORK_LIB -DQT_CORE_LIB --include /workspaces/D-LAN/application/Core/NetworkListener/.tmp/release/moc_predefs.h -I/usr/lib/x86_64-linux-gnu/qt5/mkspecs/linux-g++ -I/workspaces/D-LAN/application/Core/NetworkListener -I/workspaces/D-LAN/application/Core/NetworkListener -I/workspaces/D-LAN/application -I/usr/include/x86_64-linux-gnu/qt5 -I/usr/include/x86_64-linux-gnu/qt5/QtNetwork -I/usr/include/x86_64-linux-gnu/qt5/QtCore -I/usr/include/c++/13 -I/usr/include/x86_64-linux-gnu/c++/13 -I/usr/include/c++/13/backward -I/usr/lib/gcc/x86_64-linux-gnu/13/include -I/usr/local/include -I/usr/include/x86_64-linux-gnu -I/usr/include priv/NetworkListener.h -o .tmp/release/moc_NetworkListener.cpp
g++ -c -pipe -std=c++0x -O2 -fPIC -frtti -Wall -Wno-parentheses -D_REENTRANT -DNETWORKLISTENER_LIBRARY -DQT_NO_DEBUG -DQT_NETWORK_LIB -DQT_CORE_LIB -I. -I. -I../.. -I/usr/include/x86_64-linux-gnu/qt5 -I/usr/include/x86_64-linux-gnu/qt5/QtNetwork -I/usr/include/x86_64-linux-gnu/qt5/QtCore -I.tmp/release -I/usr/lib/x86_64-linux-gnu/qt5/mkspecs/linux-g++ -o .tmp/release/moc_NetworkListener.o .tmp/release/moc_NetworkListener.cpp
In file included from .tmp/release/../../priv/NetworkListener.h:35,
                 from .tmp/release/moc_NetworkListener.cpp:10:
./priv/Chat.h:48:7: warning: ‘template<class T> class QLinkedList’ is deprecated: Use std::list instead [-Wdeprecated-declarations]
   48 |       QLinkedList<Protos::GUI::EventChatMessages_Message> messagesHistory; ///< The last messages. The first is the older.
      |       ^~~~~~~~~~~
In file included from /usr/include/x86_64-linux-gnu/qt5/QtCore/qvarlengtharray.h:43,
                 from /usr/include/x86_64-linux-gnu/qt5/QtCore/qmetatype.h:48,
                 from /usr/include/x86_64-linux-gnu/qt5/QtCore/qobject.h:54,
                 from /usr/include/x86_64-linux-gnu/qt5/QtCore/QObject:1,
                 from .tmp/release/../../priv/NetworkListener.h:22:
/usr/include/x86_64-linux-gnu/qt5/QtCore/qcontainerfwd.h:51:26: note: declared here
   51 | template <class T> class QLinkedList;
      |                          ^~~~~~~~~~~
.tmp/release/../../priv/NetworkListener.h:67:36: warning: ‘QNetworkConfigurationManager’ is deprecated [-Wdeprecated-declarations]
   67 |       QNetworkConfigurationManager configManager;
      |                                    ^~~~~~~~~~~~~
In file included from /usr/include/x86_64-linux-gnu/qt5/QtNetwork/QNetworkConfigurationManager:1,
                 from .tmp/release/../../priv/NetworkListener.h:24:
/usr/include/x86_64-linux-gnu/qt5/QtNetwork/qnetworkconfigmanager.h:59:56: note: declared here
   59 | class QT_DEPRECATED_BEARER_MANAGEMENT Q_NETWORK_EXPORT QNetworkConfigurationManager : public QObject
      |                                                        ^~~~~~~~~~~~~~~~~~~~~~~~~~~~
/usr/lib/qt5/bin/moc -DNETWORKLISTENER_LIBRARY -DQT_NO_DEBUG -DQT_NETWORK_LIB -DQT_CORE_LIB --include /workspaces/D-LAN/application/Core/NetworkListener/.tmp/release/moc_predefs.h -I/usr/lib/x86_64-linux-gnu/qt5/mkspecs/linux-g++ -I/workspaces/D-LAN/application/Core/NetworkListener -I/workspaces/D-LAN/application/Core/NetworkListener -I/workspaces/D-LAN/application -I/usr/include/x86_64-linux-gnu/qt5 -I/usr/include/x86_64-linux-gnu/qt5/QtNetwork -I/usr/include/x86_64-linux-gnu/qt5/QtCore -I/usr/include/c++/13 -I/usr/include/x86_64-linux-gnu/c++/13 -I/usr/include/c++/13/backward -I/usr/lib/gcc/x86_64-linux-gnu/13/include -I/usr/local/include -I/usr/include/x86_64-linux-gnu -I/usr/include priv/Chat.h -o .tmp/release/moc_Chat.cpp
g++ -c -pipe -std=c++0x -O2 -fPIC -frtti -Wall -Wno-parentheses -D_REENTRANT -DNETWORKLISTENER_LIBRARY -DQT_NO_DEBUG -DQT_NETWORK_LIB -DQT_CORE_LIB -I. -I. -I../.. -I/usr/include/x86_64-linux-gnu/qt5 -I/usr/include/x86_64-linux-gnu/qt5/QtNetwork -I/usr/include/x86_64-linux-gnu/qt5/QtCore -I.tmp/release -I/usr/lib/x86_64-linux-gnu/qt5/mkspecs/linux-g++ -o .tmp/release/moc_Chat.o .tmp/release/moc_Chat.cpp
In file included from .tmp/release/moc_Chat.cpp:10:
.tmp/release/../../priv/Chat.h:48:7: warning: ‘template<class T> class QLinkedList’ is deprecated: Use std::list instead [-Wdeprecated-declarations]
   48 |       QLinkedList<Protos::GUI::EventChatMessages_Message> messagesHistory; ///< The last messages. The first is the older.
      |       ^~~~~~~~~~~
In file included from /usr/include/x86_64-linux-gnu/qt5/QtCore/qvarlengtharray.h:43,
                 from /usr/include/x86_64-linux-gnu/qt5/QtCore/qmetatype.h:48,
                 from /usr/include/x86_64-linux-gnu/qt5/QtCore/qobject.h:54,
                 from /usr/include/x86_64-linux-gnu/qt5/QtCore/qsharedpointer_impl.h:65,
                 from /usr/include/x86_64-linux-gnu/qt5/QtCore/qsharedpointer.h:48,
                 from /usr/include/x86_64-linux-gnu/qt5/QtCore/QSharedPointer:1,
                 from .tmp/release/../../priv/Chat.h:22:
/usr/include/x86_64-linux-gnu/qt5/QtCore/qcontainerfwd.h:51:26: note: declared here
   51 | template <class T> class QLinkedList;
      |                          ^~~~~~~~~~~
rm -f output/release/libNetworkListener.a
ar cqs output/release/libNetworkListener.a .tmp/release/UDPListener.o .tmp/release/TCPListener.o .tmp/release/Search.o .tmp/release/NetworkListener.o .tmp/release/Chat.o .tmp/release/Builder.o .tmp/release/common.pb.o .tmp/release/core_protocol.pb.o .tmp/release/Log.o .tmp/release/Utils.o .tmp/release/moc_ISearch.o .tmp/release/moc_IChat.o .tmp/release/moc_UDPListener.o .tmp/release/moc_TCPListener.o .tmp/release/moc_Search.o .tmp/release/moc_NetworkListener.o .tmp/release/moc_Chat.o
make: Leaving directory '/workspaces/D-LAN/application/Core/NetworkListener'
/workspaces/D-LAN/application
/workspaces/D-LAN/application /workspaces/D-LAN/application
Compiling RemoteControlManager..
make: Entering directory '/workspaces/D-LAN/application/Core/RemoteControlManager'
rm -f .tmp/release/moc_predefs.h
rm -f .tmp/release/moc_IRemoteControlManager.cpp .tmp/release/moc_RemoteControlManager.cpp .tmp/release/moc_RemoteConnection.cpp
rm -f .tmp/release/RemoteControlManager.o .tmp/release/RemoteConnection.o .tmp/release/Builder.o .tmp/release/gui_protocol.pb.o .tmp/release/common.pb.o .tmp/release/Log.o .tmp/release/moc_IRemoteControlManager.o .tmp/release/moc_RemoteControlManager.o .tmp/release/moc_RemoteConnection.o
rm -f *~ core *.core
make: Leaving directory '/workspaces/D-LAN/application/Core/RemoteControlManager'
make: Entering directory '/workspaces/D-LAN/application/Core/RemoteControlManager'
g++ -c -pipe -std=c++0x -O2 -fPIC -frtti -Wall -Wno-parentheses -D_REENTRANT -DREMOTECONTROLMANAGER_LIBRARY -DQT_NO_DEBUG -DQT_NETWORK_LIB -DQT_CORE_LIB -I. -I. -I../.. -I/usr/include/x86_64-linux-gnu/qt5 -I/usr/include/x86_64-linux-gnu/qt5/QtNetwork -I/usr/include/x86_64-linux-gnu/qt5/QtCore -I.tmp/release -I/usr/lib/x86_64-linux-gnu/qt5/mkspecs/linux-g++ -o .tmp/release/RemoteControlManager.o priv/RemoteControlManager.cpp
g++ -c -pipe -std=c++0x -O2 -fPIC -frtti -Wall -Wno-parentheses -D_REENTRANT -DREMOTECONTROLMANAGER_LIBRARY -DQT_NO_DEBUG -DQT_NETWORK_LIB -DQT_CORE_LIB -I. -I. -I../.. -I/usr/include/x86_64-linux-gnu/qt5 -I/usr/include/x86_64-linux-gnu/qt5/QtNetwork -I/usr/include/x86_64-linux-gnu/qt5/QtCore -I.tmp/release -I/usr/lib/x86_64-linux-gnu/qt5/mkspecs/linux-g++ -o .tmp/release/RemoteConnection.o priv/RemoteConnection.cpp
g++ -c -pipe -std=c++0x -O2 -fPIC -frtti -Wall -Wno-parentheses -D_REENTRANT -DREMOTECONTROLMANAGER_LIBRARY -DQT_NO_DEBUG -DQT_NETWORK_LIB -DQT_CORE_LIB -I. -I. -I../.. -I/usr/include/x86_64-linux-gnu/qt5 -I/usr/include/x86_64-linux-gnu/qt5/QtNetwork -I/usr/include/x86_64-linux-gnu/qt5/QtCore -I.tmp/release -I/usr/lib/x86_64-linux-gnu/qt5/mkspecs/linux-g++ -o .tmp/release/Builder.o priv/Builder.cpp
g++ -c -pipe -std=c++0x -O2 -fPIC -frtti -Wall -Wno-parentheses -D_REENTRANT -DREMOTECONTROLMANAGER_LIBRARY -DQT_NO_DEBUG -DQT_NETWORK_LIB -DQT_CORE_LIB -I. -I. -I../.. -I/usr/include/x86_64-linux-gnu/qt5 -I/usr/include/x86_64-linux-gnu/qt5/QtNetwork -I/usr/include/x86_64-linux-gnu/qt5/QtCore -I.tmp/release -I/usr/lib/x86_64-linux-gnu/qt5/mkspecs/linux-g++ -o .tmp/release/gui_protocol.pb.o ../../Protos/gui_protocol.pb.cc
g++ -c -pipe -std=c++0x -O2 -fPIC -frtti -Wall -Wno-parentheses -D_REENTRANT -DREMOTECONTROLMANAGER_LIBRARY -DQT_NO_DEBUG -DQT_NETWORK_LIB -DQT_CORE_LIB -I. -I. -I../.. -I/usr/include/x86_64-linux-gnu/qt5 -I/usr/include/x86_64-linux-gnu/qt5/QtNetwork -I/usr/include/x86_64-linux-gnu/qt5/QtCore -I.tmp/release -I/usr/lib/x86_64-linux-gnu/qt5/mkspecs/linux-g++ -o .tmp/release/common.pb.o ../../Protos/common.pb.cc
g++ -c -pipe -std=c++0x -O2 -fPIC -frtti -Wall -Wno-parentheses -D_REENTRANT -DREMOTECONTROLMANAGER_LIBRARY -DQT_NO_DEBUG -DQT_NETWORK_LIB -DQT_CORE_LIB -I. -I. -I../.. -I/usr/include/x86_64-linux-gnu/qt5 -I/usr/include/x86_64-linux-gnu/qt5/QtNetwork -I/usr/include/x86_64-linux-gnu/qt5/QtCore -I.tmp/release -I/usr/lib/x86_64-linux-gnu/qt5/mkspecs/linux-g++ -o .tmp/release/Log.o priv/Log.cpp
g++ -pipe -std=c++0x -O2 -fPIC -frtti -Wall -Wno-parentheses -dM -E -o .tmp/release/moc_predefs.h /usr/lib/x86_64-linux-gnu/qt5/mkspecs/features/data/dummy.cpp
/usr/lib/qt5/bin/moc -DREMOTECONTROLMANAGER_LIBRARY -DQT_NO_DEBUG -DQT_NETWORK_LIB -DQT_CORE_LIB --include /workspaces/D-LAN/application/Core/RemoteControlManager/.tmp/release/moc_predefs.h -I/usr/lib/x86_64-linux-gnu/qt5/mkspecs/linux-g++ -I/workspaces/D-LAN/application/Core/RemoteControlManager -I/workspaces/D-LAN/application/Core/RemoteControlManager -I/workspaces/D-LAN/application -I/usr/include/x86_64-linux-gnu/qt5 -I/usr/include/x86_64-linux-gnu/qt5/QtNetwork -I/usr/include/x86_64-linux-gnu/qt5/QtCore -I/usr/include/c++/13 -I/usr/include/x86_64-linux-gnu/c++/13 -I/usr/include/c++/13/backward -I/usr/lib/gcc/x86_64-linux-gnu/13/include -I/usr/local/include -I/usr/include/x86_64-linux-gnu -I/usr/include IRemoteControlManager.h -o .tmp/release/moc_IRemoteControlManager.cpp
g++ -c -pipe -std=c++0x -O2 -fPIC -frtti -Wall -Wno-parentheses -D_REENTRANT -DREMOTECONTROLMANAGER_LIBRARY -DQT_NO_DEBUG -DQT_NETWORK_LIB -DQT_CORE_LIB -I. -I. -I../.. -I/usr/include/x86_64-linux-gnu/qt5 -I/usr/include/x86_64-linux-gnu/qt5/QtNetwork -I/usr/include/x86_64-linux-gnu/qt5/QtCore -I.tmp/release -I/usr/lib/x86_64-linux-gnu/qt5/mkspecs/linux-g++ -o .tmp/release/moc_IRemoteControlManager.o .tmp/release/moc_IRemoteControlManager.cpp
/usr/lib/qt5/bin/moc -DREMOTECONTROLMANAGER_LIBRARY -DQT_NO_DEBUG -DQT_NETWORK_LIB -DQT_CORE_LIB --include /workspaces/D-LAN/application/Core/RemoteControlManager/.tmp/release/moc_predefs.h -I/usr/lib/x86_64-linux-gnu/qt5/mkspecs/linux-g++ -I/workspaces/D-LAN/application/Core/RemoteControlManager -I/workspaces/D-LAN/application/Core/RemoteControlManager -I/workspaces/D-LAN/application -I/usr/include/x86_64-linux-gnu/qt5 -I/usr/include/x86_64-linux-gnu/qt5/QtNetwork -I/usr/include/x86_64-linux-gnu/qt5/QtCore -I/usr/include/c++/13 -I/usr/include/x86_64-linux-gnu/c++/13 -I/usr/include/c++/13/backward -I/usr/lib/gcc/x86_64-linux-gnu/13/include -I/usr/local/include -I/usr/include/x86_64-linux-gnu -I/usr/include priv/RemoteControlManager.h -o .tmp/release/moc_RemoteControlManager.cpp
g++ -c -pipe -std=c++0x -O2 -fPIC -frtti -Wall -Wno-parentheses -D_REENTRANT -DREMOTECONTROLMANAGER_LIBRARY -DQT_NO_DEBUG -DQT_NETWORK_LIB -DQT_CORE_LIB -I. -I. -I../.. -I/usr/include/x86_64-linux-gnu/qt5 -I/usr/include/x86_64-linux-gnu/qt5/QtNetwork -I/usr/include/x86_64-linux-gnu/qt5/QtCore -I.tmp/release -I/usr/lib/x86_64-linux-gnu/qt5/mkspecs/linux-g++ -o .tmp/release/moc_RemoteControlManager.o .tmp/release/moc_RemoteControlManager.cpp
/usr/lib/qt5/bin/moc -DREMOTECONTROLMANAGER_LIBRARY -DQT_NO_DEBUG -DQT_NETWORK_LIB -DQT_CORE_LIB --include /workspaces/D-LAN/application/Core/RemoteControlManager/.tmp/release/moc_predefs.h -I/usr/lib/x86_64-linux-gnu/qt5/mkspecs/linux-g++ -I/workspaces/D-LAN/application/Core/RemoteControlManager -I/workspaces/D-LAN/application/Core/RemoteControlManager -I/workspaces/D-LAN/application -I/usr/include/x86_64-linux-gnu/qt5 -I/usr/include/x86_64-linux-gnu/qt5/QtNetwork -I/usr/include/x86_64-linux-gnu/qt5/QtCore -I/usr/include/c++/13 -I/usr/include/x86_64-linux-gnu/c++/13 -I/usr/include/c++/13/backward -I/usr/lib/gcc/x86_64-linux-gnu/13/include -I/usr/local/include -I/usr/include/x86_64-linux-gnu -I/usr/include priv/RemoteConnection.h -o .tmp/release/moc_RemoteConnection.cpp
g++ -c -pipe -std=c++0x -O2 -fPIC -frtti -Wall -Wno-parentheses -D_REENTRANT -DREMOTECONTROLMANAGER_LIBRARY -DQT_NO_DEBUG -DQT_NETWORK_LIB -DQT_CORE_LIB -I. -I. -I../.. -I/usr/include/x86_64-linux-gnu/qt5 -I/usr/include/x86_64-linux-gnu/qt5/QtNetwork -I/usr/include/x86_64-linux-gnu/qt5/QtCore -I.tmp/release -I/usr/lib/x86_64-linux-gnu/qt5/mkspecs/linux-g++ -o .tmp/release/moc_RemoteConnection.o .tmp/release/moc_RemoteConnection.cpp
rm -f output/release/libRemoteControlManager.a
ar cqs output/release/libRemoteControlManager.a .tmp/release/RemoteControlManager.o .tmp/release/RemoteConnection.o .tmp/release/Builder.o .tmp/release/gui_protocol.pb.o .tmp/release/common.pb.o .tmp/release/Log.o .tmp/release/moc_IRemoteControlManager.o .tmp/release/moc_RemoteControlManager.o .tmp/release/moc_RemoteConnection.o
make: Leaving directory '/workspaces/D-LAN/application/Core/RemoteControlManager'
/workspaces/D-LAN/application
/workspaces/D-LAN/application /workspaces/D-LAN/application
Compiling Core..
Cannot read /workspaces/D-LAN/application/Libs/qtservice/config.pri: No such file or directory
make: Entering directory '/workspaces/D-LAN/application/Core'
rm -f .tmp/release/moc_predefs.h
rm -f .tmp/release/moc_qtunixsocket.cpp .tmp/release/moc_qtunixserversocket.cpp .tmp/release/moc_CoreService.cpp .tmp/release/moc_Core.cpp .tmp/release/moc_CoreApplication.cpp
rm -f .tmp/release/qtservice.moc .tmp/release/qtservice_unix.moc
rm -f .tmp/release/qtservice.o .tmp/release/qtservice_unix.o .tmp/release/qtunixsocket.o .tmp/release/qtunixserversocket.o .tmp/release/main.o .tmp/release/core_settings.pb.o .tmp/release/Log.o .tmp/release/CoreService.o .tmp/release/Core.o .tmp/release/CoreApplication.o .tmp/release/moc_qtunixsocket.o .tmp/release/moc_qtunixserversocket.o .tmp/release/moc_CoreService.o .tmp/release/moc_Core.o .tmp/release/moc_CoreApplication.o
rm -f *~ core *.core
make: Leaving directory '/workspaces/D-LAN/application/Core'
make: Entering directory '/workspaces/D-LAN/application/Core'
g++ -pipe -std=c++0x -O2 -frtti -Wall -Wno-parentheses -dM -E -o .tmp/release/moc_predefs.h /usr/lib/x86_64-linux-gnu/qt5/mkspecs/features/data/dummy.cpp
/usr/lib/qt5/bin/moc -DQT_NO_DEBUG -DQT_GUI_LIB -DQT_NETWORK_LIB -DQT_CORE_LIB --include /workspaces/D-LAN/application/Core/.tmp/release/moc_predefs.h -I/usr/lib/x86_64-linux-gnu/qt5/mkspecs/linux-g++ -I/workspaces/D-LAN/application/Core -I/workspaces/D-LAN/application/Core -I/workspaces/D-LAN/application -I/workspaces/D-LAN/application/Libs/qtservice/src -I/usr/include/x86_64-linux-gnu/qt5 -I/usr/include/x86_64-linux-gnu/qt5/QtGui -I/usr/include/x86_64-linux-gnu/qt5/QtNetwork -I/usr/include/x86_64-linux-gnu/qt5/QtCore -I/usr/include/c++/13 -I/usr/include/x86_64-linux-gnu/c++/13 -I/usr/include/c++/13/backward -I/usr/lib/gcc/x86_64-linux-gnu/13/include -I/usr/local/include -I/usr/include/x86_64-linux-gnu -I/usr/include ../Libs/qtservice/src/qtservice.cpp -o .tmp/release/qtservice.moc
g++ -c -pipe -std=c++0x -O2 -frtti -Wall -Wno-parentheses -D_REENTRANT -fPIC -DQT_NO_DEBUG -DQT_GUI_LIB -DQT_NETWORK_LIB -DQT_CORE_LIB -I. -I. -I.. -I../Libs/qtservice/src -I/usr/include/x86_64-linux-gnu/qt5 -I/usr/include/x86_64-linux-gnu/qt5/QtGui -I/usr/include/x86_64-linux-gnu/qt5/QtNetwork -I/usr/include/x86_64-linux-gnu/qt5/QtCore -I.tmp/release -I/usr/lib/x86_64-linux-gnu/qt5/mkspecs/linux-g++ -o .tmp/release/qtservice.o ../Libs/qtservice/src/qtservice.cpp
../Libs/qtservice/src/qtservice.cpp: In constructor ‘QtServiceBasePrivate::QtServiceBasePrivate(const QString&)’:
../Libs/qtservice/src/qtservice.cpp:424:56: warning: ‘constexpr QFlags<T>::QFlags(Zero) [with Enum = QtServiceBase::ServiceFlag; Zero = int QFlags<QtServiceBase::ServiceFlag>::Private::*]’ is deprecated: Use default constructor instead [-Wdeprecated-declarations]
  424 |     : startupType(QtServiceController::ManualStartup), serviceFlags(0), controller(name)
      |                                                        ^~~~~~~~~~~~~~~
In file included from /usr/include/x86_64-linux-gnu/qt5/QtCore/qglobal.h:1305,
                 from /usr/include/x86_64-linux-gnu/qt5/QtCore/qcoreapplication.h:43,
                 from /usr/include/x86_64-linux-gnu/qt5/QtCore/QCoreApplication:1,
                 from ../Libs/qtservice/src/qtservice.h:43,
                 from ../Libs/qtservice/src/qtservice.cpp:40:
/usr/include/x86_64-linux-gnu/qt5/QtCore/qflags.h:123:80: note: declared here
  123 |     QT_DEPRECATED_X("Use default constructor instead") Q_DECL_CONSTEXPR inline QFlags(Zero) noexcept : i(0) {}
      |                                                                                ^~~~~~
../Libs/qtservice/src/qtservice.cpp: In constructor ‘QtServiceBase::QtServiceBase(int, char**, const QString&)’:
../Libs/qtservice/src/qtservice.cpp:647:27: warning: ‘constexpr QFlags<T>::QFlags(Zero) [with Enum = QtServiceBase::ServiceFlag; Zero = int QFlags<QtServiceBase::ServiceFlag>::Private::*]’ is deprecated: Use default constructor instead [-Wdeprecated-declarations]
  647 |     d_ptr->serviceFlags = 0;
      |                           ^
/usr/include/x86_64-linux-gnu/qt5/QtCore/qflags.h:123:80: note: declared here
  123 |     QT_DEPRECATED_X("Use default constructor instead") Q_DECL_CONSTEXPR inline QFlags(Zero) noexcept : i(0) {}
      |                                                                                ^~~~~~
/usr/lib/qt5/bin/moc -DQT_NO_DEBUG -DQT_GUI_LIB -DQT_NETWORK_LIB -DQT_CORE_LIB --include /workspaces/D-LAN/application/Core/.tmp/release/moc_predefs.h -I/usr/lib/x86_64-linux-gnu/qt5/mkspecs/linux-g++ -I/workspaces/D-LAN/application/Core -I/workspaces/D-LAN/application/Core -I/workspaces/D-LAN/application -I/workspaces/D-LAN/application/Libs/qtservice/src -I/usr/include/x86_64-linux-gnu/qt5 -I/usr/include/x86_64-linux-gnu/qt5/QtGui -I/usr/include/x86_64-linux-gnu/qt5/QtNetwork -I/usr/include/x86_64-linux-gnu/qt5/QtCore -I/usr/include/c++/13 -I/usr/include/x86_64-linux-gnu/c++/13 -I/usr/include/c++/13/backward -I/usr/lib/gcc/x86_64-linux-gnu/13/include -I/usr/local/include -I/usr/include/x86_64-linux-gnu -I/usr/include ../Libs/qtservice/src/qtservice_unix.cpp -o .tmp/release/qtservice_unix.moc
g++ -c -pipe -std=c++0x -O2 -frtti -Wall -Wno-parentheses -D_REENTRANT -fPIC -DQT_NO_DEBUG -DQT_GUI_LIB -DQT_NETWORK_LIB -DQT_CORE_LIB -I. -I. -I.. -I../Libs/qtservice/src -I/usr/include/x86_64-linux-gnu/qt5 -I/usr/include/x86_64-linux-gnu/qt5/QtGui -I/usr/include/x86_64-linux-gnu/qt5/QtNetwork -I/usr/include/x86_64-linux-gnu/qt5/QtCore -I.tmp/release -I/usr/lib/x86_64-linux-gnu/qt5/mkspecs/linux-g++ -o .tmp/release/qtservice_unix.o ../Libs/qtservice/src/qtservice_unix.cpp
../Libs/qtservice/src/qtservice_unix.cpp: In constructor ‘QtServiceSysPrivate::QtServiceSysPrivate()’:
../Libs/qtservice/src/qtservice_unix.cpp:295:39: warning: ‘constexpr QFlags<T>::QFlags(Zero) [with Enum = QtServiceBase::ServiceFlag; Zero = int QFlags<QtServiceBase::ServiceFlag>::Private::*]’ is deprecated: Use default constructor instead [-Wdeprecated-declarations]
  295 |     : QtUnixServerSocket(), ident(0), serviceFlags(0)
      |                                       ^~~~~~~~~~~~~~~
In file included from /usr/include/x86_64-linux-gnu/qt5/QtCore/qglobal.h:1305,
                 from /usr/include/x86_64-linux-gnu/qt5/QtCore/qcoreapplication.h:43,
                 from /usr/include/x86_64-linux-gnu/qt5/QtCore/QCoreApplication:1,
                 from ../Libs/qtservice/src/qtservice.h:43,
                 from ../Libs/qtservice/src/qtservice_unix.cpp:40:
/usr/include/x86_64-linux-gnu/qt5/QtCore/qflags.h:123:80: note: declared here
  123 |     QT_DEPRECATED_X("Use default constructor instead") Q_DECL_CONSTEXPR inline QFlags(Zero) noexcept : i(0) {}
      |                                                                                ^~~~~~
g++ -c -pipe -std=c++0x -O2 -frtti -Wall -Wno-parentheses -D_REENTRANT -fPIC -DQT_NO_DEBUG -DQT_GUI_LIB -DQT_NETWORK_LIB -DQT_CORE_LIB -I. -I. -I.. -I../Libs/qtservice/src -I/usr/include/x86_64-linux-gnu/qt5 -I/usr/include/x86_64-linux-gnu/qt5/QtGui -I/usr/include/x86_64-linux-gnu/qt5/QtNetwork -I/usr/include/x86_64-linux-gnu/qt5/QtCore -I.tmp/release -I/usr/lib/x86_64-linux-gnu/qt5/mkspecs/linux-g++ -o .tmp/release/qtunixsocket.o ../Libs/qtservice/src/qtunixsocket.cpp
g++ -c -pipe -std=c++0x -O2 -frtti -Wall -Wno-parentheses -D_REENTRANT -fPIC -DQT_NO_DEBUG -DQT_GUI_LIB -DQT_NETWORK_LIB -DQT_CORE_LIB -I. -I. -I.. -I../Libs/qtservice/src -I/usr/include/x86_64-linux-gnu/qt5 -I/usr/include/x86_64-linux-gnu/qt5/QtGui -I/usr/include/x86_64-linux-gnu/qt5/QtNetwork -I/usr/include/x86_64-linux-gnu/qt5/QtCore -I.tmp/release -I/usr/lib/x86_64-linux-gnu/qt5/mkspecs/linux-g++ -o .tmp/release/qtunixserversocket.o ../Libs/qtservice/src/qtunixserversocket.cpp
g++ -c -pipe -std=c++0x -O2 -frtti -Wall -Wno-parentheses -D_REENTRANT -fPIC -DQT_NO_DEBUG -DQT_GUI_LIB -DQT_NETWORK_LIB -DQT_CORE_LIB -I. -I. -I.. -I../Libs/qtservice/src -I/usr/include/x86_64-linux-gnu/qt5 -I/usr/include/x86_64-linux-gnu/qt5/QtGui -I/usr/include/x86_64-linux-gnu/qt5/QtNetwork -I/usr/include/x86_64-linux-gnu/qt5/QtCore -I.tmp/release -I/usr/lib/x86_64-linux-gnu/qt5/mkspecs/linux-g++ -o .tmp/release/main.o main.cpp
main.cpp: In function ‘void printUsage(QString)’:
main.cpp:39:23: warning: ‘QTextStream& QTextStreamFunctions::endl(QTextStream&)’ is deprecated: Use Qt::endl [-Wdeprecated-declarations]
   39 |    out << "Usage:" << endl <<
      |                       ^~~~
In file included from /usr/include/x86_64-linux-gnu/qt5/QtCore/QTextStream:1,
                 from main.cpp:21:
/usr/include/x86_64-linux-gnu/qt5/QtCore/qtextstream.h:293:75: note: declared here
  293 | Q_CORE_EXPORT QT_DEPRECATED_VERSION_X(5, 15, "Use Qt::endl") QTextStream &endl(QTextStream &s);
      |                                                                           ^~~~
main.cpp:40:192: warning: ‘QTextStream& QTextStreamFunctions::endl(QTextStream&)’ is deprecated: Use Qt::endl [-Wdeprecated-declarations]
   40 |           " " << appName << " [-r <roaming data directory>] [-l <local data directory>] [--reset-settings] [--lang <language>] [--pass <password> | --rmpass] [--version] [-i|-u|-e|-s|-v]" << endl <<
      |                                                                                                                                                                                                ^~~~
/usr/include/x86_64-linux-gnu/qt5/QtCore/qtextstream.h:293:75: note: declared here
  293 | Q_CORE_EXPORT QT_DEPRECATED_VERSION_X(5, 15, "Use Qt::endl") QTextStream &endl(QTextStream &s);
      |                                                                           ^~~~
main.cpp:41:109: warning: ‘QTextStream& QTextStreamFunctions::endl(QTextStream&)’ is deprecated: Use Qt::endl [-Wdeprecated-declarations]
   41 |           "  -i [account] [password] : Install the service, optionally using given account and password" << endl <<
      |                                                                                                             ^~~~
/usr/include/x86_64-linux-gnu/qt5/QtCore/qtextstream.h:293:75: note: declared here
  293 | Q_CORE_EXPORT QT_DEPRECATED_VERSION_X(5, 15, "Use Qt::endl") QTextStream &endl(QTextStream &s);
      |                                                                           ^~~~
main.cpp:42:46: warning: ‘QTextStream& QTextStreamFunctions::endl(QTextStream&)’ is deprecated: Use Qt::endl [-Wdeprecated-declarations]
   42 |           "  -u : Uninstall the service." << endl <<
      |                                              ^~~~
/usr/include/x86_64-linux-gnu/qt5/QtCore/qtextstream.h:293:75: note: declared here
  293 | Q_CORE_EXPORT QT_DEPRECATED_VERSION_X(5, 15, "Use Qt::endl") QTextStream &endl(QTextStream &s);
      |                                                                           ^~~~
main.cpp:43:100: warning: ‘QTextStream& QTextStreamFunctions::endl(QTextStream&)’ is deprecated: Use Qt::endl [-Wdeprecated-declarations]
   43 |           "  -e : Run as a regular application. Otherwise try to launch the installed service." << endl <<
      |                                                                                                    ^~~~
/usr/include/x86_64-linux-gnu/qt5/QtCore/qtextstream.h:293:75: note: declared here
  293 | Q_CORE_EXPORT QT_DEPRECATED_VERSION_X(5, 15, "Use Qt::endl") QTextStream &endl(QTextStream &s);
      |                                                                           ^~~~
main.cpp:44:41: warning: ‘QTextStream& QTextStreamFunctions::endl(QTextStream&)’ is deprecated: Use Qt::endl [-Wdeprecated-declarations]
   44 |           "  -t : Stop the service." << endl <<
      |                                         ^~~~
/usr/include/x86_64-linux-gnu/qt5/QtCore/qtextstream.h:293:75: note: declared here
  293 | Q_CORE_EXPORT QT_DEPRECATED_VERSION_X(5, 15, "Use Qt::endl") QTextStream &endl(QTextStream &s);
      |                                                                           ^~~~
main.cpp:45:57: warning: ‘QTextStream& QTextStreamFunctions::endl(QTextStream&)’ is deprecated: Use Qt::endl [-Wdeprecated-declarations]
   45 |           "  -v : Print service status information." << endl <<
      |                                                         ^~~~
/usr/include/x86_64-linux-gnu/qt5/QtCore/qtextstream.h:293:75: note: declared here
  293 | Q_CORE_EXPORT QT_DEPRECATED_VERSION_X(5, 15, "Use Qt::endl") QTextStream &endl(QTextStream &s);
      |                                                                           ^~~~
main.cpp:46:69: warning: ‘QTextStream& QTextStreamFunctions::endl(QTextStream&)’ is deprecated: Use Qt::endl [-Wdeprecated-declarations]
   46 |           "  <roaming data directory> : Where settings are put." << endl <<
      |                                                                     ^~~~
/usr/include/x86_64-linux-gnu/qt5/QtCore/qtextstream.h:293:75: note: declared here
  293 | Q_CORE_EXPORT QT_DEPRECATED_VERSION_X(5, 15, "Use Qt::endl") QTextStream &endl(QTextStream &s);
      |                                                                           ^~~~
main.cpp:47:96: warning: ‘QTextStream& QTextStreamFunctions::endl(QTextStream&)’ is deprecated: Use Qt::endl [-Wdeprecated-declarations]
   47 |           "  <local data directory> : Where logs, download queue, and files cache are put." << endl <<
      |                                                                                                ^~~~
/usr/include/x86_64-linux-gnu/qt5/QtCore/qtextstream.h:293:75: note: declared here
  293 | Q_CORE_EXPORT QT_DEPRECATED_VERSION_X(5, 15, "Use Qt::endl") QTextStream &endl(QTextStream &s);
      |                                                                           ^~~~
main.cpp:48:146: warning: ‘QTextStream& QTextStreamFunctions::endl(QTextStream&)’ is deprecated: Use Qt::endl [-Wdeprecated-declarations]
   48 |           "  --reset-settings : Remove all settings except \"nick\" and \"peerID\" and quit, other settings are set to their default values." << endl <<
      |                                                                                                                                                  ^~~~
/usr/include/x86_64-linux-gnu/qt5/QtCore/qtextstream.h:293:75: note: declared here
  293 | Q_CORE_EXPORT QT_DEPRECATED_VERSION_X(5, 15, "Use Qt::endl") QTextStream &endl(QTextStream &s);
      |                                                                           ^~~~
main.cpp:49:122: warning: ‘QTextStream& QTextStreamFunctions::endl(QTextStream&)’ is deprecated: Use Qt::endl [-Wdeprecated-declarations]
   49 |           "  --lang <language> : set the language and save it to the settings file then quit. (ISO-639, two letters)" << endl <<
      |                                                                                                                          ^~~~
/usr/include/x86_64-linux-gnu/qt5/QtCore/qtextstream.h:293:75: note: declared here
  293 | Q_CORE_EXPORT QT_DEPRECATED_VERSION_X(5, 15, "Use Qt::endl") QTextStream &endl(QTextStream &s);
      |                                                                           ^~~~
main.cpp:50:101: warning: ‘QTextStream& QTextStreamFunctions::endl(QTextStream&)’ is deprecated: Use Qt::endl [-Wdeprecated-declarations]
   50 |           "  --pass <password> : set a password then quit. The core can be remotely controlled." << endl <<
      |                                                                                                     ^~~~
/usr/include/x86_64-linux-gnu/qt5/QtCore/qtextstream.h:293:75: note: declared here
  293 | Q_CORE_EXPORT QT_DEPRECATED_VERSION_X(5, 15, "Use Qt::endl") QTextStream &endl(QTextStream &s);
      |                                                                           ^~~~
main.cpp:51:58: warning: ‘QTextStream& QTextStreamFunctions::endl(QTextStream&)’ is deprecated: Use Qt::endl [-Wdeprecated-declarations]
   51 |           "  --rmpass : remove the current password." << endl <<
      |                                                          ^~~~
/usr/include/x86_64-linux-gnu/qt5/QtCore/qtextstream.h:293:75: note: declared here
  293 | Q_CORE_EXPORT QT_DEPRECATED_VERSION_X(5, 15, "Use Qt::endl") QTextStream &endl(QTextStream &s);
      |                                                                           ^~~~
main.cpp:52:48: warning: ‘QTextStream& QTextStreamFunctions::endl(QTextStream&)’ is deprecated: Use Qt::endl [-Wdeprecated-declarations]
   52 |           "  --version : Print the version" << endl;
      |                                                ^~~~
/usr/include/x86_64-linux-gnu/qt5/QtCore/qtextstream.h:293:75: note: declared here
  293 | Q_CORE_EXPORT QT_DEPRECATED_VERSION_X(5, 15, "Use Qt::endl") QTextStream &endl(QTextStream &s);
      |                                                                           ^~~~
main.cpp: In function ‘int main(int, char**)’:
main.cpp:101:175: warning: ‘QTextStream& QTextStreamFunctions::endl(QTextStream&)’ is deprecated: Use Qt::endl [-Wdeprecated-declarations]
  101 |          out << Common::Global::getVersion() % (versionTag.isEmpty() ? QString() : " " % versionTag) << " " << Common::Global::getBuildTime().toString("yyyy-MM-dd_HH-mm") << endl;
      |                                                                                                                                                                               ^~~~
/usr/include/x86_64-linux-gnu/qt5/QtCore/qtextstream.h:293:75: note: declared here
  293 | Q_CORE_EXPORT QT_DEPRECATED_VERSION_X(5, 15, "Use Qt::endl") QTextStream &endl(QTextStream &s);
      |                                                                           ^~~~
g++ -c -pipe -std=c++0x -O2 -frtti -Wall -Wno-parentheses -D_REENTRANT -fPIC -DQT_NO_DEBUG -DQT_GUI_LIB -DQT_NETWORK_LIB -DQT_CORE_LIB -I. -I. -I.. -I../Libs/qtservice/src -I/usr/include/x86_64-linux-gnu/qt5 -I/usr/include/x86_64-linux-gnu/qt5/QtGui -I/usr/include/x86_64-linux-gnu/qt5/QtNetwork -I/usr/include/x86_64-linux-gnu/qt5/QtCore -I.tmp/release -I/usr/lib/x86_64-linux-gnu/qt5/mkspecs/linux-g++ -o .tmp/release/core_settings.pb.o ../Protos/core_settings.pb.cc
g++ -c -pipe -std=c++0x -O2 -frtti -Wall -Wno-parentheses -D_REENTRANT -fPIC -DQT_NO_DEBUG -DQT_GUI_LIB -DQT_NETWORK_LIB -DQT_CORE_LIB -I. -I. -I.. -I../Libs/qtservice/src -I/usr/include/x86_64-linux-gnu/qt5 -I/usr/include/x86_64-linux-gnu/qt5/QtGui -I/usr/include/x86_64-linux-gnu/qt5/QtNetwork -I/usr/include/x86_64-linux-gnu/qt5/QtCore -I.tmp/release -I/usr/lib/x86_64-linux-gnu/qt5/mkspecs/linux-g++ -o .tmp/release/Log.o Log.cpp
g++ -c -pipe -std=c++0x -O2 -frtti -Wall -Wno-parentheses -D_REENTRANT -fPIC -DQT_NO_DEBUG -DQT_GUI_LIB -DQT_NETWORK_LIB -DQT_CORE_LIB -I. -I. -I.. -I../Libs/qtservice/src -I/usr/include/x86_64-linux-gnu/qt5 -I/usr/include/x86_64-linux-gnu/qt5/QtGui -I/usr/include/x86_64-linux-gnu/qt5/QtNetwork -I/usr/include/x86_64-linux-gnu/qt5/QtCore -I.tmp/release -I/usr/lib/x86_64-linux-gnu/qt5/mkspecs/linux-g++ -o .tmp/release/CoreService.o CoreService.cpp
CoreService.cpp: In constructor ‘CoreSpace::CoreService::CoreService(bool, QLocale, int, char**)’:
CoreService.cpp:44:62: warning: ‘QTextStream& QTextStreamFunctions::endl(QTextStream&)’ is deprecated: Use Qt::endl [-Wdeprecated-declarations]
   44 |          out << "D-LAN Core started with console support" << endl;
      |                                                              ^~~~
In file included from /usr/include/x86_64-linux-gnu/qt5/QtCore/QTextStream:1,
                 from ../Common/ConsoleReader.h:23,
                 from ./CoreService.h:25,
                 from CoreService.cpp:19:
/usr/include/x86_64-linux-gnu/qt5/QtCore/qtextstream.h:293:75: note: declared here
  293 | Q_CORE_EXPORT QT_DEPRECATED_VERSION_X(5, 15, "Use Qt::endl") QTextStream &endl(QTextStream &s);
      |                                                                           ^~~~
CoreService.cpp: In static member function ‘static void CoreSpace::CoreService::printCommands()’:
CoreService.cpp:98:26: warning: ‘QTextStream& QTextStreamFunctions::endl(QTextStream&)’ is deprecated: Use Qt::endl [-Wdeprecated-declarations]
   98 |    out << "Commands:" << endl
      |                          ^~~~
/usr/include/x86_64-linux-gnu/qt5/QtCore/qtextstream.h:293:75: note: declared here
  293 | Q_CORE_EXPORT QT_DEPRECATED_VERSION_X(5, 15, "Use Qt::endl") QTextStream &endl(QTextStream &s);
      |                                                                           ^~~~
CoreService.cpp:99:73: warning: ‘QTextStream& QTextStreamFunctions::endl(QTextStream&)’ is deprecated: Use Qt::endl [-Wdeprecated-declarations]
   99 |        << " - " << ConsoleReader::QUIT_COMMAND << " : stop the core" << endl
      |                                                                         ^~~~
/usr/include/x86_64-linux-gnu/qt5/QtCore/qtextstream.h:293:75: note: declared here
  293 | Q_CORE_EXPORT QT_DEPRECATED_VERSION_X(5, 15, "Use Qt::endl") QTextStream &endl(QTextStream &s);
      |                                                                           ^~~~
CoreService.cpp:100:72: warning: ‘QTextStream& QTextStreamFunctions::endl(QTextStream&)’ is deprecated: Use Qt::endl [-Wdeprecated-declarations]
  100 |        << " - dumpwi : dump the word index in the log as a warning" << endl;
      |                                                                        ^~~~
/usr/include/x86_64-linux-gnu/qt5/QtCore/qtextstream.h:293:75: note: declared here
  293 | Q_CORE_EXPORT QT_DEPRECATED_VERSION_X(5, 15, "Use Qt::endl") QTextStream &endl(QTextStream &s);
      |                                                                           ^~~~
g++ -c -pipe -std=c++0x -O2 -frtti -Wall -Wno-parentheses -D_REENTRANT -fPIC -DQT_NO_DEBUG -DQT_GUI_LIB -DQT_NETWORK_LIB -DQT_CORE_LIB -I. -I. -I.. -I../Libs/qtservice/src -I/usr/include/x86_64-linux-gnu/qt5 -I/usr/include/x86_64-linux-gnu/qt5/QtGui -I/usr/include/x86_64-linux-gnu/qt5/QtNetwork -I/usr/include/x86_64-linux-gnu/qt5/QtCore -I.tmp/release -I/usr/lib/x86_64-linux-gnu/qt5/mkspecs/linux-g++ -o .tmp/release/Core.o Core.cpp
g++ -c -pipe -std=c++0x -O2 -frtti -Wall -Wno-parentheses -D_REENTRANT -fPIC -DQT_NO_DEBUG -DQT_GUI_LIB -DQT_NETWORK_LIB -DQT_CORE_LIB -I. -I. -I.. -I../Libs/qtservice/src -I/usr/include/x86_64-linux-gnu/qt5 -I/usr/include/x86_64-linux-gnu/qt5/QtGui -I/usr/include/x86_64-linux-gnu/qt5/QtNetwork -I/usr/include/x86_64-linux-gnu/qt5/QtCore -I.tmp/release -I/usr/lib/x86_64-linux-gnu/qt5/mkspecs/linux-g++ -o .tmp/release/CoreApplication.o CoreApplication.cpp
/usr/lib/qt5/bin/moc -DQT_NO_DEBUG -DQT_GUI_LIB -DQT_NETWORK_LIB -DQT_CORE_LIB --include /workspaces/D-LAN/application/Core/.tmp/release/moc_predefs.h -I/usr/lib/x86_64-linux-gnu/qt5/mkspecs/linux-g++ -I/workspaces/D-LAN/application/Core -I/workspaces/D-LAN/application/Core -I/workspaces/D-LAN/application -I/workspaces/D-LAN/application/Libs/qtservice/src -I/usr/include/x86_64-linux-gnu/qt5 -I/usr/include/x86_64-linux-gnu/qt5/QtGui -I/usr/include/x86_64-linux-gnu/qt5/QtNetwork -I/usr/include/x86_64-linux-gnu/qt5/QtCore -I/usr/include/c++/13 -I/usr/include/x86_64-linux-gnu/c++/13 -I/usr/include/c++/13/backward -I/usr/lib/gcc/x86_64-linux-gnu/13/include -I/usr/local/include -I/usr/include/x86_64-linux-gnu -I/usr/include ../Libs/qtservice/src/qtunixsocket.h -o .tmp/release/moc_qtunixsocket.cpp
g++ -c -pipe -std=c++0x -O2 -frtti -Wall -Wno-parentheses -D_REENTRANT -fPIC -DQT_NO_DEBUG -DQT_GUI_LIB -DQT_NETWORK_LIB -DQT_CORE_LIB -I. -I. -I.. -I../Libs/qtservice/src -I/usr/include/x86_64-linux-gnu/qt5 -I/usr/include/x86_64-linux-gnu/qt5/QtGui -I/usr/include/x86_64-linux-gnu/qt5/QtNetwork -I/usr/include/x86_64-linux-gnu/qt5/QtCore -I.tmp/release -I/usr/lib/x86_64-linux-gnu/qt5/mkspecs/linux-g++ -o .tmp/release/moc_qtunixsocket.o .tmp/release/moc_qtunixsocket.cpp
/usr/lib/qt5/bin/moc -DQT_NO_DEBUG -DQT_GUI_LIB -DQT_NETWORK_LIB -DQT_CORE_LIB --include /workspaces/D-LAN/application/Core/.tmp/release/moc_predefs.h -I/usr/lib/x86_64-linux-gnu/qt5/mkspecs/linux-g++ -I/workspaces/D-LAN/application/Core -I/workspaces/D-LAN/application/Core -I/workspaces/D-LAN/application -I/workspaces/D-LAN/application/Libs/qtservice/src -I/usr/include/x86_64-linux-gnu/qt5 -I/usr/include/x86_64-linux-gnu/qt5/QtGui -I/usr/include/x86_64-linux-gnu/qt5/QtNetwork -I/usr/include/x86_64-linux-gnu/qt5/QtCore -I/usr/include/c++/13 -I/usr/include/x86_64-linux-gnu/c++/13 -I/usr/include/c++/13/backward -I/usr/lib/gcc/x86_64-linux-gnu/13/include -I/usr/local/include -I/usr/include/x86_64-linux-gnu -I/usr/include ../Libs/qtservice/src/qtunixserversocket.h -o .tmp/release/moc_qtunixserversocket.cpp
g++ -c -pipe -std=c++0x -O2 -frtti -Wall -Wno-parentheses -D_REENTRANT -fPIC -DQT_NO_DEBUG -DQT_GUI_LIB -DQT_NETWORK_LIB -DQT_CORE_LIB -I. -I. -I.. -I../Libs/qtservice/src -I/usr/include/x86_64-linux-gnu/qt5 -I/usr/include/x86_64-linux-gnu/qt5/QtGui -I/usr/include/x86_64-linux-gnu/qt5/QtNetwork -I/usr/include/x86_64-linux-gnu/qt5/QtCore -I.tmp/release -I/usr/lib/x86_64-linux-gnu/qt5/mkspecs/linux-g++ -o .tmp/release/moc_qtunixserversocket.o .tmp/release/moc_qtunixserversocket.cpp
/usr/lib/qt5/bin/moc -DQT_NO_DEBUG -DQT_GUI_LIB -DQT_NETWORK_LIB -DQT_CORE_LIB --include /workspaces/D-LAN/application/Core/.tmp/release/moc_predefs.h -I/usr/lib/x86_64-linux-gnu/qt5/mkspecs/linux-g++ -I/workspaces/D-LAN/application/Core -I/workspaces/D-LAN/application/Core -I/workspaces/D-LAN/application -I/workspaces/D-LAN/application/Libs/qtservice/src -I/usr/include/x86_64-linux-gnu/qt5 -I/usr/include/x86_64-linux-gnu/qt5/QtGui -I/usr/include/x86_64-linux-gnu/qt5/QtNetwork -I/usr/include/x86_64-linux-gnu/qt5/QtCore -I/usr/include/c++/13 -I/usr/include/x86_64-linux-gnu/c++/13 -I/usr/include/c++/13/backward -I/usr/lib/gcc/x86_64-linux-gnu/13/include -I/usr/local/include -I/usr/include/x86_64-linux-gnu -I/usr/include CoreService.h -o .tmp/release/moc_CoreService.cpp
g++ -c -pipe -std=c++0x -O2 -frtti -Wall -Wno-parentheses -D_REENTRANT -fPIC -DQT_NO_DEBUG -DQT_GUI_LIB -DQT_NETWORK_LIB -DQT_CORE_LIB -I. -I. -I.. -I../Libs/qtservice/src -I/usr/include/x86_64-linux-gnu/qt5 -I/usr/include/x86_64-linux-gnu/qt5/QtGui -I/usr/include/x86_64-linux-gnu/qt5/QtNetwork -I/usr/include/x86_64-linux-gnu/qt5/QtCore -I.tmp/release -I/usr/lib/x86_64-linux-gnu/qt5/mkspecs/linux-g++ -o .tmp/release/moc_CoreService.o .tmp/release/moc_CoreService.cpp
/usr/lib/qt5/bin/moc -DQT_NO_DEBUG -DQT_GUI_LIB -DQT_NETWORK_LIB -DQT_CORE_LIB --include /workspaces/D-LAN/application/Core/.tmp/release/moc_predefs.h -I/usr/lib/x86_64-linux-gnu/qt5/mkspecs/linux-g++ -I/workspaces/D-LAN/application/Core -I/workspaces/D-LAN/application/Core -I/workspaces/D-LAN/application -I/workspaces/D-LAN/application/Libs/qtservice/src -I/usr/include/x86_64-linux-gnu/qt5 -I/usr/include/x86_64-linux-gnu/qt5/QtGui -I/usr/include/x86_64-linux-gnu/qt5/QtNetwork -I/usr/include/x86_64-linux-gnu/qt5/QtCore -I/usr/include/c++/13 -I/usr/include/x86_64-linux-gnu/c++/13 -I/usr/include/c++/13/backward -I/usr/lib/gcc/x86_64-linux-gnu/13/include -I/usr/local/include -I/usr/include/x86_64-linux-gnu -I/usr/include Core.h -o .tmp/release/moc_Core.cpp
g++ -c -pipe -std=c++0x -O2 -frtti -Wall -Wno-parentheses -D_REENTRANT -fPIC -DQT_NO_DEBUG -DQT_GUI_LIB -DQT_NETWORK_LIB -DQT_CORE_LIB -I. -I. -I.. -I../Libs/qtservice/src -I/usr/include/x86_64-linux-gnu/qt5 -I/usr/include/x86_64-linux-gnu/qt5/QtGui -I/usr/include/x86_64-linux-gnu/qt5/QtNetwork -I/usr/include/x86_64-linux-gnu/qt5/QtCore -I.tmp/release -I/usr/lib/x86_64-linux-gnu/qt5/mkspecs/linux-g++ -o .tmp/release/moc_Core.o .tmp/release/moc_Core.cpp
/usr/lib/qt5/bin/moc -DQT_NO_DEBUG -DQT_GUI_LIB -DQT_NETWORK_LIB -DQT_CORE_LIB --include /workspaces/D-LAN/application/Core/.tmp/release/moc_predefs.h -I/usr/lib/x86_64-linux-gnu/qt5/mkspecs/linux-g++ -I/workspaces/D-LAN/application/Core -I/workspaces/D-LAN/application/Core -I/workspaces/D-LAN/application -I/workspaces/D-LAN/application/Libs/qtservice/src -I/usr/include/x86_64-linux-gnu/qt5 -I/usr/include/x86_64-linux-gnu/qt5/QtGui -I/usr/include/x86_64-linux-gnu/qt5/QtNetwork -I/usr/include/x86_64-linux-gnu/qt5/QtCore -I/usr/include/c++/13 -I/usr/include/x86_64-linux-gnu/c++/13 -I/usr/include/c++/13/backward -I/usr/lib/gcc/x86_64-linux-gnu/13/include -I/usr/local/include -I/usr/include/x86_64-linux-gnu -I/usr/include CoreApplication.h -o .tmp/release/moc_CoreApplication.cpp
g++ -c -pipe -std=c++0x -O2 -frtti -Wall -Wno-parentheses -D_REENTRANT -fPIC -DQT_NO_DEBUG -DQT_GUI_LIB -DQT_NETWORK_LIB -DQT_CORE_LIB -I. -I. -I.. -I../Libs/qtservice/src -I/usr/include/x86_64-linux-gnu/qt5 -I/usr/include/x86_64-linux-gnu/qt5/QtGui -I/usr/include/x86_64-linux-gnu/qt5/QtNetwork -I/usr/include/x86_64-linux-gnu/qt5/QtCore -I.tmp/release -I/usr/lib/x86_64-linux-gnu/qt5/mkspecs/linux-g++ -o .tmp/release/moc_CoreApplication.o .tmp/release/moc_CoreApplication.cpp
g++ -Wl,-O1 -o output/release/D-LAN.Core .tmp/release/qtservice.o .tmp/release/qtservice_unix.o .tmp/release/qtunixsocket.o .tmp/release/qtunixserversocket.o .tmp/release/main.o .tmp/release/core_settings.pb.o .tmp/release/Log.o .tmp/release/CoreService.o .tmp/release/Core.o .tmp/release/CoreApplication.o .tmp/release/moc_qtunixsocket.o .tmp/release/moc_qtunixserversocket.o .tmp/release/moc_CoreService.o .tmp/release/moc_Core.o .tmp/release/moc_CoreApplication.o   -LRemoteControlManager/output/release -lRemoteControlManager -LNetworkListener/output/release -lNetworkListener -LDownloadManager/output/release -lDownloadManager -LUploadManager/output/release -lUploadManager -LPeerManager/output/release -lPeerManager -LFileManager/output/release -lFileManager -L../Common/LogManager/output/release -lLogManager -L../Common/output/release -lCommon -lprotobuf /usr/lib/x86_64-linux-gnu/libQt5Gui.so /usr/lib/x86_64-linux-gnu/libQt5Network.so /usr/lib/x86_64-linux-gnu/libQt5Core.so -lGL -lpthread   
make: Leaving directory '/workspaces/D-LAN/application/Core'
/workspaces/D-LAN/application
/workspaces/D-LAN/application /workspaces/D-LAN/application
Compiling GUI..
make: Entering directory '/workspaces/D-LAN/application/GUI'
rm -f .tmp/release/qrc_ressources.cpp
rm -f .tmp/release/moc_predefs.h
rm -f .tmp/release/moc_MainWindow.cpp .tmp/release/moc_StatusBar.cpp .tmp/release/moc_DialogAbout.cpp .tmp/release/moc_CheckBoxList.cpp .tmp/release/moc_TabButtons.cpp .tmp/release/moc_WidgetBrowse.cpp .tmp/release/moc_BrowseModel.cpp .tmp/release/moc_WidgetChat.cpp .tmp/release/moc_ChatModel.cpp .tmp/release/moc_WidgetDownloads.cpp .tmp/release/moc_LogModel.cpp .tmp/release/moc_PeerListModel.cpp .tmp/release/moc_WidgetSearch.cpp .tmp/release/moc_SearchModel.cpp .tmp/release/moc_WidgetSettings.cpp .tmp/release/moc_WidgetUploads.cpp .tmp/release/moc_UploadsModel.cpp .tmp/release/moc_DirListModel.cpp .tmp/release/moc_RemoteFileDialog.cpp .tmp/release/moc_DownloadMenu.cpp .tmp/release/moc_D-LAN_GUI.cpp .tmp/release/moc_ProgressBar.cpp .tmp/release/moc_AskNewPasswordDialog.cpp .tmp/release/moc_DownloadsFlatModel.cpp .tmp/release/moc_DownloadsTreeModel.cpp .tmp/release/moc_DownloadsModel.cpp .tmp/release/moc_PeerListDelegate.cpp .tmp/release/moc_BusyIndicator.cpp .tmp/release/moc_LogDelegate.cpp
rm -f .tmp/release/ui_MainWindow.h .tmp/release/ui_StatusBar.h .tmp/release/ui_DialogAbout.h .tmp/release/ui_WidgetBrowse.h .tmp/release/ui_WidgetChat.h .tmp/release/ui_WidgetDownloads.h .tmp/release/ui_WidgetSearch.h .tmp/release/ui_WidgetSettings.h .tmp/release/ui_WidgetUploads.h .tmp/release/ui_RemoteFileDialog.h .tmp/release/ui_AskNewPasswordDialog.h
rm -f .tmp/release/main.o .tmp/release/MainWindow.o .tmp/release/gui_protocol.pb.o .tmp/release/common.pb.o .tmp/release/gui_settings.pb.o .tmp/release/core_settings.pb.o .tmp/release/StatusBar.o .tmp/release/DialogAbout.o .tmp/release/Log.o .tmp/release/CheckBoxList.o .tmp/release/TabButtons.o .tmp/release/WidgetBrowse.o .tmp/release/BrowseModel.o .tmp/release/WidgetChat.o .tmp/release/ChatModel.o .tmp/release/WidgetDownloads.o .tmp/release/DownloadsFlatModel.o .tmp/release/LogModel.o .tmp/release/PeerListModel.o .tmp/release/WidgetSearch.o .tmp/release/SearchModel.o .tmp/release/WidgetSettings.o .tmp/release/WidgetUploads.o .tmp/release/UploadsModel.o .tmp/release/DirListModel.o .tmp/release/RemoteFileDialog.o .tmp/release/DownloadMenu.o .tmp/release/D-LAN_GUI.o .tmp/release/ProgressBar.o .tmp/release/IconProvider.o .tmp/release/Utils.o .tmp/release/AskNewPasswordDialog.o .tmp/release/DownloadsTreeModel.o .tmp/release/DownloadsModel.o .tmp/release/PeerListDelegate.o .tmp/release/BusyIndicator.o .tmp/release/LogDelegate.o .tmp/release/qrc_ressources.o .tmp/release/moc_MainWindow.o .tmp/release/moc_StatusBar.o .tmp/release/moc_DialogAbout.o .tmp/release/moc_CheckBoxList.o .tmp/release/moc_TabButtons.o .tmp/release/moc_WidgetBrowse.o .tmp/release/moc_BrowseModel.o .tmp/release/moc_WidgetChat.o .tmp/release/moc_ChatModel.o .tmp/release/moc_WidgetDownloads.o .tmp/release/moc_LogModel.o .tmp/release/moc_PeerListModel.o .tmp/release/moc_WidgetSearch.o .tmp/release/moc_SearchModel.o .tmp/release/moc_WidgetSettings.o .tmp/release/moc_WidgetUploads.o .tmp/release/moc_UploadsModel.o .tmp/release/moc_DirListModel.o .tmp/release/moc_RemoteFileDialog.o .tmp/release/moc_DownloadMenu.o .tmp/release/moc_D-LAN_GUI.o .tmp/release/moc_ProgressBar.o .tmp/release/moc_AskNewPasswordDialog.o .tmp/release/moc_DownloadsFlatModel.o .tmp/release/moc_DownloadsTreeModel.o .tmp/release/moc_DownloadsModel.o .tmp/release/moc_PeerListDelegate.o .tmp/release/moc_BusyIndicator.o .tmp/release/moc_LogDelegate.o
rm -f *~ core *.core
make: Leaving directory '/workspaces/D-LAN/application/GUI'
make: Entering directory '/workspaces/D-LAN/application/GUI'
/usr/lib/qt5/bin/uic MainWindow.ui -o .tmp/release/ui_MainWindow.h
/usr/lib/qt5/bin/uic StatusBar.ui -o .tmp/release/ui_StatusBar.h
/usr/lib/qt5/bin/uic DialogAbout.ui -o .tmp/release/ui_DialogAbout.h
/usr/lib/qt5/bin/uic Browse/WidgetBrowse.ui -o .tmp/release/ui_WidgetBrowse.h
/usr/lib/qt5/bin/uic Chat/WidgetChat.ui -o .tmp/release/ui_WidgetChat.h
/usr/lib/qt5/bin/uic Downloads/WidgetDownloads.ui -o .tmp/release/ui_WidgetDownloads.h
/usr/lib/qt5/bin/uic Search/WidgetSearch.ui -o .tmp/release/ui_WidgetSearch.h
/usr/lib/qt5/bin/uic Settings/WidgetSettings.ui -o .tmp/release/ui_WidgetSettings.h
/usr/lib/qt5/bin/uic Uploads/WidgetUploads.ui -o .tmp/release/ui_WidgetUploads.h
/usr/lib/qt5/bin/uic Settings/RemoteFileDialog.ui -o .tmp/release/ui_RemoteFileDialog.h
/usr/lib/qt5/bin/uic Settings/AskNewPasswordDialog.ui -o .tmp/release/ui_AskNewPasswordDialog.h
g++ -c -pipe -std=c++0x -O2 -frtti -Wall -Wno-parentheses -D_REENTRANT -fPIC -DQT_NO_DEBUG -DQT_WIDGETS_LIB -DQT_GUI_LIB -DQT_NETWORK_LIB -DQT_CORE_LIB -I. -I. -I.. -I/usr/include/x86_64-linux-gnu/qt5 -I/usr/include/x86_64-linux-gnu/qt5/QtWidgets -I/usr/include/x86_64-linux-gnu/qt5/QtGui -I/usr/include/x86_64-linux-gnu/qt5/QtNetwork -I/usr/include/x86_64-linux-gnu/qt5/QtCore -I.tmp/release -I.tmp/release -I/usr/lib/x86_64-linux-gnu/qt5/mkspecs/linux-g++ -o .tmp/release/main.o main.cpp
g++ -c -pipe -std=c++0x -O2 -frtti -Wall -Wno-parentheses -D_REENTRANT -fPIC -DQT_NO_DEBUG -DQT_WIDGETS_LIB -DQT_GUI_LIB -DQT_NETWORK_LIB -DQT_CORE_LIB -I. -I. -I.. -I/usr/include/x86_64-linux-gnu/qt5 -I/usr/include/x86_64-linux-gnu/qt5/QtWidgets -I/usr/include/x86_64-linux-gnu/qt5/QtGui -I/usr/include/x86_64-linux-gnu/qt5/QtNetwork -I/usr/include/x86_64-linux-gnu/qt5/QtCore -I.tmp/release -I.tmp/release -I/usr/lib/x86_64-linux-gnu/qt5/mkspecs/linux-g++ -o .tmp/release/MainWindow.o MainWindow.cpp
In file included from ./Browse/WidgetBrowse.h:33,
                 from ./MainWindow.h:43,
                 from MainWindow.cpp:19:
./Browse/BrowseModel.h:73:20: warning: ‘virtual void GUI::BrowseModel::result(const google::protobuf::RepeatedPtrField<Protos::Common::Entries>&)’ was hidden [-Woverloaded-virtual=]
   73 |       virtual void result(const google::protobuf::RepeatedPtrField<Protos::Common::Entries>& entries);
      |                    ^~~~~~
In file included from ./Search/WidgetSearch.h:32,
                 from ./MainWindow.h:44:
./Search/SearchModel.h:70:12: note:   by ‘void GUI::SearchModel::result(const Protos::Common::FindResult&)’
   70 |       void result(const Protos::Common::FindResult& findResult);
      |            ^~~~~~
MainWindow.cpp: In member function ‘void GUI::MainWindow::setApplicationStateAsConnected()’:
MainWindow.cpp:733:32: warning: ‘static QSet<T> QSet<T>::fromList(const QList<T>&) [with T = unsigned int]’ is deprecated: Use QSet<T>(list.begin(), list.end()) instead. [-Wdeprecated-declarations]
  733 |    if (!QSet<quint32>::fromList(windowsOrder).contains(QSet<quint32>::fromList(windowsOrderDefault)))
      |         ~~~~~~~~~~~~~~~~~~~~~~~^~~~~~~~~~~~~~
In file included from /usr/include/x86_64-linux-gnu/qt5/QtGui/qevent.h:53,
                 from /usr/include/x86_64-linux-gnu/qt5/QtGui/QKeyEvent:1,
                 from ./MainWindow.h:26:
/usr/include/x86_64-linux-gnu/qt5/QtCore/qset.h:416:9: note: declared here
  416 | QSet<T> QSet<T>::fromList(const QList<T> &list)
      |         ^~~~~~~
MainWindow.cpp:733:79: warning: ‘static QSet<T> QSet<T>::fromList(const QList<T>&) [with T = unsigned int]’ is deprecated: Use QSet<T>(list.begin(), list.end()) instead. [-Wdeprecated-declarations]
  733 |    if (!QSet<quint32>::fromList(windowsOrder).contains(QSet<quint32>::fromList(windowsOrderDefault)))
      |                                                        ~~~~~~~~~~~~~~~~~~~~~~~^~~~~~~~~~~~~~~~~~~~~
/usr/include/x86_64-linux-gnu/qt5/QtCore/qset.h:416:9: note: declared here
  416 | QSet<T> QSet<T>::fromList(const QList<T> &list)
      |         ^~~~~~~
g++ -c -pipe -std=c++0x -O2 -frtti -Wall -Wno-parentheses -D_REENTRANT -fPIC -DQT_NO_DEBUG -DQT_WIDGETS_LIB -DQT_GUI_LIB -DQT_NETWORK_LIB -DQT_CORE_LIB -I. -I. -I.. -I/usr/include/x86_64-linux-gnu/qt5 -I/usr/include/x86_64-linux-gnu/qt5/QtWidgets -I/usr/include/x86_64-linux-gnu/qt5/QtGui -I/usr/include/x86_64-linux-gnu/qt5/QtNetwork -I/usr/include/x86_64-linux-gnu/qt5/QtCore -I.tmp/release -I.tmp/release -I/usr/lib/x86_64-linux-gnu/qt5/mkspecs/linux-g++ -o .tmp/release/gui_protocol.pb.o ../Protos/gui_protocol.pb.cc
g++ -c -pipe -std=c++0x -O2 -frtti -Wall -Wno-parentheses -D_REENTRANT -fPIC -DQT_NO_DEBUG -DQT_WIDGETS_LIB -DQT_GUI_LIB -DQT_NETWORK_LIB -DQT_CORE_LIB -I. -I. -I.. -I/usr/include/x86_64-linux-gnu/qt5 -I/usr/include/x86_64-linux-gnu/qt5/QtWidgets -I/usr/include/x86_64-linux-gnu/qt5/QtGui -I/usr/include/x86_64-linux-gnu/qt5/QtNetwork -I/usr/include/x86_64-linux-gnu/qt5/QtCore -I.tmp/release -I.tmp/release -I/usr/lib/x86_64-linux-gnu/qt5/mkspecs/linux-g++ -o .tmp/release/common.pb.o ../Protos/common.pb.cc
g++ -c -pipe -std=c++0x -O2 -frtti -Wall -Wno-parentheses -D_REENTRANT -fPIC -DQT_NO_DEBUG -DQT_WIDGETS_LIB -DQT_GUI_LIB -DQT_NETWORK_LIB -DQT_CORE_LIB -I. -I. -I.. -I/usr/include/x86_64-linux-gnu/qt5 -I/usr/include/x86_64-linux-gnu/qt5/QtWidgets -I/usr/include/x86_64-linux-gnu/qt5/QtGui -I/usr/include/x86_64-linux-gnu/qt5/QtNetwork -I/usr/include/x86_64-linux-gnu/qt5/QtCore -I.tmp/release -I.tmp/release -I/usr/lib/x86_64-linux-gnu/qt5/mkspecs/linux-g++ -o .tmp/release/gui_settings.pb.o ../Protos/gui_settings.pb.cc
g++ -c -pipe -std=c++0x -O2 -frtti -Wall -Wno-parentheses -D_REENTRANT -fPIC -DQT_NO_DEBUG -DQT_WIDGETS_LIB -DQT_GUI_LIB -DQT_NETWORK_LIB -DQT_CORE_LIB -I. -I. -I.. -I/usr/include/x86_64-linux-gnu/qt5 -I/usr/include/x86_64-linux-gnu/qt5/QtWidgets -I/usr/include/x86_64-linux-gnu/qt5/QtGui -I/usr/include/x86_64-linux-gnu/qt5/QtNetwork -I/usr/include/x86_64-linux-gnu/qt5/QtCore -I.tmp/release -I.tmp/release -I/usr/lib/x86_64-linux-gnu/qt5/mkspecs/linux-g++ -o .tmp/release/core_settings.pb.o ../Protos/core_settings.pb.cc
g++ -c -pipe -std=c++0x -O2 -frtti -Wall -Wno-parentheses -D_REENTRANT -fPIC -DQT_NO_DEBUG -DQT_WIDGETS_LIB -DQT_GUI_LIB -DQT_NETWORK_LIB -DQT_CORE_LIB -I. -I. -I.. -I/usr/include/x86_64-linux-gnu/qt5 -I/usr/include/x86_64-linux-gnu/qt5/QtWidgets -I/usr/include/x86_64-linux-gnu/qt5/QtGui -I/usr/include/x86_64-linux-gnu/qt5/QtNetwork -I/usr/include/x86_64-linux-gnu/qt5/QtCore -I.tmp/release -I.tmp/release -I/usr/lib/x86_64-linux-gnu/qt5/mkspecs/linux-g++ -o .tmp/release/StatusBar.o StatusBar.cpp
g++ -c -pipe -std=c++0x -O2 -frtti -Wall -Wno-parentheses -D_REENTRANT -fPIC -DQT_NO_DEBUG -DQT_WIDGETS_LIB -DQT_GUI_LIB -DQT_NETWORK_LIB -DQT_CORE_LIB -I. -I. -I.. -I/usr/include/x86_64-linux-gnu/qt5 -I/usr/include/x86_64-linux-gnu/qt5/QtWidgets -I/usr/include/x86_64-linux-gnu/qt5/QtGui -I/usr/include/x86_64-linux-gnu/qt5/QtNetwork -I/usr/include/x86_64-linux-gnu/qt5/QtCore -I.tmp/release -I.tmp/release -I/usr/lib/x86_64-linux-gnu/qt5/mkspecs/linux-g++ -o .tmp/release/DialogAbout.o DialogAbout.cpp
g++ -c -pipe -std=c++0x -O2 -frtti -Wall -Wno-parentheses -D_REENTRANT -fPIC -DQT_NO_DEBUG -DQT_WIDGETS_LIB -DQT_GUI_LIB -DQT_NETWORK_LIB -DQT_CORE_LIB -I. -I. -I.. -I/usr/include/x86_64-linux-gnu/qt5 -I/usr/include/x86_64-linux-gnu/qt5/QtWidgets -I/usr/include/x86_64-linux-gnu/qt5/QtGui -I/usr/include/x86_64-linux-gnu/qt5/QtNetwork -I/usr/include/x86_64-linux-gnu/qt5/QtCore -I.tmp/release -I.tmp/release -I/usr/lib/x86_64-linux-gnu/qt5/mkspecs/linux-g++ -o .tmp/release/Log.o Log.cpp
g++ -c -pipe -std=c++0x -O2 -frtti -Wall -Wno-parentheses -D_REENTRANT -fPIC -DQT_NO_DEBUG -DQT_WIDGETS_LIB -DQT_GUI_LIB -DQT_NETWORK_LIB -DQT_CORE_LIB -I. -I. -I.. -I/usr/include/x86_64-linux-gnu/qt5 -I/usr/include/x86_64-linux-gnu/qt5/QtWidgets -I/usr/include/x86_64-linux-gnu/qt5/QtGui -I/usr/include/x86_64-linux-gnu/qt5/QtNetwork -I/usr/include/x86_64-linux-gnu/qt5/QtCore -I.tmp/release -I.tmp/release -I/usr/lib/x86_64-linux-gnu/qt5/mkspecs/linux-g++ -o .tmp/release/CheckBoxList.o CheckBoxList.cpp
g++ -c -pipe -std=c++0x -O2 -frtti -Wall -Wno-parentheses -D_REENTRANT -fPIC -DQT_NO_DEBUG -DQT_WIDGETS_LIB -DQT_GUI_LIB -DQT_NETWORK_LIB -DQT_CORE_LIB -I. -I. -I.. -I/usr/include/x86_64-linux-gnu/qt5 -I/usr/include/x86_64-linux-gnu/qt5/QtWidgets -I/usr/include/x86_64-linux-gnu/qt5/QtGui -I/usr/include/x86_64-linux-gnu/qt5/QtNetwork -I/usr/include/x86_64-linux-gnu/qt5/QtCore -I.tmp/release -I.tmp/release -I/usr/lib/x86_64-linux-gnu/qt5/mkspecs/linux-g++ -o .tmp/release/TabButtons.o TabButtons.cpp
g++ -c -pipe -std=c++0x -O2 -frtti -Wall -Wno-parentheses -D_REENTRANT -fPIC -DQT_NO_DEBUG -DQT_WIDGETS_LIB -DQT_GUI_LIB -DQT_NETWORK_LIB -DQT_CORE_LIB -I. -I. -I.. -I/usr/include/x86_64-linux-gnu/qt5 -I/usr/include/x86_64-linux-gnu/qt5/QtWidgets -I/usr/include/x86_64-linux-gnu/qt5/QtGui -I/usr/include/x86_64-linux-gnu/qt5/QtNetwork -I/usr/include/x86_64-linux-gnu/qt5/QtCore -I.tmp/release -I.tmp/release -I/usr/lib/x86_64-linux-gnu/qt5/mkspecs/linux-g++ -o .tmp/release/WidgetBrowse.o Browse/WidgetBrowse.cpp
Browse/WidgetBrowse.cpp: In member function ‘virtual void GUI::BrowseDelegate::paint(QPainter*, const QStyleOptionViewItem&, const QModelIndex&) const’:
Browse/WidgetBrowse.cpp:36:43: warning: ‘QStyleOptionViewItemV4’ is deprecated [-Wdeprecated-declarations]
   36 |    QStyleOptionViewItemV4 newOption(option);
      |                                           ^
In file included from /usr/include/x86_64-linux-gnu/qt5/QtWidgets/qabstractitemdelegate.h:45,
                 from /usr/include/x86_64-linux-gnu/qt5/QtWidgets/qstyleditemdelegate.h:44,
                 from /usr/include/x86_64-linux-gnu/qt5/QtWidgets/QStyledItemDelegate:1,
                 from ./Browse/WidgetBrowse.h:25,
                 from Browse/WidgetBrowse.cpp:19:
/usr/include/x86_64-linux-gnu/qt5/QtWidgets/qstyleoption.h:473:48: note: declared here
  473 | typedef Q_DECL_DEPRECATED QStyleOptionViewItem QStyleOptionViewItemV4;
      |                                                ^~~~~~~~~~~~~~~~~~~~~~
Browse/WidgetBrowse.cpp: In member function ‘void GUI::WidgetBrowse::openLocation()’:
Browse/WidgetBrowse.cpp:187:41: warning: ‘QList<T> QSet<T>::toList() const [with T = QString]’ is deprecated: Use values() instead. [-Wdeprecated-declarations]
  187 |    Utils::openLocations(locations.toList());
      |                         ~~~~~~~~~~~~~~~~^~
In file included from /usr/include/x86_64-linux-gnu/qt5/QtCore/qitemselectionmodel.h:45,
                 from /usr/include/x86_64-linux-gnu/qt5/QtCore/QItemSelection:1,
                 from ./Browse/WidgetBrowse.h:26:
/usr/include/x86_64-linux-gnu/qt5/QtCore/qset.h:265:14: note: declared here
  265 |     QList<T> toList() const { return values(); }
      |              ^~~~~~
Browse/WidgetBrowse.cpp: In member function ‘void GUI::WidgetBrowse::tryToReachEntryToBrowse()’:
Browse/WidgetBrowse.cpp:208:219: warning: ‘QStringList QString::split(QChar, SplitBehavior, Qt::CaseSensitivity) const’ is deprecated: Use split(QChar sep, Qt::SplitBehavior ...) variant instead [-Wdeprecated-declarations]
  208 |          const QStringList& path = Common::ProtoHelper::getStr(this->remoteEntryToBrowse, &Protos::Common::Entry::path).append(Common::ProtoHelper::getStr(this->remoteEntryToBrowse, &Protos::Common::Entry::name)).split('/', QString::SkipEmptyParts);
      |                                    ~~~~~~~~~~~~~~~~~~~~~~~~~~~~~~~~~~~~~~~~~~~~~~~~~~~~~~~~~~~~~~~~~~~~~~~~~~~~~~~~~~~~~~~~~~~~~~~~~~~~~~~~~~~~~~~~~~~~~~~~~~~~~~~~~~~~~~~~~~~~~~~~~~~~~~~~~~~~~~~~~~~~~~~~~~~~~~~~~~~~~~~^~~~~~~~~~~~~~~~~~~~~~~~~~~~~~
In file included from /usr/include/x86_64-linux-gnu/qt5/QtCore/qobject.h:47,
                 from /usr/include/x86_64-linux-gnu/qt5/QtWidgets/qwidget.h:45,
                 from /usr/include/x86_64-linux-gnu/qt5/QtWidgets/QWidget:1,
                 from ./Browse/WidgetBrowse.h:22:
/usr/include/x86_64-linux-gnu/qt5/QtCore/qstring.h:612:17: note: declared here
  612 |     QStringList split(QChar sep, SplitBehavior behavior,
      |                 ^~~~~
g++ -c -pipe -std=c++0x -O2 -frtti -Wall -Wno-parentheses -D_REENTRANT -fPIC -DQT_NO_DEBUG -DQT_WIDGETS_LIB -DQT_GUI_LIB -DQT_NETWORK_LIB -DQT_CORE_LIB -I. -I. -I.. -I/usr/include/x86_64-linux-gnu/qt5 -I/usr/include/x86_64-linux-gnu/qt5/QtWidgets -I/usr/include/x86_64-linux-gnu/qt5/QtGui -I/usr/include/x86_64-linux-gnu/qt5/QtNetwork -I/usr/include/x86_64-linux-gnu/qt5/QtCore -I.tmp/release -I.tmp/release -I/usr/lib/x86_64-linux-gnu/qt5/mkspecs/linux-g++ -o .tmp/release/BrowseModel.o Browse/BrowseModel.cpp
g++ -c -pipe -std=c++0x -O2 -frtti -Wall -Wno-parentheses -D_REENTRANT -fPIC -DQT_NO_DEBUG -DQT_WIDGETS_LIB -DQT_GUI_LIB -DQT_NETWORK_LIB -DQT_CORE_LIB -I. -I. -I.. -I/usr/include/x86_64-linux-gnu/qt5 -I/usr/include/x86_64-linux-gnu/qt5/QtWidgets -I/usr/include/x86_64-linux-gnu/qt5/QtGui -I/usr/include/x86_64-linux-gnu/qt5/QtNetwork -I/usr/include/x86_64-linux-gnu/qt5/QtCore -I.tmp/release -I.tmp/release -I/usr/lib/x86_64-linux-gnu/qt5/mkspecs/linux-g++ -o .tmp/release/WidgetChat.o Chat/WidgetChat.cpp
Chat/WidgetChat.cpp: In member function ‘virtual void GUI::ChatDelegate::paint(QPainter*, const QStyleOptionViewItem&, const QModelIndex&) const’:
Chat/WidgetChat.cpp:38:43: warning: ‘QStyleOptionViewItemV4’ is deprecated [-Wdeprecated-declarations]
   38 |    QStyleOptionViewItemV4 newOption(option);
      |                                           ^
In file included from /usr/include/x86_64-linux-gnu/qt5/QtWidgets/qabstractitemdelegate.h:45,
                 from /usr/include/x86_64-linux-gnu/qt5/QtWidgets/qstyleditemdelegate.h:44,
                 from /usr/include/x86_64-linux-gnu/qt5/QtWidgets/QStyledItemDelegate:1,
                 from ./Chat/WidgetChat.h:23,
                 from Chat/WidgetChat.cpp:19:
/usr/include/x86_64-linux-gnu/qt5/QtWidgets/qstyleoption.h:473:48: note: declared here
  473 | typedef Q_DECL_DEPRECATED QStyleOptionViewItem QStyleOptionViewItemV4;
      |                                                ^~~~~~~~~~~~~~~~~~~~~~
g++ -c -pipe -std=c++0x -O2 -frtti -Wall -Wno-parentheses -D_REENTRANT -fPIC -DQT_NO_DEBUG -DQT_WIDGETS_LIB -DQT_GUI_LIB -DQT_NETWORK_LIB -DQT_CORE_LIB -I. -I. -I.. -I/usr/include/x86_64-linux-gnu/qt5 -I/usr/include/x86_64-linux-gnu/qt5/QtWidgets -I/usr/include/x86_64-linux-gnu/qt5/QtGui -I/usr/include/x86_64-linux-gnu/qt5/QtNetwork -I/usr/include/x86_64-linux-gnu/qt5/QtCore -I.tmp/release -I.tmp/release -I/usr/lib/x86_64-linux-gnu/qt5/mkspecs/linux-g++ -o .tmp/release/ChatModel.o Chat/ChatModel.cpp
g++ -c -pipe -std=c++0x -O2 -frtti -Wall -Wno-parentheses -D_REENTRANT -fPIC -DQT_NO_DEBUG -DQT_WIDGETS_LIB -DQT_GUI_LIB -DQT_NETWORK_LIB -DQT_CORE_LIB -I. -I. -I.. -I/usr/include/x86_64-linux-gnu/qt5 -I/usr/include/x86_64-linux-gnu/qt5/QtWidgets -I/usr/include/x86_64-linux-gnu/qt5/QtGui -I/usr/include/x86_64-linux-gnu/qt5/QtNetwork -I/usr/include/x86_64-linux-gnu/qt5/QtCore -I.tmp/release -I.tmp/release -I/usr/lib/x86_64-linux-gnu/qt5/mkspecs/linux-g++ -o .tmp/release/WidgetDownloads.o Downloads/WidgetDownloads.cpp
Downloads/WidgetDownloads.cpp: In member function ‘virtual void GUI::DownloadsDelegate::paint(QPainter*, const QStyleOptionViewItem&, const QModelIndex&) const’:
Downloads/WidgetDownloads.cpp:43:33: warning: ‘QStyleOptionProgressBarV2’ is deprecated [-Wdeprecated-declarations]
   43 |       QStyleOptionProgressBarV2 progressBarOption;
      |                                 ^~~~~~~~~~~~~~~~~
In file included from /usr/include/x86_64-linux-gnu/qt5/QtWidgets/qabstractitemdelegate.h:45,
                 from /usr/include/x86_64-linux-gnu/qt5/QtWidgets/qstyleditemdelegate.h:44,
                 from /usr/include/x86_64-linux-gnu/qt5/QtWidgets/QStyledItemDelegate:1,
                 from ./Downloads/WidgetDownloads.h:25,
                 from Downloads/WidgetDownloads.cpp:19:
/usr/include/x86_64-linux-gnu/qt5/QtWidgets/qstyleoption.h:366:51: note: declared here
  366 | typedef Q_DECL_DEPRECATED QStyleOptionProgressBar QStyleOptionProgressBarV2;
      |                                                   ^~~~~~~~~~~~~~~~~~~~~~~~~
Downloads/WidgetDownloads.cpp:81:46: warning: ‘QStyleOptionViewItemV4’ is deprecated [-Wdeprecated-declarations]
   81 |       QStyleOptionViewItemV4 newOption(option);
      |                                              ^
/usr/include/x86_64-linux-gnu/qt5/QtWidgets/qstyleoption.h:473:48: note: declared here
  473 | typedef Q_DECL_DEPRECATED QStyleOptionViewItem QStyleOptionViewItemV4;
      |                                                ^~~~~~~~~~~~~~~~~~~~~~
Downloads/WidgetDownloads.cpp: In member function ‘void GUI::WidgetDownloads::openLocationSelectedEntries()’:
Downloads/WidgetDownloads.cpp:236:41: warning: ‘QList<T> QSet<T>::toList() const [with T = QString]’ is deprecated: Use values() instead. [-Wdeprecated-declarations]
  236 |    Utils::openLocations(locations.toList());
      |                         ~~~~~~~~~~~~~~~~^~
In file included from /usr/include/x86_64-linux-gnu/qt5/QtCore/qdebug.h:52,
                 from /usr/include/x86_64-linux-gnu/qt5/QtNetwork/qabstractsocket.h:47,
                 from /usr/include/x86_64-linux-gnu/qt5/QtNetwork/qhostaddress.h:48,
                 from /usr/include/x86_64-linux-gnu/qt5/QtNetwork/QHostAddress:1,
                 from ./PeerList/PeerListModel.h:23,
                 from ./Downloads/WidgetDownloads.h:35:
/usr/include/x86_64-linux-gnu/qt5/QtCore/qset.h:265:14: note: declared here
  265 |     QList<T> toList() const { return values(); }
      |              ^~~~~~
Downloads/WidgetDownloads.cpp: In member function ‘void GUI::WidgetDownloads::moveSelectedEntriesToTop()’:
Downloads/WidgetDownloads.cpp:247:78: warning: ‘QSet<T> QList<T>::toSet() const [with T = long long unsigned int]’ is deprecated: Use QSet<T>(list.begin(), list.end()) instead. [-Wdeprecated-declarations]
  247 |       downloadIDs += this->currentDownloadsModel->getDownloadIDs(index).toSet();
      |                      ~~~~~~~~~~~~~~~~~~~~~~~~~~~~~~~~~~~~~~~~~~~~~~~~~~~~~~~~^~
/usr/include/x86_64-linux-gnu/qt5/QtCore/qset.h:406:30: note: declared here
  406 | Q_OUTOFLINE_TEMPLATE QSet<T> QList<T>::toSet() const
      |                              ^~~~~~~~
Downloads/WidgetDownloads.cpp:256:88: warning: ‘QList<T> QSet<T>::toList() const [with T = long long unsigned int]’ is deprecated: Use values() instead. [-Wdeprecated-declarations]
  256 |          this->coreConnection->moveDownloads(QList<quint64>() << id, downloadIDs.toList());
      |                                                                      ~~~~~~~~~~~~~~~~~~^~
/usr/include/x86_64-linux-gnu/qt5/QtCore/qset.h:265:14: note: declared here
  265 |     QList<T> toList() const { return values(); }
      |              ^~~~~~
Downloads/WidgetDownloads.cpp: In member function ‘void GUI::WidgetDownloads::removeSelectedEntries()’:
Downloads/WidgetDownloads.cpp:286:78: warning: ‘QSet<T> QList<T>::toSet() const [with T = long long unsigned int]’ is deprecated: Use QSet<T>(list.begin(), list.end()) instead. [-Wdeprecated-declarations]
  286 |       downloadIDs += this->currentDownloadsModel->getDownloadIDs(index).toSet();
      |                      ~~~~~~~~~~~~~~~~~~~~~~~~~~~~~~~~~~~~~~~~~~~~~~~~~~~~~~~~^~
/usr/include/x86_64-linux-gnu/qt5/QtCore/qset.h:406:30: note: declared here
  406 | Q_OUTOFLINE_TEMPLATE QSet<T> QList<T>::toSet() const
      |                              ^~~~~~~~
Downloads/WidgetDownloads.cpp:303:69: warning: ‘QList<T> QSet<T>::toList() const [with T = long long unsigned int]’ is deprecated: Use values() instead. [-Wdeprecated-declarations]
  303 |             this->coreConnection->cancelDownloads(downloadIDs.toList());
      |                                                   ~~~~~~~~~~~~~~~~~~^~
/usr/include/x86_64-linux-gnu/qt5/QtCore/qset.h:265:14: note: declared here
  265 |     QList<T> toList() const { return values(); }
      |              ^~~~~~
Downloads/WidgetDownloads.cpp:306:66: warning: ‘QList<T> QSet<T>::toList() const [with T = long long unsigned int]’ is deprecated: Use values() instead. [-Wdeprecated-declarations]
  306 |          this->coreConnection->cancelDownloads(downloadIDs.toList());
      |                                                ~~~~~~~~~~~~~~~~~~^~
/usr/include/x86_64-linux-gnu/qt5/QtCore/qset.h:265:14: note: declared here
  265 |     QList<T> toList() const { return values(); }
      |              ^~~~~~
Downloads/WidgetDownloads.cpp: In member function ‘QPair<QList<long long unsigned int>, bool> GUI::WidgetDownloads::getDownloadIDsToPause() const’:
Downloads/WidgetDownloads.cpp:404:39: warning: ‘QList<T> QSet<T>::toList() const [with T = long long unsigned int]’ is deprecated: Use values() instead. [-Wdeprecated-declarations]
  404 |    return qMakePair(downloadIDs.toList(), !allPaused);
      |                     ~~~~~~~~~~~~~~~~~~^~
/usr/include/x86_64-linux-gnu/qt5/QtCore/qset.h:265:14: note: declared here
  265 |     QList<T> toList() const { return values(); }
      |              ^~~~~~
g++ -c -pipe -std=c++0x -O2 -frtti -Wall -Wno-parentheses -D_REENTRANT -fPIC -DQT_NO_DEBUG -DQT_WIDGETS_LIB -DQT_GUI_LIB -DQT_NETWORK_LIB -DQT_CORE_LIB -I. -I. -I.. -I/usr/include/x86_64-linux-gnu/qt5 -I/usr/include/x86_64-linux-gnu/qt5/QtWidgets -I/usr/include/x86_64-linux-gnu/qt5/QtGui -I/usr/include/x86_64-linux-gnu/qt5/QtNetwork -I/usr/include/x86_64-linux-gnu/qt5/QtCore -I.tmp/release -I.tmp/release -I/usr/lib/x86_64-linux-gnu/qt5/mkspecs/linux-g++ -o .tmp/release/DownloadsFlatModel.o Downloads/DownloadsFlatModel.cpp
Downloads/DownloadsFlatModel.cpp: In member function ‘virtual bool GUI::DownloadsFlatModel::dropMimeData(const QMimeData*, Qt::DropAction, int, int, const QModelIndex&)’:
Downloads/DownloadsFlatModel.cpp:179:12: warning: ‘void qSort(RandomAccessIterator, RandomAccessIterator) [with RandomAccessIterator = QList<int>::iterator]’ is deprecated: Use std::sort [-Wdeprecated-declarations]
  179 |       qSort(rows.begin(), rows.end());
      |       ~~~~~^~~~~~~~~~~~~~~~~~~~~~~~~~
In file included from /usr/include/x86_64-linux-gnu/qt5/QtCore/qlist.h:43,
                 from /usr/include/x86_64-linux-gnu/qt5/QtCore/qobject.h:49,
                 from /usr/include/x86_64-linux-gnu/qt5/QtCore/qiodevice.h:45,
                 from /usr/include/x86_64-linux-gnu/qt5/QtCore/qdatastream.h:44,
                 from /usr/include/x86_64-linux-gnu/qt5/QtGui/qregion.h:49,
                 from /usr/include/x86_64-linux-gnu/qt5/QtGui/qevent.h:45,
                 from /usr/include/x86_64-linux-gnu/qt5/QtGui/QDragEnterEvent:1,
                 from ./Downloads/DownloadsFlatModel.h:22,
                 from Downloads/DownloadsFlatModel.cpp:19:
/usr/include/x86_64-linux-gnu/qt5/QtCore/qalgorithms.h:174:46: note: declared here
  174 | QT_DEPRECATED_X("Use std::sort") inline void qSort(RandomAccessIterator start, RandomAccessIterator end)
      |                                              ^~~~~
g++ -c -pipe -std=c++0x -O2 -frtti -Wall -Wno-parentheses -D_REENTRANT -fPIC -DQT_NO_DEBUG -DQT_WIDGETS_LIB -DQT_GUI_LIB -DQT_NETWORK_LIB -DQT_CORE_LIB -I. -I. -I.. -I/usr/include/x86_64-linux-gnu/qt5 -I/usr/include/x86_64-linux-gnu/qt5/QtWidgets -I/usr/include/x86_64-linux-gnu/qt5/QtGui -I/usr/include/x86_64-linux-gnu/qt5/QtNetwork -I/usr/include/x86_64-linux-gnu/qt5/QtCore -I.tmp/release -I.tmp/release -I/usr/lib/x86_64-linux-gnu/qt5/mkspecs/linux-g++ -o .tmp/release/LogModel.o Log/LogModel.cpp
g++ -c -pipe -std=c++0x -O2 -frtti -Wall -Wno-parentheses -D_REENTRANT -fPIC -DQT_NO_DEBUG -DQT_WIDGETS_LIB -DQT_GUI_LIB -DQT_NETWORK_LIB -DQT_CORE_LIB -I. -I. -I.. -I/usr/include/x86_64-linux-gnu/qt5 -I/usr/include/x86_64-linux-gnu/qt5/QtWidgets -I/usr/include/x86_64-linux-gnu/qt5/QtGui -I/usr/include/x86_64-linux-gnu/qt5/QtNetwork -I/usr/include/x86_64-linux-gnu/qt5/QtCore -I.tmp/release -I.tmp/release -I/usr/lib/x86_64-linux-gnu/qt5/mkspecs/linux-g++ -o .tmp/release/PeerListModel.o PeerList/PeerListModel.cpp
PeerList/PeerListModel.cpp: In member function ‘void GUI::PeerListModel::sort()’:
PeerList/PeerListModel.cpp:311:9: warning: ‘void qSort(RandomAccessIterator, RandomAccessIterator, LessThan) [with RandomAccessIterator = QList<GUI::PeerListModel::Peer*>::iterator; LessThan = bool (*)(const GUI::PeerListModel::Peer*, const GUI::PeerListModel::Peer*)]’ is deprecated: Use std::sort [-Wdeprecated-declarations]
  311 |    qSort(this->orderedPeers.begin(), this->orderedPeers.end(), this->currentSortType == Protos::GUI::Settings::BY_NICK ? Peer::sortCompByNick : Peer::sortCompBySharingAmount);
      |    ~~~~~^~~~~~~~~~~~~~~~~~~~~~~~~~~~~~~~~~~~~~~~~~~~~~~~~~~~~~~~~~~~~~~~~~~~~~~~~~~~~~~~~~~~~~~~~~~~~~~~~~~~~~~~~~~~~~~~~~~~~~~~~~~~~~~~~~~~~~~~~~~~~~~~~~~~~~~~~~~~~~~~~~~~~~
In file included from /usr/include/x86_64-linux-gnu/qt5/QtCore/qlist.h:43,
                 from /usr/include/x86_64-linux-gnu/qt5/QtCore/qvariant.h:45,
                 from /usr/include/x86_64-linux-gnu/qt5/QtCore/qabstractitemmodel.h:43,
                 from /usr/include/x86_64-linux-gnu/qt5/QtCore/QAbstractTableModel:1,
                 from ./PeerList/PeerListModel.h:22,
                 from PeerList/PeerListModel.cpp:19:
/usr/include/x86_64-linux-gnu/qt5/QtCore/qalgorithms.h:181:46: note: declared here
  181 | QT_DEPRECATED_X("Use std::sort") inline void qSort(RandomAccessIterator start, RandomAccessIterator end, LessThan lessThan)
      |                                              ^~~~~
g++ -c -pipe -std=c++0x -O2 -frtti -Wall -Wno-parentheses -D_REENTRANT -fPIC -DQT_NO_DEBUG -DQT_WIDGETS_LIB -DQT_GUI_LIB -DQT_NETWORK_LIB -DQT_CORE_LIB -I. -I. -I.. -I/usr/include/x86_64-linux-gnu/qt5 -I/usr/include/x86_64-linux-gnu/qt5/QtWidgets -I/usr/include/x86_64-linux-gnu/qt5/QtGui -I/usr/include/x86_64-linux-gnu/qt5/QtNetwork -I/usr/include/x86_64-linux-gnu/qt5/QtCore -I.tmp/release -I.tmp/release -I/usr/lib/x86_64-linux-gnu/qt5/mkspecs/linux-g++ -o .tmp/release/WidgetSearch.o Search/WidgetSearch.cpp
In file included from ./Search/SearchModel.h:32,
                 from ./Search/WidgetSearch.h:32,
                 from Search/WidgetSearch.cpp:19:
./Browse/BrowseModel.h:73:20: warning: ‘virtual void GUI::BrowseModel::result(const google::protobuf::RepeatedPtrField<Protos::Common::Entries>&)’ was hidden [-Woverloaded-virtual=]
   73 |       virtual void result(const google::protobuf::RepeatedPtrField<Protos::Common::Entries>& entries);
      |                    ^~~~~~
./Search/SearchModel.h:70:12: note:   by ‘void GUI::SearchModel::result(const Protos::Common::FindResult&)’
   70 |       void result(const Protos::Common::FindResult& findResult);
      |            ^~~~~~
Search/WidgetSearch.cpp: In member function ‘virtual void GUI::SearchDelegate::paint(QPainter*, const QStyleOptionViewItem&, const QModelIndex&) const’:
Search/WidgetSearch.cpp:40:43: warning: ‘QStyleOptionViewItemV4’ is deprecated [-Wdeprecated-declarations]
   40 |    QStyleOptionViewItemV4 newOption(option);
      |                                           ^
In file included from /usr/include/x86_64-linux-gnu/qt5/QtWidgets/qabstractitemdelegate.h:45,
                 from /usr/include/x86_64-linux-gnu/qt5/QtWidgets/qstyleditemdelegate.h:44,
                 from /usr/include/x86_64-linux-gnu/qt5/QtWidgets/QStyledItemDelegate:1,
                 from ./Search/WidgetSearch.h:24:
/usr/include/x86_64-linux-gnu/qt5/QtWidgets/qstyleoption.h:473:48: note: declared here
  473 | typedef Q_DECL_DEPRECATED QStyleOptionViewItem QStyleOptionViewItemV4;
      |                                                ^~~~~~~~~~~~~~~~~~~~~~
Search/WidgetSearch.cpp:77:36: warning: ‘QStyleOptionProgressBarV2’ is deprecated [-Wdeprecated-declarations]
   77 |          QStyleOptionProgressBarV2 progressBarOption;
      |                                    ^~~~~~~~~~~~~~~~~
/usr/include/x86_64-linux-gnu/qt5/QtWidgets/qstyleoption.h:366:51: note: declared here
  366 | typedef Q_DECL_DEPRECATED QStyleOptionProgressBar QStyleOptionProgressBarV2;
      |                                                   ^~~~~~~~~~~~~~~~~~~~~~~~~
Search/WidgetSearch.cpp: In member function ‘virtual QSize GUI::SearchDelegate::sizeHint(const QStyleOptionViewItem&, const QModelIndex&) const’:
Search/WidgetSearch.cpp:106:33: warning: ‘QStyleOptionViewItemV4’ is deprecated [-Wdeprecated-declarations]
  106 |          QStyleOptionViewItemV4 optionV4 = option;
      |                                 ^~~~~~~~
/usr/include/x86_64-linux-gnu/qt5/QtWidgets/qstyleoption.h:473:48: note: declared here
  473 | typedef Q_DECL_DEPRECATED QStyleOptionViewItem QStyleOptionViewItemV4;
      |                                                ^~~~~~~~~~~~~~~~~~~~~~
Search/WidgetSearch.cpp: In member function ‘void GUI::WidgetSearch::openLocation()’:
Search/WidgetSearch.cpp:317:41: warning: ‘QList<T> QSet<T>::toList() const [with T = QString]’ is deprecated: Use values() instead. [-Wdeprecated-declarations]
  317 |    Utils::openLocations(locations.toList());
      |                         ~~~~~~~~~~~~~~~~^~
In file included from /usr/include/x86_64-linux-gnu/qt5/QtCore/qitemselectionmodel.h:45,
                 from /usr/include/x86_64-linux-gnu/qt5/QtCore/QItemSelection:1,
                 from ./Search/WidgetSearch.h:26:
/usr/include/x86_64-linux-gnu/qt5/QtCore/qset.h:265:14: note: declared here
  265 |     QList<T> toList() const { return values(); }
      |              ^~~~~~
g++ -c -pipe -std=c++0x -O2 -frtti -Wall -Wno-parentheses -D_REENTRANT -fPIC -DQT_NO_DEBUG -DQT_WIDGETS_LIB -DQT_GUI_LIB -DQT_NETWORK_LIB -DQT_CORE_LIB -I. -I. -I.. -I/usr/include/x86_64-linux-gnu/qt5 -I/usr/include/x86_64-linux-gnu/qt5/QtWidgets -I/usr/include/x86_64-linux-gnu/qt5/QtGui -I/usr/include/x86_64-linux-gnu/qt5/QtNetwork -I/usr/include/x86_64-linux-gnu/qt5/QtCore -I.tmp/release -I.tmp/release -I/usr/lib/x86_64-linux-gnu/qt5/mkspecs/linux-g++ -o .tmp/release/SearchModel.o Search/SearchModel.cpp
Search/SearchModel.cpp: In member function ‘void GUI::SearchModel::result(const Protos::Common::FindResult&)’:
Search/SearchModel.cpp:234:9: warning: ‘void qSort(RandomAccessIterator, RandomAccessIterator, LessThan) [with RandomAccessIterator = QList<const Protos::Common::FindResult_EntryLevel*>::iterator; LessThan = bool (*)(const Protos::Common::FindResult_EntryLevel*, const Protos::Common::FindResult_EntryLevel*)]’ is deprecated: Use std::sort [-Wdeprecated-declarations]
  234 |    qSort(sortedEntries.begin(), sortedEntries.end(), &findEntryLessThan);
      |    ~~~~~^~~~~~~~~~~~~~~~~~~~~~~~~~~~~~~~~~~~~~~~~~~~~~~~~~~~~~~~~~~~~~~~
In file included from /usr/include/x86_64-linux-gnu/qt5/QtCore/qlist.h:43,
                 from /usr/include/x86_64-linux-gnu/qt5/QtCore/qvariant.h:45,
                 from /usr/include/x86_64-linux-gnu/qt5/QtCore/qabstractitemmodel.h:43,
                 from /usr/include/x86_64-linux-gnu/qt5/QtCore/QAbstractItemModel:1,
                 from ./Search/SearchModel.h:22,
                 from Search/SearchModel.cpp:19:
/usr/include/x86_64-linux-gnu/qt5/QtCore/qalgorithms.h:181:46: note: declared here
  181 | QT_DEPRECATED_X("Use std::sort") inline void qSort(RandomAccessIterator start, RandomAccessIterator end, LessThan lessThan)
      |                                              ^~~~~
g++ -c -pipe -std=c++0x -O2 -frtti -Wall -Wno-parentheses -D_REENTRANT -fPIC -DQT_NO_DEBUG -DQT_WIDGETS_LIB -DQT_GUI_LIB -DQT_NETWORK_LIB -DQT_CORE_LIB -I. -I. -I.. -I/usr/include/x86_64-linux-gnu/qt5 -I/usr/include/x86_64-linux-gnu/qt5/QtWidgets -I/usr/include/x86_64-linux-gnu/qt5/QtGui -I/usr/include/x86_64-linux-gnu/qt5/QtNetwork -I/usr/include/x86_64-linux-gnu/qt5/QtCore -I.tmp/release -I.tmp/release -I/usr/lib/x86_64-linux-gnu/qt5/mkspecs/linux-g++ -o .tmp/release/WidgetSettings.o Settings/WidgetSettings.cpp
Settings/WidgetSettings.cpp: In member function ‘virtual void GUI::DirListDelegate::paint(QPainter*, const QStyleOptionViewItem&, const QModelIndex&) const’:
Settings/WidgetSettings.cpp:44:43: warning: ‘QStyleOptionViewItemV4’ is deprecated [-Wdeprecated-declarations]
   44 |    QStyleOptionViewItemV4 newOption(option);
      |                                           ^
In file included from /usr/include/x86_64-linux-gnu/qt5/QtWidgets/qabstractitemdelegate.h:45,
                 from /usr/include/x86_64-linux-gnu/qt5/QtWidgets/qstyleditemdelegate.h:44,
                 from /usr/include/x86_64-linux-gnu/qt5/QtWidgets/QStyledItemDelegate:1,
                 from ./Settings/WidgetSettings.h:24,
                 from Settings/WidgetSettings.cpp:19:
/usr/include/x86_64-linux-gnu/qt5/QtWidgets/qstyleoption.h:473:48: note: declared here
  473 | typedef Q_DECL_DEPRECATED QStyleOptionViewItem QStyleOptionViewItemV4;
      |                                                ^~~~~~~~~~~~~~~~~~~~~~
g++ -c -pipe -std=c++0x -O2 -frtti -Wall -Wno-parentheses -D_REENTRANT -fPIC -DQT_NO_DEBUG -DQT_WIDGETS_LIB -DQT_GUI_LIB -DQT_NETWORK_LIB -DQT_CORE_LIB -I. -I. -I.. -I/usr/include/x86_64-linux-gnu/qt5 -I/usr/include/x86_64-linux-gnu/qt5/QtWidgets -I/usr/include/x86_64-linux-gnu/qt5/QtGui -I/usr/include/x86_64-linux-gnu/qt5/QtNetwork -I/usr/include/x86_64-linux-gnu/qt5/QtCore -I.tmp/release -I.tmp/release -I/usr/lib/x86_64-linux-gnu/qt5/mkspecs/linux-g++ -o .tmp/release/WidgetUploads.o Uploads/WidgetUploads.cpp
Uploads/WidgetUploads.cpp: In member function ‘virtual void GUI::UploadsDelegate::paint(QPainter*, const QStyleOptionViewItem&, const QModelIndex&) const’:
Uploads/WidgetUploads.cpp:30:33: warning: ‘QStyleOptionProgressBarV2’ is deprecated [-Wdeprecated-declarations]
   30 |       QStyleOptionProgressBarV2 progressBarOption;
      |                                 ^~~~~~~~~~~~~~~~~
In file included from /usr/include/x86_64-linux-gnu/qt5/QtWidgets/qabstractitemdelegate.h:45,
                 from /usr/include/x86_64-linux-gnu/qt5/QtWidgets/qstyleditemdelegate.h:44,
                 from /usr/include/x86_64-linux-gnu/qt5/QtWidgets/QStyledItemDelegate:1,
                 from ./Uploads/WidgetUploads.h:24,
                 from Uploads/WidgetUploads.cpp:19:
/usr/include/x86_64-linux-gnu/qt5/QtWidgets/qstyleoption.h:366:51: note: declared here
  366 | typedef Q_DECL_DEPRECATED QStyleOptionProgressBar QStyleOptionProgressBarV2;
      |                                                   ^~~~~~~~~~~~~~~~~~~~~~~~~
Uploads/WidgetUploads.cpp:44:46: warning: ‘QStyleOptionViewItemV4’ is deprecated [-Wdeprecated-declarations]
   44 |       QStyleOptionViewItemV4 newOption(option);
      |                                              ^
/usr/include/x86_64-linux-gnu/qt5/QtWidgets/qstyleoption.h:473:48: note: declared here
  473 | typedef Q_DECL_DEPRECATED QStyleOptionViewItem QStyleOptionViewItemV4;
      |                                                ^~~~~~~~~~~~~~~~~~~~~~
g++ -c -pipe -std=c++0x -O2 -frtti -Wall -Wno-parentheses -D_REENTRANT -fPIC -DQT_NO_DEBUG -DQT_WIDGETS_LIB -DQT_GUI_LIB -DQT_NETWORK_LIB -DQT_CORE_LIB -I. -I. -I.. -I/usr/include/x86_64-linux-gnu/qt5 -I/usr/include/x86_64-linux-gnu/qt5/QtWidgets -I/usr/include/x86_64-linux-gnu/qt5/QtGui -I/usr/include/x86_64-linux-gnu/qt5/QtNetwork -I/usr/include/x86_64-linux-gnu/qt5/QtCore -I.tmp/release -I.tmp/release -I/usr/lib/x86_64-linux-gnu/qt5/mkspecs/linux-g++ -o .tmp/release/UploadsModel.o Uploads/UploadsModel.cpp
g++ -c -pipe -std=c++0x -O2 -frtti -Wall -Wno-parentheses -D_REENTRANT -fPIC -DQT_NO_DEBUG -DQT_WIDGETS_LIB -DQT_GUI_LIB -DQT_NETWORK_LIB -DQT_CORE_LIB -I. -I. -I.. -I/usr/include/x86_64-linux-gnu/qt5 -I/usr/include/x86_64-linux-gnu/qt5/QtWidgets -I/usr/include/x86_64-linux-gnu/qt5/QtGui -I/usr/include/x86_64-linux-gnu/qt5/QtNetwork -I/usr/include/x86_64-linux-gnu/qt5/QtCore -I.tmp/release -I.tmp/release -I/usr/lib/x86_64-linux-gnu/qt5/mkspecs/linux-g++ -o .tmp/release/DirListModel.o Settings/DirListModel.cpp
g++ -c -pipe -std=c++0x -O2 -frtti -Wall -Wno-parentheses -D_REENTRANT -fPIC -DQT_NO_DEBUG -DQT_WIDGETS_LIB -DQT_GUI_LIB -DQT_NETWORK_LIB -DQT_CORE_LIB -I. -I. -I.. -I/usr/include/x86_64-linux-gnu/qt5 -I/usr/include/x86_64-linux-gnu/qt5/QtWidgets -I/usr/include/x86_64-linux-gnu/qt5/QtGui -I/usr/include/x86_64-linux-gnu/qt5/QtNetwork -I/usr/include/x86_64-linux-gnu/qt5/QtCore -I.tmp/release -I.tmp/release -I/usr/lib/x86_64-linux-gnu/qt5/mkspecs/linux-g++ -o .tmp/release/RemoteFileDialog.o Settings/RemoteFileDialog.cpp
g++ -c -pipe -std=c++0x -O2 -frtti -Wall -Wno-parentheses -D_REENTRANT -fPIC -DQT_NO_DEBUG -DQT_WIDGETS_LIB -DQT_GUI_LIB -DQT_NETWORK_LIB -DQT_CORE_LIB -I. -I. -I.. -I/usr/include/x86_64-linux-gnu/qt5 -I/usr/include/x86_64-linux-gnu/qt5/QtWidgets -I/usr/include/x86_64-linux-gnu/qt5/QtGui -I/usr/include/x86_64-linux-gnu/qt5/QtNetwork -I/usr/include/x86_64-linux-gnu/qt5/QtCore -I.tmp/release -I.tmp/release -I/usr/lib/x86_64-linux-gnu/qt5/mkspecs/linux-g++ -o .tmp/release/DownloadMenu.o DownloadMenu.cpp
g++ -c -pipe -std=c++0x -O2 -frtti -Wall -Wno-parentheses -D_REENTRANT -fPIC -DQT_NO_DEBUG -DQT_WIDGETS_LIB -DQT_GUI_LIB -DQT_NETWORK_LIB -DQT_CORE_LIB -I. -I. -I.. -I/usr/include/x86_64-linux-gnu/qt5 -I/usr/include/x86_64-linux-gnu/qt5/QtWidgets -I/usr/include/x86_64-linux-gnu/qt5/QtGui -I/usr/include/x86_64-linux-gnu/qt5/QtNetwork -I/usr/include/x86_64-linux-gnu/qt5/QtCore -I.tmp/release -I.tmp/release -I/usr/lib/x86_64-linux-gnu/qt5/mkspecs/linux-g++ -o .tmp/release/D-LAN_GUI.o D-LAN_GUI.cpp
g++ -c -pipe -std=c++0x -O2 -frtti -Wall -Wno-parentheses -D_REENTRANT -fPIC -DQT_NO_DEBUG -DQT_WIDGETS_LIB -DQT_GUI_LIB -DQT_NETWORK_LIB -DQT_CORE_LIB -I. -I. -I.. -I/usr/include/x86_64-linux-gnu/qt5 -I/usr/include/x86_64-linux-gnu/qt5/QtWidgets -I/usr/include/x86_64-linux-gnu/qt5/QtGui -I/usr/include/x86_64-linux-gnu/qt5/QtNetwork -I/usr/include/x86_64-linux-gnu/qt5/QtCore -I.tmp/release -I.tmp/release -I/usr/lib/x86_64-linux-gnu/qt5/mkspecs/linux-g++ -o .tmp/release/ProgressBar.o ProgressBar.cpp
ProgressBar.cpp: In member function ‘virtual void GUI::ProgressBar::paintEvent(QPaintEvent*)’:
ProgressBar.cpp:39:30: warning: ‘QStyleOptionProgressBarV2’ is deprecated [-Wdeprecated-declarations]
   39 |    QStyleOptionProgressBarV2 opt;
      |                              ^~~
In file included from /usr/include/x86_64-linux-gnu/qt5/QtWidgets/QStyleOptionProgressBarV2:1,
                 from ProgressBar.cpp:23:
/usr/include/x86_64-linux-gnu/qt5/QtWidgets/qstyleoption.h:366:51: note: declared here
  366 | typedef Q_DECL_DEPRECATED QStyleOptionProgressBar QStyleOptionProgressBarV2;
      |                                                   ^~~~~~~~~~~~~~~~~~~~~~~~~
g++ -c -pipe -std=c++0x -O2 -frtti -Wall -Wno-parentheses -D_REENTRANT -fPIC -DQT_NO_DEBUG -DQT_WIDGETS_LIB -DQT_GUI_LIB -DQT_NETWORK_LIB -DQT_CORE_LIB -I. -I. -I.. -I/usr/include/x86_64-linux-gnu/qt5 -I/usr/include/x86_64-linux-gnu/qt5/QtWidgets -I/usr/include/x86_64-linux-gnu/qt5/QtGui -I/usr/include/x86_64-linux-gnu/qt5/QtNetwork -I/usr/include/x86_64-linux-gnu/qt5/QtCore -I.tmp/release -I.tmp/release -I/usr/lib/x86_64-linux-gnu/qt5/mkspecs/linux-g++ -o .tmp/release/IconProvider.o IconProvider.cpp
g++ -c -pipe -std=c++0x -O2 -frtti -Wall -Wno-parentheses -D_REENTRANT -fPIC -DQT_NO_DEBUG -DQT_WIDGETS_LIB -DQT_GUI_LIB -DQT_NETWORK_LIB -DQT_CORE_LIB -I. -I. -I.. -I/usr/include/x86_64-linux-gnu/qt5 -I/usr/include/x86_64-linux-gnu/qt5/QtWidgets -I/usr/include/x86_64-linux-gnu/qt5/QtGui -I/usr/include/x86_64-linux-gnu/qt5/QtNetwork -I/usr/include/x86_64-linux-gnu/qt5/QtCore -I.tmp/release -I.tmp/release -I/usr/lib/x86_64-linux-gnu/qt5/mkspecs/linux-g++ -o .tmp/release/Utils.o Utils.cpp
g++ -c -pipe -std=c++0x -O2 -frtti -Wall -Wno-parentheses -D_REENTRANT -fPIC -DQT_NO_DEBUG -DQT_WIDGETS_LIB -DQT_GUI_LIB -DQT_NETWORK_LIB -DQT_CORE_LIB -I. -I. -I.. -I/usr/include/x86_64-linux-gnu/qt5 -I/usr/include/x86_64-linux-gnu/qt5/QtWidgets -I/usr/include/x86_64-linux-gnu/qt5/QtGui -I/usr/include/x86_64-linux-gnu/qt5/QtNetwork -I/usr/include/x86_64-linux-gnu/qt5/QtCore -I.tmp/release -I.tmp/release -I/usr/lib/x86_64-linux-gnu/qt5/mkspecs/linux-g++ -o .tmp/release/AskNewPasswordDialog.o Settings/AskNewPasswordDialog.cpp
g++ -c -pipe -std=c++0x -O2 -frtti -Wall -Wno-parentheses -D_REENTRANT -fPIC -DQT_NO_DEBUG -DQT_WIDGETS_LIB -DQT_GUI_LIB -DQT_NETWORK_LIB -DQT_CORE_LIB -I. -I. -I.. -I/usr/include/x86_64-linux-gnu/qt5 -I/usr/include/x86_64-linux-gnu/qt5/QtWidgets -I/usr/include/x86_64-linux-gnu/qt5/QtGui -I/usr/include/x86_64-linux-gnu/qt5/QtNetwork -I/usr/include/x86_64-linux-gnu/qt5/QtCore -I.tmp/release -I.tmp/release -I/usr/lib/x86_64-linux-gnu/qt5/mkspecs/linux-g++ -o .tmp/release/DownloadsTreeModel.o Downloads/DownloadsTreeModel.cpp
Downloads/DownloadsTreeModel.cpp: In member function ‘virtual bool GUI::DownloadsTreeModel::dropMimeData(const QMimeData*, Qt::DropAction, int, int, const QModelIndex&)’:
Downloads/DownloadsTreeModel.cpp:240:9: warning: ‘void qSort(Container&) [with Container = QList<int>]’ is deprecated: Use std::sort [-Wdeprecated-declarations]
  240 |    qSort(rows); // TODO: is 'getDraggedRows(..)' returns a sorted list?
      |    ~~~~~^~~~~~
In file included from /usr/include/x86_64-linux-gnu/qt5/QtCore/qlist.h:43,
                 from /usr/include/x86_64-linux-gnu/qt5/QtCore/qobject.h:49,
                 from /usr/include/x86_64-linux-gnu/qt5/QtCore/qiodevice.h:45,
                 from /usr/include/x86_64-linux-gnu/qt5/QtCore/qdatastream.h:44,
                 from /usr/include/x86_64-linux-gnu/qt5/QtGui/qregion.h:49,
                 from /usr/include/x86_64-linux-gnu/qt5/QtGui/qevent.h:45,
                 from /usr/include/x86_64-linux-gnu/qt5/QtGui/QDragEnterEvent:1,
                 from ./Downloads/DownloadsTreeModel.h:22,
                 from Downloads/DownloadsTreeModel.cpp:19:
/usr/include/x86_64-linux-gnu/qt5/QtCore/qalgorithms.h:188:46: note: declared here
  188 | QT_DEPRECATED_X("Use std::sort") inline void qSort(Container &c)
      |                                              ^~~~~
Downloads/DownloadsTreeModel.cpp: In member function ‘virtual void GUI::DownloadsTreeModel::onNewState(const Protos::GUI::State&)’:
Downloads/DownloadsTreeModel.cpp:332:115: warning: ‘QStringList QString::split(QChar, SplitBehavior, Qt::CaseSensitivity) const’ is deprecated: Use split(QChar sep, Qt::SplitBehavior ...) variant instead [-Wdeprecated-declarations]
  332 |          const QStringList& path = ProtoHelper::getStr(download.local_entry(), &Protos::Common::Entry::path).split('/', QString::SkipEmptyParts);
      |                                    ~~~~~~~~~~~~~~~~~~~~~~~~~~~~~~~~~~~~~~~~~~~~~~~~~~~~~~~~~~~~~~~~~~~~~~~~~~~~~~~^~~~~~~~~~~~~~~~~~~~~~~~~~~~~~
In file included from /usr/include/x86_64-linux-gnu/qt5/QtCore/qobject.h:47:
/usr/include/x86_64-linux-gnu/qt5/QtCore/qstring.h:612:17: note: declared here
  612 |     QStringList split(QChar sep, SplitBehavior behavior,
      |                 ^~~~~
g++ -c -pipe -std=c++0x -O2 -frtti -Wall -Wno-parentheses -D_REENTRANT -fPIC -DQT_NO_DEBUG -DQT_WIDGETS_LIB -DQT_GUI_LIB -DQT_NETWORK_LIB -DQT_CORE_LIB -I. -I. -I.. -I/usr/include/x86_64-linux-gnu/qt5 -I/usr/include/x86_64-linux-gnu/qt5/QtWidgets -I/usr/include/x86_64-linux-gnu/qt5/QtGui -I/usr/include/x86_64-linux-gnu/qt5/QtNetwork -I/usr/include/x86_64-linux-gnu/qt5/QtCore -I.tmp/release -I.tmp/release -I/usr/lib/x86_64-linux-gnu/qt5/mkspecs/linux-g++ -o .tmp/release/DownloadsModel.o Downloads/DownloadsModel.cpp
g++ -c -pipe -std=c++0x -O2 -frtti -Wall -Wno-parentheses -D_REENTRANT -fPIC -DQT_NO_DEBUG -DQT_WIDGETS_LIB -DQT_GUI_LIB -DQT_NETWORK_LIB -DQT_CORE_LIB -I. -I. -I.. -I/usr/include/x86_64-linux-gnu/qt5 -I/usr/include/x86_64-linux-gnu/qt5/QtWidgets -I/usr/include/x86_64-linux-gnu/qt5/QtGui -I/usr/include/x86_64-linux-gnu/qt5/QtNetwork -I/usr/include/x86_64-linux-gnu/qt5/QtCore -I.tmp/release -I.tmp/release -I/usr/lib/x86_64-linux-gnu/qt5/mkspecs/linux-g++ -o .tmp/release/PeerListDelegate.o PeerList/PeerListDelegate.cpp
PeerList/PeerListDelegate.cpp: In member function ‘virtual void GUI::PeerListDelegate::paint(QPainter*, const QStyleOptionViewItem&, const QModelIndex&) const’:
PeerList/PeerListDelegate.cpp:40:43: warning: ‘QStyleOptionViewItemV4’ is deprecated [-Wdeprecated-declarations]
   40 |    QStyleOptionViewItemV4 newOption(option);
      |                                           ^
In file included from /usr/include/x86_64-linux-gnu/qt5/QtWidgets/qabstractitemdelegate.h:45,
                 from /usr/include/x86_64-linux-gnu/qt5/QtWidgets/qstyleditemdelegate.h:44,
                 from /usr/include/x86_64-linux-gnu/qt5/QtWidgets/QStyledItemDelegate:1,
                 from ./PeerList/PeerListDelegate.h:22,
                 from PeerList/PeerListDelegate.cpp:19:
/usr/include/x86_64-linux-gnu/qt5/QtWidgets/qstyleoption.h:473:48: note: declared here
  473 | typedef Q_DECL_DEPRECATED QStyleOptionViewItem QStyleOptionViewItemV4;
      |                                                ^~~~~~~~~~~~~~~~~~~~~~
g++ -c -pipe -std=c++0x -O2 -frtti -Wall -Wno-parentheses -D_REENTRANT -fPIC -DQT_NO_DEBUG -DQT_WIDGETS_LIB -DQT_GUI_LIB -DQT_NETWORK_LIB -DQT_CORE_LIB -I. -I. -I.. -I/usr/include/x86_64-linux-gnu/qt5 -I/usr/include/x86_64-linux-gnu/qt5/QtWidgets -I/usr/include/x86_64-linux-gnu/qt5/QtGui -I/usr/include/x86_64-linux-gnu/qt5/QtNetwork -I/usr/include/x86_64-linux-gnu/qt5/QtCore -I.tmp/release -I.tmp/release -I/usr/lib/x86_64-linux-gnu/qt5/mkspecs/linux-g++ -o .tmp/release/BusyIndicator.o BusyIndicator.cpp
g++ -c -pipe -std=c++0x -O2 -frtti -Wall -Wno-parentheses -D_REENTRANT -fPIC -DQT_NO_DEBUG -DQT_WIDGETS_LIB -DQT_GUI_LIB -DQT_NETWORK_LIB -DQT_CORE_LIB -I. -I. -I.. -I/usr/include/x86_64-linux-gnu/qt5 -I/usr/include/x86_64-linux-gnu/qt5/QtWidgets -I/usr/include/x86_64-linux-gnu/qt5/QtGui -I/usr/include/x86_64-linux-gnu/qt5/QtNetwork -I/usr/include/x86_64-linux-gnu/qt5/QtCore -I.tmp/release -I.tmp/release -I/usr/lib/x86_64-linux-gnu/qt5/mkspecs/linux-g++ -o .tmp/release/LogDelegate.o Log/LogDelegate.cpp
Log/LogDelegate.cpp: In member function ‘virtual void GUI::LogDelegate::paint(QPainter*, const QStyleOptionViewItem&, const QModelIndex&) const’:
Log/LogDelegate.cpp:31:43: warning: ‘QStyleOptionViewItemV4’ is deprecated [-Wdeprecated-declarations]
   31 |    QStyleOptionViewItemV4 newOption(option);
      |                                           ^
In file included from /usr/include/x86_64-linux-gnu/qt5/QtWidgets/qabstractitemdelegate.h:45,
                 from /usr/include/x86_64-linux-gnu/qt5/QtWidgets/qstyleditemdelegate.h:44,
                 from /usr/include/x86_64-linux-gnu/qt5/QtWidgets/QStyledItemDelegate:1,
                 from ./Log/LogDelegate.h:22,
                 from Log/LogDelegate.cpp:19:
/usr/include/x86_64-linux-gnu/qt5/QtWidgets/qstyleoption.h:473:48: note: declared here
  473 | typedef Q_DECL_DEPRECATED QStyleOptionViewItem QStyleOptionViewItemV4;
      |                                                ^~~~~~~~~~~~~~~~~~~~~~
/usr/lib/qt5/bin/rcc -name ressources ressources.qrc -o .tmp/release/qrc_ressources.cpp
g++ -c -pipe -std=c++0x -O2 -frtti -Wall -Wno-parentheses -D_REENTRANT -fPIC -DQT_NO_DEBUG -DQT_WIDGETS_LIB -DQT_GUI_LIB -DQT_NETWORK_LIB -DQT_CORE_LIB -I. -I. -I.. -I/usr/include/x86_64-linux-gnu/qt5 -I/usr/include/x86_64-linux-gnu/qt5/QtWidgets -I/usr/include/x86_64-linux-gnu/qt5/QtGui -I/usr/include/x86_64-linux-gnu/qt5/QtNetwork -I/usr/include/x86_64-linux-gnu/qt5/QtCore -I.tmp/release -I.tmp/release -I/usr/lib/x86_64-linux-gnu/qt5/mkspecs/linux-g++ -o .tmp/release/qrc_ressources.o .tmp/release/qrc_ressources.cpp
g++ -pipe -std=c++0x -O2 -frtti -Wall -Wno-parentheses -dM -E -o .tmp/release/moc_predefs.h /usr/lib/x86_64-linux-gnu/qt5/mkspecs/features/data/dummy.cpp
/usr/lib/qt5/bin/moc -DQT_NO_DEBUG -DQT_WIDGETS_LIB -DQT_GUI_LIB -DQT_NETWORK_LIB -DQT_CORE_LIB --include /workspaces/D-LAN/application/GUI/.tmp/release/moc_predefs.h -I/usr/lib/x86_64-linux-gnu/qt5/mkspecs/linux-g++ -I/workspaces/D-LAN/application/GUI -I/workspaces/D-LAN/application/GUI -I/workspaces/D-LAN/application -I/usr/include/x86_64-linux-gnu/qt5 -I/usr/include/x86_64-linux-gnu/qt5/QtWidgets -I/usr/include/x86_64-linux-gnu/qt5/QtGui -I/usr/include/x86_64-linux-gnu/qt5/QtNetwork -I/usr/include/x86_64-linux-gnu/qt5/QtCore -I/usr/include/c++/13 -I/usr/include/x86_64-linux-gnu/c++/13 -I/usr/include/c++/13/backward -I/usr/lib/gcc/x86_64-linux-gnu/13/include -I/usr/local/include -I/usr/include/x86_64-linux-gnu -I/usr/include MainWindow.h -o .tmp/release/moc_MainWindow.cpp
g++ -c -pipe -std=c++0x -O2 -frtti -Wall -Wno-parentheses -D_REENTRANT -fPIC -DQT_NO_DEBUG -DQT_WIDGETS_LIB -DQT_GUI_LIB -DQT_NETWORK_LIB -DQT_CORE_LIB -I. -I. -I.. -I/usr/include/x86_64-linux-gnu/qt5 -I/usr/include/x86_64-linux-gnu/qt5/QtWidgets -I/usr/include/x86_64-linux-gnu/qt5/QtGui -I/usr/include/x86_64-linux-gnu/qt5/QtNetwork -I/usr/include/x86_64-linux-gnu/qt5/QtCore -I.tmp/release -I.tmp/release -I/usr/lib/x86_64-linux-gnu/qt5/mkspecs/linux-g++ -o .tmp/release/moc_MainWindow.o .tmp/release/moc_MainWindow.cpp
In file included from ./Browse/WidgetBrowse.h:33,
                 from .tmp/release/../../MainWindow.h:43,
                 from .tmp/release/moc_MainWindow.cpp:10:
./Browse/BrowseModel.h:73:20: warning: ‘virtual void GUI::BrowseModel::result(const google::protobuf::RepeatedPtrField<Protos::Common::Entries>&)’ was hidden [-Woverloaded-virtual=]
   73 |       virtual void result(const google::protobuf::RepeatedPtrField<Protos::Common::Entries>& entries);
      |                    ^~~~~~
In file included from ./Search/WidgetSearch.h:32,
                 from .tmp/release/../../MainWindow.h:44:
./Search/SearchModel.h:70:12: note:   by ‘void GUI::SearchModel::result(const Protos::Common::FindResult&)’
   70 |       void result(const Protos::Common::FindResult& findResult);
      |            ^~~~~~
/usr/lib/qt5/bin/moc -DQT_NO_DEBUG -DQT_WIDGETS_LIB -DQT_GUI_LIB -DQT_NETWORK_LIB -DQT_CORE_LIB --include /workspaces/D-LAN/application/GUI/.tmp/release/moc_predefs.h -I/usr/lib/x86_64-linux-gnu/qt5/mkspecs/linux-g++ -I/workspaces/D-LAN/application/GUI -I/workspaces/D-LAN/application/GUI -I/workspaces/D-LAN/application -I/usr/include/x86_64-linux-gnu/qt5 -I/usr/include/x86_64-linux-gnu/qt5/QtWidgets -I/usr/include/x86_64-linux-gnu/qt5/QtGui -I/usr/include/x86_64-linux-gnu/qt5/QtNetwork -I/usr/include/x86_64-linux-gnu/qt5/QtCore -I/usr/include/c++/13 -I/usr/include/x86_64-linux-gnu/c++/13 -I/usr/include/c++/13/backward -I/usr/lib/gcc/x86_64-linux-gnu/13/include -I/usr/local/include -I/usr/include/x86_64-linux-gnu -I/usr/include StatusBar.h -o .tmp/release/moc_StatusBar.cpp
g++ -c -pipe -std=c++0x -O2 -frtti -Wall -Wno-parentheses -D_REENTRANT -fPIC -DQT_NO_DEBUG -DQT_WIDGETS_LIB -DQT_GUI_LIB -DQT_NETWORK_LIB -DQT_CORE_LIB -I. -I. -I.. -I/usr/include/x86_64-linux-gnu/qt5 -I/usr/include/x86_64-linux-gnu/qt5/QtWidgets -I/usr/include/x86_64-linux-gnu/qt5/QtGui -I/usr/include/x86_64-linux-gnu/qt5/QtNetwork -I/usr/include/x86_64-linux-gnu/qt5/QtCore -I.tmp/release -I.tmp/release -I/usr/lib/x86_64-linux-gnu/qt5/mkspecs/linux-g++ -o .tmp/release/moc_StatusBar.o .tmp/release/moc_StatusBar.cpp
/usr/lib/qt5/bin/moc -DQT_NO_DEBUG -DQT_WIDGETS_LIB -DQT_GUI_LIB -DQT_NETWORK_LIB -DQT_CORE_LIB --include /workspaces/D-LAN/application/GUI/.tmp/release/moc_predefs.h -I/usr/lib/x86_64-linux-gnu/qt5/mkspecs/linux-g++ -I/workspaces/D-LAN/application/GUI -I/workspaces/D-LAN/application/GUI -I/workspaces/D-LAN/application -I/usr/include/x86_64-linux-gnu/qt5 -I/usr/include/x86_64-linux-gnu/qt5/QtWidgets -I/usr/include/x86_64-linux-gnu/qt5/QtGui -I/usr/include/x86_64-linux-gnu/qt5/QtNetwork -I/usr/include/x86_64-linux-gnu/qt5/QtCore -I/usr/include/c++/13 -I/usr/include/x86_64-linux-gnu/c++/13 -I/usr/include/c++/13/backward -I/usr/lib/gcc/x86_64-linux-gnu/13/include -I/usr/local/include -I/usr/include/x86_64-linux-gnu -I/usr/include DialogAbout.h -o .tmp/release/moc_DialogAbout.cpp
g++ -c -pipe -std=c++0x -O2 -frtti -Wall -Wno-parentheses -D_REENTRANT -fPIC -DQT_NO_DEBUG -DQT_WIDGETS_LIB -DQT_GUI_LIB -DQT_NETWORK_LIB -DQT_CORE_LIB -I. -I. -I.. -I/usr/include/x86_64-linux-gnu/qt5 -I/usr/include/x86_64-linux-gnu/qt5/QtWidgets -I/usr/include/x86_64-linux-gnu/qt5/QtGui -I/usr/include/x86_64-linux-gnu/qt5/QtNetwork -I/usr/include/x86_64-linux-gnu/qt5/QtCore -I.tmp/release -I.tmp/release -I/usr/lib/x86_64-linux-gnu/qt5/mkspecs/linux-g++ -o .tmp/release/moc_DialogAbout.o .tmp/release/moc_DialogAbout.cpp
/usr/lib/qt5/bin/moc -DQT_NO_DEBUG -DQT_WIDGETS_LIB -DQT_GUI_LIB -DQT_NETWORK_LIB -DQT_CORE_LIB --include /workspaces/D-LAN/application/GUI/.tmp/release/moc_predefs.h -I/usr/lib/x86_64-linux-gnu/qt5/mkspecs/linux-g++ -I/workspaces/D-LAN/application/GUI -I/workspaces/D-LAN/application/GUI -I/workspaces/D-LAN/application -I/usr/include/x86_64-linux-gnu/qt5 -I/usr/include/x86_64-linux-gnu/qt5/QtWidgets -I/usr/include/x86_64-linux-gnu/qt5/QtGui -I/usr/include/x86_64-linux-gnu/qt5/QtNetwork -I/usr/include/x86_64-linux-gnu/qt5/QtCore -I/usr/include/c++/13 -I/usr/include/x86_64-linux-gnu/c++/13 -I/usr/include/c++/13/backward -I/usr/lib/gcc/x86_64-linux-gnu/13/include -I/usr/local/include -I/usr/include/x86_64-linux-gnu -I/usr/include CheckBoxList.h -o .tmp/release/moc_CheckBoxList.cpp
g++ -c -pipe -std=c++0x -O2 -frtti -Wall -Wno-parentheses -D_REENTRANT -fPIC -DQT_NO_DEBUG -DQT_WIDGETS_LIB -DQT_GUI_LIB -DQT_NETWORK_LIB -DQT_CORE_LIB -I. -I. -I.. -I/usr/include/x86_64-linux-gnu/qt5 -I/usr/include/x86_64-linux-gnu/qt5/QtWidgets -I/usr/include/x86_64-linux-gnu/qt5/QtGui -I/usr/include/x86_64-linux-gnu/qt5/QtNetwork -I/usr/include/x86_64-linux-gnu/qt5/QtCore -I.tmp/release -I.tmp/release -I/usr/lib/x86_64-linux-gnu/qt5/mkspecs/linux-g++ -o .tmp/release/moc_CheckBoxList.o .tmp/release/moc_CheckBoxList.cpp
/usr/lib/qt5/bin/moc -DQT_NO_DEBUG -DQT_WIDGETS_LIB -DQT_GUI_LIB -DQT_NETWORK_LIB -DQT_CORE_LIB --include /workspaces/D-LAN/application/GUI/.tmp/release/moc_predefs.h -I/usr/lib/x86_64-linux-gnu/qt5/mkspecs/linux-g++ -I/workspaces/D-LAN/application/GUI -I/workspaces/D-LAN/application/GUI -I/workspaces/D-LAN/application -I/usr/include/x86_64-linux-gnu/qt5 -I/usr/include/x86_64-linux-gnu/qt5/QtWidgets -I/usr/include/x86_64-linux-gnu/qt5/QtGui -I/usr/include/x86_64-linux-gnu/qt5/QtNetwork -I/usr/include/x86_64-linux-gnu/qt5/QtCore -I/usr/include/c++/13 -I/usr/include/x86_64-linux-gnu/c++/13 -I/usr/include/c++/13/backward -I/usr/lib/gcc/x86_64-linux-gnu/13/include -I/usr/local/include -I/usr/include/x86_64-linux-gnu -I/usr/include TabButtons.h -o .tmp/release/moc_TabButtons.cpp
g++ -c -pipe -std=c++0x -O2 -frtti -Wall -Wno-parentheses -D_REENTRANT -fPIC -DQT_NO_DEBUG -DQT_WIDGETS_LIB -DQT_GUI_LIB -DQT_NETWORK_LIB -DQT_CORE_LIB -I. -I. -I.. -I/usr/include/x86_64-linux-gnu/qt5 -I/usr/include/x86_64-linux-gnu/qt5/QtWidgets -I/usr/include/x86_64-linux-gnu/qt5/QtGui -I/usr/include/x86_64-linux-gnu/qt5/QtNetwork -I/usr/include/x86_64-linux-gnu/qt5/QtCore -I.tmp/release -I.tmp/release -I/usr/lib/x86_64-linux-gnu/qt5/mkspecs/linux-g++ -o .tmp/release/moc_TabButtons.o .tmp/release/moc_TabButtons.cpp
/usr/lib/qt5/bin/moc -DQT_NO_DEBUG -DQT_WIDGETS_LIB -DQT_GUI_LIB -DQT_NETWORK_LIB -DQT_CORE_LIB --include /workspaces/D-LAN/application/GUI/.tmp/release/moc_predefs.h -I/usr/lib/x86_64-linux-gnu/qt5/mkspecs/linux-g++ -I/workspaces/D-LAN/application/GUI -I/workspaces/D-LAN/application/GUI -I/workspaces/D-LAN/application -I/usr/include/x86_64-linux-gnu/qt5 -I/usr/include/x86_64-linux-gnu/qt5/QtWidgets -I/usr/include/x86_64-linux-gnu/qt5/QtGui -I/usr/include/x86_64-linux-gnu/qt5/QtNetwork -I/usr/include/x86_64-linux-gnu/qt5/QtCore -I/usr/include/c++/13 -I/usr/include/x86_64-linux-gnu/c++/13 -I/usr/include/c++/13/backward -I/usr/lib/gcc/x86_64-linux-gnu/13/include -I/usr/local/include -I/usr/include/x86_64-linux-gnu -I/usr/include Browse/WidgetBrowse.h -o .tmp/release/moc_WidgetBrowse.cpp
g++ -c -pipe -std=c++0x -O2 -frtti -Wall -Wno-parentheses -D_REENTRANT -fPIC -DQT_NO_DEBUG -DQT_WIDGETS_LIB -DQT_GUI_LIB -DQT_NETWORK_LIB -DQT_CORE_LIB -I. -I. -I.. -I/usr/include/x86_64-linux-gnu/qt5 -I/usr/include/x86_64-linux-gnu/qt5/QtWidgets -I/usr/include/x86_64-linux-gnu/qt5/QtGui -I/usr/include/x86_64-linux-gnu/qt5/QtNetwork -I/usr/include/x86_64-linux-gnu/qt5/QtCore -I.tmp/release -I.tmp/release -I/usr/lib/x86_64-linux-gnu/qt5/mkspecs/linux-g++ -o .tmp/release/moc_WidgetBrowse.o .tmp/release/moc_WidgetBrowse.cpp
/usr/lib/qt5/bin/moc -DQT_NO_DEBUG -DQT_WIDGETS_LIB -DQT_GUI_LIB -DQT_NETWORK_LIB -DQT_CORE_LIB --include /workspaces/D-LAN/application/GUI/.tmp/release/moc_predefs.h -I/usr/lib/x86_64-linux-gnu/qt5/mkspecs/linux-g++ -I/workspaces/D-LAN/application/GUI -I/workspaces/D-LAN/application/GUI -I/workspaces/D-LAN/application -I/usr/include/x86_64-linux-gnu/qt5 -I/usr/include/x86_64-linux-gnu/qt5/QtWidgets -I/usr/include/x86_64-linux-gnu/qt5/QtGui -I/usr/include/x86_64-linux-gnu/qt5/QtNetwork -I/usr/include/x86_64-linux-gnu/qt5/QtCore -I/usr/include/c++/13 -I/usr/include/x86_64-linux-gnu/c++/13 -I/usr/include/c++/13/backward -I/usr/lib/gcc/x86_64-linux-gnu/13/include -I/usr/local/include -I/usr/include/x86_64-linux-gnu -I/usr/include Browse/BrowseModel.h -o .tmp/release/moc_BrowseModel.cpp
g++ -c -pipe -std=c++0x -O2 -frtti -Wall -Wno-parentheses -D_REENTRANT -fPIC -DQT_NO_DEBUG -DQT_WIDGETS_LIB -DQT_GUI_LIB -DQT_NETWORK_LIB -DQT_CORE_LIB -I. -I. -I.. -I/usr/include/x86_64-linux-gnu/qt5 -I/usr/include/x86_64-linux-gnu/qt5/QtWidgets -I/usr/include/x86_64-linux-gnu/qt5/QtGui -I/usr/include/x86_64-linux-gnu/qt5/QtNetwork -I/usr/include/x86_64-linux-gnu/qt5/QtCore -I.tmp/release -I.tmp/release -I/usr/lib/x86_64-linux-gnu/qt5/mkspecs/linux-g++ -o .tmp/release/moc_BrowseModel.o .tmp/release/moc_BrowseModel.cpp
/usr/lib/qt5/bin/moc -DQT_NO_DEBUG -DQT_WIDGETS_LIB -DQT_GUI_LIB -DQT_NETWORK_LIB -DQT_CORE_LIB --include /workspaces/D-LAN/application/GUI/.tmp/release/moc_predefs.h -I/usr/lib/x86_64-linux-gnu/qt5/mkspecs/linux-g++ -I/workspaces/D-LAN/application/GUI -I/workspaces/D-LAN/application/GUI -I/workspaces/D-LAN/application -I/usr/include/x86_64-linux-gnu/qt5 -I/usr/include/x86_64-linux-gnu/qt5/QtWidgets -I/usr/include/x86_64-linux-gnu/qt5/QtGui -I/usr/include/x86_64-linux-gnu/qt5/QtNetwork -I/usr/include/x86_64-linux-gnu/qt5/QtCore -I/usr/include/c++/13 -I/usr/include/x86_64-linux-gnu/c++/13 -I/usr/include/c++/13/backward -I/usr/lib/gcc/x86_64-linux-gnu/13/include -I/usr/local/include -I/usr/include/x86_64-linux-gnu -I/usr/include Chat/WidgetChat.h -o .tmp/release/moc_WidgetChat.cpp
g++ -c -pipe -std=c++0x -O2 -frtti -Wall -Wno-parentheses -D_REENTRANT -fPIC -DQT_NO_DEBUG -DQT_WIDGETS_LIB -DQT_GUI_LIB -DQT_NETWORK_LIB -DQT_CORE_LIB -I. -I. -I.. -I/usr/include/x86_64-linux-gnu/qt5 -I/usr/include/x86_64-linux-gnu/qt5/QtWidgets -I/usr/include/x86_64-linux-gnu/qt5/QtGui -I/usr/include/x86_64-linux-gnu/qt5/QtNetwork -I/usr/include/x86_64-linux-gnu/qt5/QtCore -I.tmp/release -I.tmp/release -I/usr/lib/x86_64-linux-gnu/qt5/mkspecs/linux-g++ -o .tmp/release/moc_WidgetChat.o .tmp/release/moc_WidgetChat.cpp
/usr/lib/qt5/bin/moc -DQT_NO_DEBUG -DQT_WIDGETS_LIB -DQT_GUI_LIB -DQT_NETWORK_LIB -DQT_CORE_LIB --include /workspaces/D-LAN/application/GUI/.tmp/release/moc_predefs.h -I/usr/lib/x86_64-linux-gnu/qt5/mkspecs/linux-g++ -I/workspaces/D-LAN/application/GUI -I/workspaces/D-LAN/application/GUI -I/workspaces/D-LAN/application -I/usr/include/x86_64-linux-gnu/qt5 -I/usr/include/x86_64-linux-gnu/qt5/QtWidgets -I/usr/include/x86_64-linux-gnu/qt5/QtGui -I/usr/include/x86_64-linux-gnu/qt5/QtNetwork -I/usr/include/x86_64-linux-gnu/qt5/QtCore -I/usr/include/c++/13 -I/usr/include/x86_64-linux-gnu/c++/13 -I/usr/include/c++/13/backward -I/usr/lib/gcc/x86_64-linux-gnu/13/include -I/usr/local/include -I/usr/include/x86_64-linux-gnu -I/usr/include Chat/ChatModel.h -o .tmp/release/moc_ChatModel.cpp
g++ -c -pipe -std=c++0x -O2 -frtti -Wall -Wno-parentheses -D_REENTRANT -fPIC -DQT_NO_DEBUG -DQT_WIDGETS_LIB -DQT_GUI_LIB -DQT_NETWORK_LIB -DQT_CORE_LIB -I. -I. -I.. -I/usr/include/x86_64-linux-gnu/qt5 -I/usr/include/x86_64-linux-gnu/qt5/QtWidgets -I/usr/include/x86_64-linux-gnu/qt5/QtGui -I/usr/include/x86_64-linux-gnu/qt5/QtNetwork -I/usr/include/x86_64-linux-gnu/qt5/QtCore -I.tmp/release -I.tmp/release -I/usr/lib/x86_64-linux-gnu/qt5/mkspecs/linux-g++ -o .tmp/release/moc_ChatModel.o .tmp/release/moc_ChatModel.cpp
/usr/lib/qt5/bin/moc -DQT_NO_DEBUG -DQT_WIDGETS_LIB -DQT_GUI_LIB -DQT_NETWORK_LIB -DQT_CORE_LIB --include /workspaces/D-LAN/application/GUI/.tmp/release/moc_predefs.h -I/usr/lib/x86_64-linux-gnu/qt5/mkspecs/linux-g++ -I/workspaces/D-LAN/application/GUI -I/workspaces/D-LAN/application/GUI -I/workspaces/D-LAN/application -I/usr/include/x86_64-linux-gnu/qt5 -I/usr/include/x86_64-linux-gnu/qt5/QtWidgets -I/usr/include/x86_64-linux-gnu/qt5/QtGui -I/usr/include/x86_64-linux-gnu/qt5/QtNetwork -I/usr/include/x86_64-linux-gnu/qt5/QtCore -I/usr/include/c++/13 -I/usr/include/x86_64-linux-gnu/c++/13 -I/usr/include/c++/13/backward -I/usr/lib/gcc/x86_64-linux-gnu/13/include -I/usr/local/include -I/usr/include/x86_64-linux-gnu -I/usr/include Downloads/WidgetDownloads.h -o .tmp/release/moc_WidgetDownloads.cpp
g++ -c -pipe -std=c++0x -O2 -frtti -Wall -Wno-parentheses -D_REENTRANT -fPIC -DQT_NO_DEBUG -DQT_WIDGETS_LIB -DQT_GUI_LIB -DQT_NETWORK_LIB -DQT_CORE_LIB -I. -I. -I.. -I/usr/include/x86_64-linux-gnu/qt5 -I/usr/include/x86_64-linux-gnu/qt5/QtWidgets -I/usr/include/x86_64-linux-gnu/qt5/QtGui -I/usr/include/x86_64-linux-gnu/qt5/QtNetwork -I/usr/include/x86_64-linux-gnu/qt5/QtCore -I.tmp/release -I.tmp/release -I/usr/lib/x86_64-linux-gnu/qt5/mkspecs/linux-g++ -o .tmp/release/moc_WidgetDownloads.o .tmp/release/moc_WidgetDownloads.cpp
/usr/lib/qt5/bin/moc -DQT_NO_DEBUG -DQT_WIDGETS_LIB -DQT_GUI_LIB -DQT_NETWORK_LIB -DQT_CORE_LIB --include /workspaces/D-LAN/application/GUI/.tmp/release/moc_predefs.h -I/usr/lib/x86_64-linux-gnu/qt5/mkspecs/linux-g++ -I/workspaces/D-LAN/application/GUI -I/workspaces/D-LAN/application/GUI -I/workspaces/D-LAN/application -I/usr/include/x86_64-linux-gnu/qt5 -I/usr/include/x86_64-linux-gnu/qt5/QtWidgets -I/usr/include/x86_64-linux-gnu/qt5/QtGui -I/usr/include/x86_64-linux-gnu/qt5/QtNetwork -I/usr/include/x86_64-linux-gnu/qt5/QtCore -I/usr/include/c++/13 -I/usr/include/x86_64-linux-gnu/c++/13 -I/usr/include/c++/13/backward -I/usr/lib/gcc/x86_64-linux-gnu/13/include -I/usr/local/include -I/usr/include/x86_64-linux-gnu -I/usr/include Log/LogModel.h -o .tmp/release/moc_LogModel.cpp
g++ -c -pipe -std=c++0x -O2 -frtti -Wall -Wno-parentheses -D_REENTRANT -fPIC -DQT_NO_DEBUG -DQT_WIDGETS_LIB -DQT_GUI_LIB -DQT_NETWORK_LIB -DQT_CORE_LIB -I. -I. -I.. -I/usr/include/x86_64-linux-gnu/qt5 -I/usr/include/x86_64-linux-gnu/qt5/QtWidgets -I/usr/include/x86_64-linux-gnu/qt5/QtGui -I/usr/include/x86_64-linux-gnu/qt5/QtNetwork -I/usr/include/x86_64-linux-gnu/qt5/QtCore -I.tmp/release -I.tmp/release -I/usr/lib/x86_64-linux-gnu/qt5/mkspecs/linux-g++ -o .tmp/release/moc_LogModel.o .tmp/release/moc_LogModel.cpp
/usr/lib/qt5/bin/moc -DQT_NO_DEBUG -DQT_WIDGETS_LIB -DQT_GUI_LIB -DQT_NETWORK_LIB -DQT_CORE_LIB --include /workspaces/D-LAN/application/GUI/.tmp/release/moc_predefs.h -I/usr/lib/x86_64-linux-gnu/qt5/mkspecs/linux-g++ -I/workspaces/D-LAN/application/GUI -I/workspaces/D-LAN/application/GUI -I/workspaces/D-LAN/application -I/usr/include/x86_64-linux-gnu/qt5 -I/usr/include/x86_64-linux-gnu/qt5/QtWidgets -I/usr/include/x86_64-linux-gnu/qt5/QtGui -I/usr/include/x86_64-linux-gnu/qt5/QtNetwork -I/usr/include/x86_64-linux-gnu/qt5/QtCore -I/usr/include/c++/13 -I/usr/include/x86_64-linux-gnu/c++/13 -I/usr/include/c++/13/backward -I/usr/lib/gcc/x86_64-linux-gnu/13/include -I/usr/local/include -I/usr/include/x86_64-linux-gnu -I/usr/include PeerList/PeerListModel.h -o .tmp/release/moc_PeerListModel.cpp
g++ -c -pipe -std=c++0x -O2 -frtti -Wall -Wno-parentheses -D_REENTRANT -fPIC -DQT_NO_DEBUG -DQT_WIDGETS_LIB -DQT_GUI_LIB -DQT_NETWORK_LIB -DQT_CORE_LIB -I. -I. -I.. -I/usr/include/x86_64-linux-gnu/qt5 -I/usr/include/x86_64-linux-gnu/qt5/QtWidgets -I/usr/include/x86_64-linux-gnu/qt5/QtGui -I/usr/include/x86_64-linux-gnu/qt5/QtNetwork -I/usr/include/x86_64-linux-gnu/qt5/QtCore -I.tmp/release -I.tmp/release -I/usr/lib/x86_64-linux-gnu/qt5/mkspecs/linux-g++ -o .tmp/release/moc_PeerListModel.o .tmp/release/moc_PeerListModel.cpp
/usr/lib/qt5/bin/moc -DQT_NO_DEBUG -DQT_WIDGETS_LIB -DQT_GUI_LIB -DQT_NETWORK_LIB -DQT_CORE_LIB --include /workspaces/D-LAN/application/GUI/.tmp/release/moc_predefs.h -I/usr/lib/x86_64-linux-gnu/qt5/mkspecs/linux-g++ -I/workspaces/D-LAN/application/GUI -I/workspaces/D-LAN/application/GUI -I/workspaces/D-LAN/application -I/usr/include/x86_64-linux-gnu/qt5 -I/usr/include/x86_64-linux-gnu/qt5/QtWidgets -I/usr/include/x86_64-linux-gnu/qt5/QtGui -I/usr/include/x86_64-linux-gnu/qt5/QtNetwork -I/usr/include/x86_64-linux-gnu/qt5/QtCore -I/usr/include/c++/13 -I/usr/include/x86_64-linux-gnu/c++/13 -I/usr/include/c++/13/backward -I/usr/lib/gcc/x86_64-linux-gnu/13/include -I/usr/local/include -I/usr/include/x86_64-linux-gnu -I/usr/include Search/WidgetSearch.h -o .tmp/release/moc_WidgetSearch.cpp
g++ -c -pipe -std=c++0x -O2 -frtti -Wall -Wno-parentheses -D_REENTRANT -fPIC -DQT_NO_DEBUG -DQT_WIDGETS_LIB -DQT_GUI_LIB -DQT_NETWORK_LIB -DQT_CORE_LIB -I. -I. -I.. -I/usr/include/x86_64-linux-gnu/qt5 -I/usr/include/x86_64-linux-gnu/qt5/QtWidgets -I/usr/include/x86_64-linux-gnu/qt5/QtGui -I/usr/include/x86_64-linux-gnu/qt5/QtNetwork -I/usr/include/x86_64-linux-gnu/qt5/QtCore -I.tmp/release -I.tmp/release -I/usr/lib/x86_64-linux-gnu/qt5/mkspecs/linux-g++ -o .tmp/release/moc_WidgetSearch.o .tmp/release/moc_WidgetSearch.cpp
In file included from ./Search/SearchModel.h:32,
                 from .tmp/release/../../Search/WidgetSearch.h:32,
                 from .tmp/release/moc_WidgetSearch.cpp:10:
./Browse/BrowseModel.h:73:20: warning: ‘virtual void GUI::BrowseModel::result(const google::protobuf::RepeatedPtrField<Protos::Common::Entries>&)’ was hidden [-Woverloaded-virtual=]
   73 |       virtual void result(const google::protobuf::RepeatedPtrField<Protos::Common::Entries>& entries);
      |                    ^~~~~~
./Search/SearchModel.h:70:12: note:   by ‘void GUI::SearchModel::result(const Protos::Common::FindResult&)’
   70 |       void result(const Protos::Common::FindResult& findResult);
      |            ^~~~~~
/usr/lib/qt5/bin/moc -DQT_NO_DEBUG -DQT_WIDGETS_LIB -DQT_GUI_LIB -DQT_NETWORK_LIB -DQT_CORE_LIB --include /workspaces/D-LAN/application/GUI/.tmp/release/moc_predefs.h -I/usr/lib/x86_64-linux-gnu/qt5/mkspecs/linux-g++ -I/workspaces/D-LAN/application/GUI -I/workspaces/D-LAN/application/GUI -I/workspaces/D-LAN/application -I/usr/include/x86_64-linux-gnu/qt5 -I/usr/include/x86_64-linux-gnu/qt5/QtWidgets -I/usr/include/x86_64-linux-gnu/qt5/QtGui -I/usr/include/x86_64-linux-gnu/qt5/QtNetwork -I/usr/include/x86_64-linux-gnu/qt5/QtCore -I/usr/include/c++/13 -I/usr/include/x86_64-linux-gnu/c++/13 -I/usr/include/c++/13/backward -I/usr/lib/gcc/x86_64-linux-gnu/13/include -I/usr/local/include -I/usr/include/x86_64-linux-gnu -I/usr/include Search/SearchModel.h -o .tmp/release/moc_SearchModel.cpp
g++ -c -pipe -std=c++0x -O2 -frtti -Wall -Wno-parentheses -D_REENTRANT -fPIC -DQT_NO_DEBUG -DQT_WIDGETS_LIB -DQT_GUI_LIB -DQT_NETWORK_LIB -DQT_CORE_LIB -I. -I. -I.. -I/usr/include/x86_64-linux-gnu/qt5 -I/usr/include/x86_64-linux-gnu/qt5/QtWidgets -I/usr/include/x86_64-linux-gnu/qt5/QtGui -I/usr/include/x86_64-linux-gnu/qt5/QtNetwork -I/usr/include/x86_64-linux-gnu/qt5/QtCore -I.tmp/release -I.tmp/release -I/usr/lib/x86_64-linux-gnu/qt5/mkspecs/linux-g++ -o .tmp/release/moc_SearchModel.o .tmp/release/moc_SearchModel.cpp
/usr/lib/qt5/bin/moc -DQT_NO_DEBUG -DQT_WIDGETS_LIB -DQT_GUI_LIB -DQT_NETWORK_LIB -DQT_CORE_LIB --include /workspaces/D-LAN/application/GUI/.tmp/release/moc_predefs.h -I/usr/lib/x86_64-linux-gnu/qt5/mkspecs/linux-g++ -I/workspaces/D-LAN/application/GUI -I/workspaces/D-LAN/application/GUI -I/workspaces/D-LAN/application -I/usr/include/x86_64-linux-gnu/qt5 -I/usr/include/x86_64-linux-gnu/qt5/QtWidgets -I/usr/include/x86_64-linux-gnu/qt5/QtGui -I/usr/include/x86_64-linux-gnu/qt5/QtNetwork -I/usr/include/x86_64-linux-gnu/qt5/QtCore -I/usr/include/c++/13 -I/usr/include/x86_64-linux-gnu/c++/13 -I/usr/include/c++/13/backward -I/usr/lib/gcc/x86_64-linux-gnu/13/include -I/usr/local/include -I/usr/include/x86_64-linux-gnu -I/usr/include Settings/WidgetSettings.h -o .tmp/release/moc_WidgetSettings.cpp
g++ -c -pipe -std=c++0x -O2 -frtti -Wall -Wno-parentheses -D_REENTRANT -fPIC -DQT_NO_DEBUG -DQT_WIDGETS_LIB -DQT_GUI_LIB -DQT_NETWORK_LIB -DQT_CORE_LIB -I. -I. -I.. -I/usr/include/x86_64-linux-gnu/qt5 -I/usr/include/x86_64-linux-gnu/qt5/QtWidgets -I/usr/include/x86_64-linux-gnu/qt5/QtGui -I/usr/include/x86_64-linux-gnu/qt5/QtNetwork -I/usr/include/x86_64-linux-gnu/qt5/QtCore -I.tmp/release -I.tmp/release -I/usr/lib/x86_64-linux-gnu/qt5/mkspecs/linux-g++ -o .tmp/release/moc_WidgetSettings.o .tmp/release/moc_WidgetSettings.cpp
/usr/lib/qt5/bin/moc -DQT_NO_DEBUG -DQT_WIDGETS_LIB -DQT_GUI_LIB -DQT_NETWORK_LIB -DQT_CORE_LIB --include /workspaces/D-LAN/application/GUI/.tmp/release/moc_predefs.h -I/usr/lib/x86_64-linux-gnu/qt5/mkspecs/linux-g++ -I/workspaces/D-LAN/application/GUI -I/workspaces/D-LAN/application/GUI -I/workspaces/D-LAN/application -I/usr/include/x86_64-linux-gnu/qt5 -I/usr/include/x86_64-linux-gnu/qt5/QtWidgets -I/usr/include/x86_64-linux-gnu/qt5/QtGui -I/usr/include/x86_64-linux-gnu/qt5/QtNetwork -I/usr/include/x86_64-linux-gnu/qt5/QtCore -I/usr/include/c++/13 -I/usr/include/x86_64-linux-gnu/c++/13 -I/usr/include/c++/13/backward -I/usr/lib/gcc/x86_64-linux-gnu/13/include -I/usr/local/include -I/usr/include/x86_64-linux-gnu -I/usr/include Uploads/WidgetUploads.h -o .tmp/release/moc_WidgetUploads.cpp
g++ -c -pipe -std=c++0x -O2 -frtti -Wall -Wno-parentheses -D_REENTRANT -fPIC -DQT_NO_DEBUG -DQT_WIDGETS_LIB -DQT_GUI_LIB -DQT_NETWORK_LIB -DQT_CORE_LIB -I. -I. -I.. -I/usr/include/x86_64-linux-gnu/qt5 -I/usr/include/x86_64-linux-gnu/qt5/QtWidgets -I/usr/include/x86_64-linux-gnu/qt5/QtGui -I/usr/include/x86_64-linux-gnu/qt5/QtNetwork -I/usr/include/x86_64-linux-gnu/qt5/QtCore -I.tmp/release -I.tmp/release -I/usr/lib/x86_64-linux-gnu/qt5/mkspecs/linux-g++ -o .tmp/release/moc_WidgetUploads.o .tmp/release/moc_WidgetUploads.cpp
/usr/lib/qt5/bin/moc -DQT_NO_DEBUG -DQT_WIDGETS_LIB -DQT_GUI_LIB -DQT_NETWORK_LIB -DQT_CORE_LIB --include /workspaces/D-LAN/application/GUI/.tmp/release/moc_predefs.h -I/usr/lib/x86_64-linux-gnu/qt5/mkspecs/linux-g++ -I/workspaces/D-LAN/application/GUI -I/workspaces/D-LAN/application/GUI -I/workspaces/D-LAN/application -I/usr/include/x86_64-linux-gnu/qt5 -I/usr/include/x86_64-linux-gnu/qt5/QtWidgets -I/usr/include/x86_64-linux-gnu/qt5/QtGui -I/usr/include/x86_64-linux-gnu/qt5/QtNetwork -I/usr/include/x86_64-linux-gnu/qt5/QtCore -I/usr/include/c++/13 -I/usr/include/x86_64-linux-gnu/c++/13 -I/usr/include/c++/13/backward -I/usr/lib/gcc/x86_64-linux-gnu/13/include -I/usr/local/include -I/usr/include/x86_64-linux-gnu -I/usr/include Uploads/UploadsModel.h -o .tmp/release/moc_UploadsModel.cpp
g++ -c -pipe -std=c++0x -O2 -frtti -Wall -Wno-parentheses -D_REENTRANT -fPIC -DQT_NO_DEBUG -DQT_WIDGETS_LIB -DQT_GUI_LIB -DQT_NETWORK_LIB -DQT_CORE_LIB -I. -I. -I.. -I/usr/include/x86_64-linux-gnu/qt5 -I/usr/include/x86_64-linux-gnu/qt5/QtWidgets -I/usr/include/x86_64-linux-gnu/qt5/QtGui -I/usr/include/x86_64-linux-gnu/qt5/QtNetwork -I/usr/include/x86_64-linux-gnu/qt5/QtCore -I.tmp/release -I.tmp/release -I/usr/lib/x86_64-linux-gnu/qt5/mkspecs/linux-g++ -o .tmp/release/moc_UploadsModel.o .tmp/release/moc_UploadsModel.cpp
/usr/lib/qt5/bin/moc -DQT_NO_DEBUG -DQT_WIDGETS_LIB -DQT_GUI_LIB -DQT_NETWORK_LIB -DQT_CORE_LIB --include /workspaces/D-LAN/application/GUI/.tmp/release/moc_predefs.h -I/usr/lib/x86_64-linux-gnu/qt5/mkspecs/linux-g++ -I/workspaces/D-LAN/application/GUI -I/workspaces/D-LAN/application/GUI -I/workspaces/D-LAN/application -I/usr/include/x86_64-linux-gnu/qt5 -I/usr/include/x86_64-linux-gnu/qt5/QtWidgets -I/usr/include/x86_64-linux-gnu/qt5/QtGui -I/usr/include/x86_64-linux-gnu/qt5/QtNetwork -I/usr/include/x86_64-linux-gnu/qt5/QtCore -I/usr/include/c++/13 -I/usr/include/x86_64-linux-gnu/c++/13 -I/usr/include/c++/13/backward -I/usr/lib/gcc/x86_64-linux-gnu/13/include -I/usr/local/include -I/usr/include/x86_64-linux-gnu -I/usr/include Settings/DirListModel.h -o .tmp/release/moc_DirListModel.cpp
g++ -c -pipe -std=c++0x -O2 -frtti -Wall -Wno-parentheses -D_REENTRANT -fPIC -DQT_NO_DEBUG -DQT_WIDGETS_LIB -DQT_GUI_LIB -DQT_NETWORK_LIB -DQT_CORE_LIB -I. -I. -I.. -I/usr/include/x86_64-linux-gnu/qt5 -I/usr/include/x86_64-linux-gnu/qt5/QtWidgets -I/usr/include/x86_64-linux-gnu/qt5/QtGui -I/usr/include/x86_64-linux-gnu/qt5/QtNetwork -I/usr/include/x86_64-linux-gnu/qt5/QtCore -I.tmp/release -I.tmp/release -I/usr/lib/x86_64-linux-gnu/qt5/mkspecs/linux-g++ -o .tmp/release/moc_DirListModel.o .tmp/release/moc_DirListModel.cpp
/usr/lib/qt5/bin/moc -DQT_NO_DEBUG -DQT_WIDGETS_LIB -DQT_GUI_LIB -DQT_NETWORK_LIB -DQT_CORE_LIB --include /workspaces/D-LAN/application/GUI/.tmp/release/moc_predefs.h -I/usr/lib/x86_64-linux-gnu/qt5/mkspecs/linux-g++ -I/workspaces/D-LAN/application/GUI -I/workspaces/D-LAN/application/GUI -I/workspaces/D-LAN/application -I/usr/include/x86_64-linux-gnu/qt5 -I/usr/include/x86_64-linux-gnu/qt5/QtWidgets -I/usr/include/x86_64-linux-gnu/qt5/QtGui -I/usr/include/x86_64-linux-gnu/qt5/QtNetwork -I/usr/include/x86_64-linux-gnu/qt5/QtCore -I/usr/include/c++/13 -I/usr/include/x86_64-linux-gnu/c++/13 -I/usr/include/c++/13/backward -I/usr/lib/gcc/x86_64-linux-gnu/13/include -I/usr/local/include -I/usr/include/x86_64-linux-gnu -I/usr/include Settings/RemoteFileDialog.h -o .tmp/release/moc_RemoteFileDialog.cpp
g++ -c -pipe -std=c++0x -O2 -frtti -Wall -Wno-parentheses -D_REENTRANT -fPIC -DQT_NO_DEBUG -DQT_WIDGETS_LIB -DQT_GUI_LIB -DQT_NETWORK_LIB -DQT_CORE_LIB -I. -I. -I.. -I/usr/include/x86_64-linux-gnu/qt5 -I/usr/include/x86_64-linux-gnu/qt5/QtWidgets -I/usr/include/x86_64-linux-gnu/qt5/QtGui -I/usr/include/x86_64-linux-gnu/qt5/QtNetwork -I/usr/include/x86_64-linux-gnu/qt5/QtCore -I.tmp/release -I.tmp/release -I/usr/lib/x86_64-linux-gnu/qt5/mkspecs/linux-g++ -o .tmp/release/moc_RemoteFileDialog.o .tmp/release/moc_RemoteFileDialog.cpp
/usr/lib/qt5/bin/moc -DQT_NO_DEBUG -DQT_WIDGETS_LIB -DQT_GUI_LIB -DQT_NETWORK_LIB -DQT_CORE_LIB --include /workspaces/D-LAN/application/GUI/.tmp/release/moc_predefs.h -I/usr/lib/x86_64-linux-gnu/qt5/mkspecs/linux-g++ -I/workspaces/D-LAN/application/GUI -I/workspaces/D-LAN/application/GUI -I/workspaces/D-LAN/application -I/usr/include/x86_64-linux-gnu/qt5 -I/usr/include/x86_64-linux-gnu/qt5/QtWidgets -I/usr/include/x86_64-linux-gnu/qt5/QtGui -I/usr/include/x86_64-linux-gnu/qt5/QtNetwork -I/usr/include/x86_64-linux-gnu/qt5/QtCore -I/usr/include/c++/13 -I/usr/include/x86_64-linux-gnu/c++/13 -I/usr/include/c++/13/backward -I/usr/lib/gcc/x86_64-linux-gnu/13/include -I/usr/local/include -I/usr/include/x86_64-linux-gnu -I/usr/include DownloadMenu.h -o .tmp/release/moc_DownloadMenu.cpp
g++ -c -pipe -std=c++0x -O2 -frtti -Wall -Wno-parentheses -D_REENTRANT -fPIC -DQT_NO_DEBUG -DQT_WIDGETS_LIB -DQT_GUI_LIB -DQT_NETWORK_LIB -DQT_CORE_LIB -I. -I. -I.. -I/usr/include/x86_64-linux-gnu/qt5 -I/usr/include/x86_64-linux-gnu/qt5/QtWidgets -I/usr/include/x86_64-linux-gnu/qt5/QtGui -I/usr/include/x86_64-linux-gnu/qt5/QtNetwork -I/usr/include/x86_64-linux-gnu/qt5/QtCore -I.tmp/release -I.tmp/release -I/usr/lib/x86_64-linux-gnu/qt5/mkspecs/linux-g++ -o .tmp/release/moc_DownloadMenu.o .tmp/release/moc_DownloadMenu.cpp
/usr/lib/qt5/bin/moc -DQT_NO_DEBUG -DQT_WIDGETS_LIB -DQT_GUI_LIB -DQT_NETWORK_LIB -DQT_CORE_LIB --include /workspaces/D-LAN/application/GUI/.tmp/release/moc_predefs.h -I/usr/lib/x86_64-linux-gnu/qt5/mkspecs/linux-g++ -I/workspaces/D-LAN/application/GUI -I/workspaces/D-LAN/application/GUI -I/workspaces/D-LAN/application -I/usr/include/x86_64-linux-gnu/qt5 -I/usr/include/x86_64-linux-gnu/qt5/QtWidgets -I/usr/include/x86_64-linux-gnu/qt5/QtGui -I/usr/include/x86_64-linux-gnu/qt5/QtNetwork -I/usr/include/x86_64-linux-gnu/qt5/QtCore -I/usr/include/c++/13 -I/usr/include/x86_64-linux-gnu/c++/13 -I/usr/include/c++/13/backward -I/usr/lib/gcc/x86_64-linux-gnu/13/include -I/usr/local/include -I/usr/include/x86_64-linux-gnu -I/usr/include D-LAN_GUI.h -o .tmp/release/moc_D-LAN_GUI.cpp
g++ -c -pipe -std=c++0x -O2 -frtti -Wall -Wno-parentheses -D_REENTRANT -fPIC -DQT_NO_DEBUG -DQT_WIDGETS_LIB -DQT_GUI_LIB -DQT_NETWORK_LIB -DQT_CORE_LIB -I. -I. -I.. -I/usr/include/x86_64-linux-gnu/qt5 -I/usr/include/x86_64-linux-gnu/qt5/QtWidgets -I/usr/include/x86_64-linux-gnu/qt5/QtGui -I/usr/include/x86_64-linux-gnu/qt5/QtNetwork -I/usr/include/x86_64-linux-gnu/qt5/QtCore -I.tmp/release -I.tmp/release -I/usr/lib/x86_64-linux-gnu/qt5/mkspecs/linux-g++ -o .tmp/release/moc_D-LAN_GUI.o .tmp/release/moc_D-LAN_GUI.cpp
/usr/lib/qt5/bin/moc -DQT_NO_DEBUG -DQT_WIDGETS_LIB -DQT_GUI_LIB -DQT_NETWORK_LIB -DQT_CORE_LIB --include /workspaces/D-LAN/application/GUI/.tmp/release/moc_predefs.h -I/usr/lib/x86_64-linux-gnu/qt5/mkspecs/linux-g++ -I/workspaces/D-LAN/application/GUI -I/workspaces/D-LAN/application/GUI -I/workspaces/D-LAN/application -I/usr/include/x86_64-linux-gnu/qt5 -I/usr/include/x86_64-linux-gnu/qt5/QtWidgets -I/usr/include/x86_64-linux-gnu/qt5/QtGui -I/usr/include/x86_64-linux-gnu/qt5/QtNetwork -I/usr/include/x86_64-linux-gnu/qt5/QtCore -I/usr/include/c++/13 -I/usr/include/x86_64-linux-gnu/c++/13 -I/usr/include/c++/13/backward -I/usr/lib/gcc/x86_64-linux-gnu/13/include -I/usr/local/include -I/usr/include/x86_64-linux-gnu -I/usr/include ProgressBar.h -o .tmp/release/moc_ProgressBar.cpp
g++ -c -pipe -std=c++0x -O2 -frtti -Wall -Wno-parentheses -D_REENTRANT -fPIC -DQT_NO_DEBUG -DQT_WIDGETS_LIB -DQT_GUI_LIB -DQT_NETWORK_LIB -DQT_CORE_LIB -I. -I. -I.. -I/usr/include/x86_64-linux-gnu/qt5 -I/usr/include/x86_64-linux-gnu/qt5/QtWidgets -I/usr/include/x86_64-linux-gnu/qt5/QtGui -I/usr/include/x86_64-linux-gnu/qt5/QtNetwork -I/usr/include/x86_64-linux-gnu/qt5/QtCore -I.tmp/release -I.tmp/release -I/usr/lib/x86_64-linux-gnu/qt5/mkspecs/linux-g++ -o .tmp/release/moc_ProgressBar.o .tmp/release/moc_ProgressBar.cpp
/usr/lib/qt5/bin/moc -DQT_NO_DEBUG -DQT_WIDGETS_LIB -DQT_GUI_LIB -DQT_NETWORK_LIB -DQT_CORE_LIB --include /workspaces/D-LAN/application/GUI/.tmp/release/moc_predefs.h -I/usr/lib/x86_64-linux-gnu/qt5/mkspecs/linux-g++ -I/workspaces/D-LAN/application/GUI -I/workspaces/D-LAN/application/GUI -I/workspaces/D-LAN/application -I/usr/include/x86_64-linux-gnu/qt5 -I/usr/include/x86_64-linux-gnu/qt5/QtWidgets -I/usr/include/x86_64-linux-gnu/qt5/QtGui -I/usr/include/x86_64-linux-gnu/qt5/QtNetwork -I/usr/include/x86_64-linux-gnu/qt5/QtCore -I/usr/include/c++/13 -I/usr/include/x86_64-linux-gnu/c++/13 -I/usr/include/c++/13/backward -I/usr/lib/gcc/x86_64-linux-gnu/13/include -I/usr/local/include -I/usr/include/x86_64-linux-gnu -I/usr/include Settings/AskNewPasswordDialog.h -o .tmp/release/moc_AskNewPasswordDialog.cpp
g++ -c -pipe -std=c++0x -O2 -frtti -Wall -Wno-parentheses -D_REENTRANT -fPIC -DQT_NO_DEBUG -DQT_WIDGETS_LIB -DQT_GUI_LIB -DQT_NETWORK_LIB -DQT_CORE_LIB -I. -I. -I.. -I/usr/include/x86_64-linux-gnu/qt5 -I/usr/include/x86_64-linux-gnu/qt5/QtWidgets -I/usr/include/x86_64-linux-gnu/qt5/QtGui -I/usr/include/x86_64-linux-gnu/qt5/QtNetwork -I/usr/include/x86_64-linux-gnu/qt5/QtCore -I.tmp/release -I.tmp/release -I/usr/lib/x86_64-linux-gnu/qt5/mkspecs/linux-g++ -o .tmp/release/moc_AskNewPasswordDialog.o .tmp/release/moc_AskNewPasswordDialog.cpp
/usr/lib/qt5/bin/moc -DQT_NO_DEBUG -DQT_WIDGETS_LIB -DQT_GUI_LIB -DQT_NETWORK_LIB -DQT_CORE_LIB --include /workspaces/D-LAN/application/GUI/.tmp/release/moc_predefs.h -I/usr/lib/x86_64-linux-gnu/qt5/mkspecs/linux-g++ -I/workspaces/D-LAN/application/GUI -I/workspaces/D-LAN/application/GUI -I/workspaces/D-LAN/application -I/usr/include/x86_64-linux-gnu/qt5 -I/usr/include/x86_64-linux-gnu/qt5/QtWidgets -I/usr/include/x86_64-linux-gnu/qt5/QtGui -I/usr/include/x86_64-linux-gnu/qt5/QtNetwork -I/usr/include/x86_64-linux-gnu/qt5/QtCore -I/usr/include/c++/13 -I/usr/include/x86_64-linux-gnu/c++/13 -I/usr/include/c++/13/backward -I/usr/lib/gcc/x86_64-linux-gnu/13/include -I/usr/local/include -I/usr/include/x86_64-linux-gnu -I/usr/include Downloads/DownloadsFlatModel.h -o .tmp/release/moc_DownloadsFlatModel.cpp
g++ -c -pipe -std=c++0x -O2 -frtti -Wall -Wno-parentheses -D_REENTRANT -fPIC -DQT_NO_DEBUG -DQT_WIDGETS_LIB -DQT_GUI_LIB -DQT_NETWORK_LIB -DQT_CORE_LIB -I. -I. -I.. -I/usr/include/x86_64-linux-gnu/qt5 -I/usr/include/x86_64-linux-gnu/qt5/QtWidgets -I/usr/include/x86_64-linux-gnu/qt5/QtGui -I/usr/include/x86_64-linux-gnu/qt5/QtNetwork -I/usr/include/x86_64-linux-gnu/qt5/QtCore -I.tmp/release -I.tmp/release -I/usr/lib/x86_64-linux-gnu/qt5/mkspecs/linux-g++ -o .tmp/release/moc_DownloadsFlatModel.o .tmp/release/moc_DownloadsFlatModel.cpp
/usr/lib/qt5/bin/moc -DQT_NO_DEBUG -DQT_WIDGETS_LIB -DQT_GUI_LIB -DQT_NETWORK_LIB -DQT_CORE_LIB --include /workspaces/D-LAN/application/GUI/.tmp/release/moc_predefs.h -I/usr/lib/x86_64-linux-gnu/qt5/mkspecs/linux-g++ -I/workspaces/D-LAN/application/GUI -I/workspaces/D-LAN/application/GUI -I/workspaces/D-LAN/application -I/usr/include/x86_64-linux-gnu/qt5 -I/usr/include/x86_64-linux-gnu/qt5/QtWidgets -I/usr/include/x86_64-linux-gnu/qt5/QtGui -I/usr/include/x86_64-linux-gnu/qt5/QtNetwork -I/usr/include/x86_64-linux-gnu/qt5/QtCore -I/usr/include/c++/13 -I/usr/include/x86_64-linux-gnu/c++/13 -I/usr/include/c++/13/backward -I/usr/lib/gcc/x86_64-linux-gnu/13/include -I/usr/local/include -I/usr/include/x86_64-linux-gnu -I/usr/include Downloads/DownloadsTreeModel.h -o .tmp/release/moc_DownloadsTreeModel.cpp
g++ -c -pipe -std=c++0x -O2 -frtti -Wall -Wno-parentheses -D_REENTRANT -fPIC -DQT_NO_DEBUG -DQT_WIDGETS_LIB -DQT_GUI_LIB -DQT_NETWORK_LIB -DQT_CORE_LIB -I. -I. -I.. -I/usr/include/x86_64-linux-gnu/qt5 -I/usr/include/x86_64-linux-gnu/qt5/QtWidgets -I/usr/include/x86_64-linux-gnu/qt5/QtGui -I/usr/include/x86_64-linux-gnu/qt5/QtNetwork -I/usr/include/x86_64-linux-gnu/qt5/QtCore -I.tmp/release -I.tmp/release -I/usr/lib/x86_64-linux-gnu/qt5/mkspecs/linux-g++ -o .tmp/release/moc_DownloadsTreeModel.o .tmp/release/moc_DownloadsTreeModel.cpp
/usr/lib/qt5/bin/moc -DQT_NO_DEBUG -DQT_WIDGETS_LIB -DQT_GUI_LIB -DQT_NETWORK_LIB -DQT_CORE_LIB --include /workspaces/D-LAN/application/GUI/.tmp/release/moc_predefs.h -I/usr/lib/x86_64-linux-gnu/qt5/mkspecs/linux-g++ -I/workspaces/D-LAN/application/GUI -I/workspaces/D-LAN/application/GUI -I/workspaces/D-LAN/application -I/usr/include/x86_64-linux-gnu/qt5 -I/usr/include/x86_64-linux-gnu/qt5/QtWidgets -I/usr/include/x86_64-linux-gnu/qt5/QtGui -I/usr/include/x86_64-linux-gnu/qt5/QtNetwork -I/usr/include/x86_64-linux-gnu/qt5/QtCore -I/usr/include/c++/13 -I/usr/include/x86_64-linux-gnu/c++/13 -I/usr/include/c++/13/backward -I/usr/lib/gcc/x86_64-linux-gnu/13/include -I/usr/local/include -I/usr/include/x86_64-linux-gnu -I/usr/include Downloads/DownloadsModel.h -o .tmp/release/moc_DownloadsModel.cpp
g++ -c -pipe -std=c++0x -O2 -frtti -Wall -Wno-parentheses -D_REENTRANT -fPIC -DQT_NO_DEBUG -DQT_WIDGETS_LIB -DQT_GUI_LIB -DQT_NETWORK_LIB -DQT_CORE_LIB -I. -I. -I.. -I/usr/include/x86_64-linux-gnu/qt5 -I/usr/include/x86_64-linux-gnu/qt5/QtWidgets -I/usr/include/x86_64-linux-gnu/qt5/QtGui -I/usr/include/x86_64-linux-gnu/qt5/QtNetwork -I/usr/include/x86_64-linux-gnu/qt5/QtCore -I.tmp/release -I.tmp/release -I/usr/lib/x86_64-linux-gnu/qt5/mkspecs/linux-g++ -o .tmp/release/moc_DownloadsModel.o .tmp/release/moc_DownloadsModel.cpp
/usr/lib/qt5/bin/moc -DQT_NO_DEBUG -DQT_WIDGETS_LIB -DQT_GUI_LIB -DQT_NETWORK_LIB -DQT_CORE_LIB --include /workspaces/D-LAN/application/GUI/.tmp/release/moc_predefs.h -I/usr/lib/x86_64-linux-gnu/qt5/mkspecs/linux-g++ -I/workspaces/D-LAN/application/GUI -I/workspaces/D-LAN/application/GUI -I/workspaces/D-LAN/application -I/usr/include/x86_64-linux-gnu/qt5 -I/usr/include/x86_64-linux-gnu/qt5/QtWidgets -I/usr/include/x86_64-linux-gnu/qt5/QtGui -I/usr/include/x86_64-linux-gnu/qt5/QtNetwork -I/usr/include/x86_64-linux-gnu/qt5/QtCore -I/usr/include/c++/13 -I/usr/include/x86_64-linux-gnu/c++/13 -I/usr/include/c++/13/backward -I/usr/lib/gcc/x86_64-linux-gnu/13/include -I/usr/local/include -I/usr/include/x86_64-linux-gnu -I/usr/include PeerList/PeerListDelegate.h -o .tmp/release/moc_PeerListDelegate.cpp
g++ -c -pipe -std=c++0x -O2 -frtti -Wall -Wno-parentheses -D_REENTRANT -fPIC -DQT_NO_DEBUG -DQT_WIDGETS_LIB -DQT_GUI_LIB -DQT_NETWORK_LIB -DQT_CORE_LIB -I. -I. -I.. -I/usr/include/x86_64-linux-gnu/qt5 -I/usr/include/x86_64-linux-gnu/qt5/QtWidgets -I/usr/include/x86_64-linux-gnu/qt5/QtGui -I/usr/include/x86_64-linux-gnu/qt5/QtNetwork -I/usr/include/x86_64-linux-gnu/qt5/QtCore -I.tmp/release -I.tmp/release -I/usr/lib/x86_64-linux-gnu/qt5/mkspecs/linux-g++ -o .tmp/release/moc_PeerListDelegate.o .tmp/release/moc_PeerListDelegate.cpp
/usr/lib/qt5/bin/moc -DQT_NO_DEBUG -DQT_WIDGETS_LIB -DQT_GUI_LIB -DQT_NETWORK_LIB -DQT_CORE_LIB --include /workspaces/D-LAN/application/GUI/.tmp/release/moc_predefs.h -I/usr/lib/x86_64-linux-gnu/qt5/mkspecs/linux-g++ -I/workspaces/D-LAN/application/GUI -I/workspaces/D-LAN/application/GUI -I/workspaces/D-LAN/application -I/usr/include/x86_64-linux-gnu/qt5 -I/usr/include/x86_64-linux-gnu/qt5/QtWidgets -I/usr/include/x86_64-linux-gnu/qt5/QtGui -I/usr/include/x86_64-linux-gnu/qt5/QtNetwork -I/usr/include/x86_64-linux-gnu/qt5/QtCore -I/usr/include/c++/13 -I/usr/include/x86_64-linux-gnu/c++/13 -I/usr/include/c++/13/backward -I/usr/lib/gcc/x86_64-linux-gnu/13/include -I/usr/local/include -I/usr/include/x86_64-linux-gnu -I/usr/include BusyIndicator.h -o .tmp/release/moc_BusyIndicator.cpp
g++ -c -pipe -std=c++0x -O2 -frtti -Wall -Wno-parentheses -D_REENTRANT -fPIC -DQT_NO_DEBUG -DQT_WIDGETS_LIB -DQT_GUI_LIB -DQT_NETWORK_LIB -DQT_CORE_LIB -I. -I. -I.. -I/usr/include/x86_64-linux-gnu/qt5 -I/usr/include/x86_64-linux-gnu/qt5/QtWidgets -I/usr/include/x86_64-linux-gnu/qt5/QtGui -I/usr/include/x86_64-linux-gnu/qt5/QtNetwork -I/usr/include/x86_64-linux-gnu/qt5/QtCore -I.tmp/release -I.tmp/release -I/usr/lib/x86_64-linux-gnu/qt5/mkspecs/linux-g++ -o .tmp/release/moc_BusyIndicator.o .tmp/release/moc_BusyIndicator.cpp
/usr/lib/qt5/bin/moc -DQT_NO_DEBUG -DQT_WIDGETS_LIB -DQT_GUI_LIB -DQT_NETWORK_LIB -DQT_CORE_LIB --include /workspaces/D-LAN/application/GUI/.tmp/release/moc_predefs.h -I/usr/lib/x86_64-linux-gnu/qt5/mkspecs/linux-g++ -I/workspaces/D-LAN/application/GUI -I/workspaces/D-LAN/application/GUI -I/workspaces/D-LAN/application -I/usr/include/x86_64-linux-gnu/qt5 -I/usr/include/x86_64-linux-gnu/qt5/QtWidgets -I/usr/include/x86_64-linux-gnu/qt5/QtGui -I/usr/include/x86_64-linux-gnu/qt5/QtNetwork -I/usr/include/x86_64-linux-gnu/qt5/QtCore -I/usr/include/c++/13 -I/usr/include/x86_64-linux-gnu/c++/13 -I/usr/include/c++/13/backward -I/usr/lib/gcc/x86_64-linux-gnu/13/include -I/usr/local/include -I/usr/include/x86_64-linux-gnu -I/usr/include Log/LogDelegate.h -o .tmp/release/moc_LogDelegate.cpp
g++ -c -pipe -std=c++0x -O2 -frtti -Wall -Wno-parentheses -D_REENTRANT -fPIC -DQT_NO_DEBUG -DQT_WIDGETS_LIB -DQT_GUI_LIB -DQT_NETWORK_LIB -DQT_CORE_LIB -I. -I. -I.. -I/usr/include/x86_64-linux-gnu/qt5 -I/usr/include/x86_64-linux-gnu/qt5/QtWidgets -I/usr/include/x86_64-linux-gnu/qt5/QtGui -I/usr/include/x86_64-linux-gnu/qt5/QtNetwork -I/usr/include/x86_64-linux-gnu/qt5/QtCore -I.tmp/release -I.tmp/release -I/usr/lib/x86_64-linux-gnu/qt5/mkspecs/linux-g++ -o .tmp/release/moc_LogDelegate.o .tmp/release/moc_LogDelegate.cpp
g++ -Wl,-O1 -o output/release/D-LAN.GUI .tmp/release/main.o .tmp/release/MainWindow.o .tmp/release/gui_protocol.pb.o .tmp/release/common.pb.o .tmp/release/gui_settings.pb.o .tmp/release/core_settings.pb.o .tmp/release/StatusBar.o .tmp/release/DialogAbout.o .tmp/release/Log.o .tmp/release/CheckBoxList.o .tmp/release/TabButtons.o .tmp/release/WidgetBrowse.o .tmp/release/BrowseModel.o .tmp/release/WidgetChat.o .tmp/release/ChatModel.o .tmp/release/WidgetDownloads.o .tmp/release/DownloadsFlatModel.o .tmp/release/LogModel.o .tmp/release/PeerListModel.o .tmp/release/WidgetSearch.o .tmp/release/SearchModel.o .tmp/release/WidgetSettings.o .tmp/release/WidgetUploads.o .tmp/release/UploadsModel.o .tmp/release/DirListModel.o .tmp/release/RemoteFileDialog.o .tmp/release/DownloadMenu.o .tmp/release/D-LAN_GUI.o .tmp/release/ProgressBar.o .tmp/release/IconProvider.o .tmp/release/Utils.o .tmp/release/AskNewPasswordDialog.o .tmp/release/DownloadsTreeModel.o .tmp/release/DownloadsModel.o .tmp/release/PeerListDelegate.o .tmp/release/BusyIndicator.o .tmp/release/LogDelegate.o .tmp/release/qrc_ressources.o .tmp/release/moc_MainWindow.o .tmp/release/moc_StatusBar.o .tmp/release/moc_DialogAbout.o .tmp/release/moc_CheckBoxList.o .tmp/release/moc_TabButtons.o .tmp/release/moc_WidgetBrowse.o .tmp/release/moc_BrowseModel.o .tmp/release/moc_WidgetChat.o .tmp/release/moc_ChatModel.o .tmp/release/moc_WidgetDownloads.o .tmp/release/moc_LogModel.o .tmp/release/moc_PeerListModel.o .tmp/release/moc_WidgetSearch.o .tmp/release/moc_SearchModel.o .tmp/release/moc_WidgetSettings.o .tmp/release/moc_WidgetUploads.o .tmp/release/moc_UploadsModel.o .tmp/release/moc_DirListModel.o .tmp/release/moc_RemoteFileDialog.o .tmp/release/moc_DownloadMenu.o .tmp/release/moc_D-LAN_GUI.o .tmp/release/moc_ProgressBar.o .tmp/release/moc_AskNewPasswordDialog.o .tmp/release/moc_DownloadsFlatModel.o .tmp/release/moc_DownloadsTreeModel.o .tmp/release/moc_DownloadsModel.o .tmp/release/moc_PeerListDelegate.o .tmp/release/moc_BusyIndicator.o .tmp/release/moc_LogDelegate.o   -L../Common/RemoteCoreController/output/release -lRemoteCoreController -L../Common/LogManager/output/release -lLogManager -L../Common/output/release -lCommon -lprotobuf /usr/lib/x86_64-linux-gnu/libQt5Widgets.so /usr/lib/x86_64-linux-gnu/libQt5Gui.so /usr/lib/x86_64-linux-gnu/libQt5Network.so /usr/lib/x86_64-linux-gnu/libQt5Core.so -lGL -lpthread   
make: Leaving directory '/workspaces/D-LAN/application/GUI'
/workspaces/D-LAN/application
/workspaces/D-LAN/application /workspaces/D-LAN/application
Compiling LogViewer..
make: Entering directory '/workspaces/D-LAN/application/Tools/LogViewer'
rm -f .tmp/release/qrc_resources.cpp
rm -f .tmp/release/moc_predefs.h
rm -f .tmp/release/moc_MainWindow.cpp .tmp/release/moc_TableLogModel.cpp .tmp/release/moc_TooglableList.cpp .tmp/release/moc_TooglableListButton.cpp
rm -f .tmp/release/ui_MainWindow.h .tmp/release/ui_TooglableList.h
rm -f .tmp/release/main.o .tmp/release/MainWindow.o .tmp/release/TableLogModel.o .tmp/release/TableLogItemDelegate.o .tmp/release/TooglableList.o .tmp/release/TooglableListButton.o .tmp/release/qrc_resources.o .tmp/release/moc_MainWindow.o .tmp/release/moc_TableLogModel.o .tmp/release/moc_TooglableList.o .tmp/release/moc_TooglableListButton.o
rm -f *~ core *.core
make: Leaving directory '/workspaces/D-LAN/application/Tools/LogViewer'
make: Entering directory '/workspaces/D-LAN/application/Tools/LogViewer'
/usr/lib/qt5/bin/uic MainWindow.ui -o .tmp/release/ui_MainWindow.h
MainWindow.ui: Warning: Z-order assignment: '' is not a valid widget.
MainWindow.ui: Warning: Z-order assignment: '' is not a valid widget.
MainWindow.ui: Warning: Z-order assignment: '' is not a valid widget.
MainWindow.ui: Warning: Z-order assignment: '' is not a valid widget.
/usr/lib/qt5/bin/uic TooglableList.ui -o .tmp/release/ui_TooglableList.h
g++ -c -pipe -std=c++0x -O2 -frtti -Wall -Wno-parentheses -D_REENTRANT -fPIC -DQT_NO_DEBUG -DQT_WIDGETS_LIB -DQT_GUI_LIB -DQT_NETWORK_LIB -DQT_CORE_LIB -I. -I. -I../.. -I/usr/include/x86_64-linux-gnu/qt5 -I/usr/include/x86_64-linux-gnu/qt5/QtWidgets -I/usr/include/x86_64-linux-gnu/qt5/QtGui -I/usr/include/x86_64-linux-gnu/qt5/QtNetwork -I/usr/include/x86_64-linux-gnu/qt5/QtCore -I.tmp/release -I.tmp/release -I/usr/lib/x86_64-linux-gnu/qt5/mkspecs/linux-g++ -o .tmp/release/main.o main.cpp
g++ -c -pipe -std=c++0x -O2 -frtti -Wall -Wno-parentheses -D_REENTRANT -fPIC -DQT_NO_DEBUG -DQT_WIDGETS_LIB -DQT_GUI_LIB -DQT_NETWORK_LIB -DQT_CORE_LIB -I. -I. -I../.. -I/usr/include/x86_64-linux-gnu/qt5 -I/usr/include/x86_64-linux-gnu/qt5/QtWidgets -I/usr/include/x86_64-linux-gnu/qt5/QtGui -I/usr/include/x86_64-linux-gnu/qt5/QtNetwork -I/usr/include/x86_64-linux-gnu/qt5/QtCore -I.tmp/release -I.tmp/release -I/usr/lib/x86_64-linux-gnu/qt5/mkspecs/linux-g++ -o .tmp/release/MainWindow.o MainWindow.cpp
g++ -c -pipe -std=c++0x -O2 -frtti -Wall -Wno-parentheses -D_REENTRANT -fPIC -DQT_NO_DEBUG -DQT_WIDGETS_LIB -DQT_GUI_LIB -DQT_NETWORK_LIB -DQT_CORE_LIB -I. -I. -I../.. -I/usr/include/x86_64-linux-gnu/qt5 -I/usr/include/x86_64-linux-gnu/qt5/QtWidgets -I/usr/include/x86_64-linux-gnu/qt5/QtGui -I/usr/include/x86_64-linux-gnu/qt5/QtNetwork -I/usr/include/x86_64-linux-gnu/qt5/QtCore -I.tmp/release -I.tmp/release -I/usr/lib/x86_64-linux-gnu/qt5/mkspecs/linux-g++ -o .tmp/release/TableLogModel.o TableLogModel.cpp
g++ -c -pipe -std=c++0x -O2 -frtti -Wall -Wno-parentheses -D_REENTRANT -fPIC -DQT_NO_DEBUG -DQT_WIDGETS_LIB -DQT_GUI_LIB -DQT_NETWORK_LIB -DQT_CORE_LIB -I. -I. -I../.. -I/usr/include/x86_64-linux-gnu/qt5 -I/usr/include/x86_64-linux-gnu/qt5/QtWidgets -I/usr/include/x86_64-linux-gnu/qt5/QtGui -I/usr/include/x86_64-linux-gnu/qt5/QtNetwork -I/usr/include/x86_64-linux-gnu/qt5/QtCore -I.tmp/release -I.tmp/release -I/usr/lib/x86_64-linux-gnu/qt5/mkspecs/linux-g++ -o .tmp/release/TableLogItemDelegate.o TableLogItemDelegate.cpp
TableLogItemDelegate.cpp: In member function ‘virtual void TableLogItemDelegate::paint(QPainter*, const QStyleOptionViewItem&, const QModelIndex&) const’:
TableLogItemDelegate.cpp:42:43: warning: ‘QStyleOptionViewItemV4’ is deprecated [-Wdeprecated-declarations]
   42 |    QStyleOptionViewItemV4 newOption(option);
      |                                           ^
In file included from /usr/include/x86_64-linux-gnu/qt5/QtWidgets/qabstractitemdelegate.h:45,
                 from /usr/include/x86_64-linux-gnu/qt5/QtWidgets/qitemdelegate.h:44,
                 from /usr/include/x86_64-linux-gnu/qt5/QtWidgets/QItemDelegate:1,
                 from ./TableLogItemDelegate.h:22,
                 from TableLogItemDelegate.cpp:19:
/usr/include/x86_64-linux-gnu/qt5/QtWidgets/qstyleoption.h:473:48: note: declared here
  473 | typedef Q_DECL_DEPRECATED QStyleOptionViewItem QStyleOptionViewItemV4;
      |                                                ^~~~~~~~~~~~~~~~~~~~~~
g++ -c -pipe -std=c++0x -O2 -frtti -Wall -Wno-parentheses -D_REENTRANT -fPIC -DQT_NO_DEBUG -DQT_WIDGETS_LIB -DQT_GUI_LIB -DQT_NETWORK_LIB -DQT_CORE_LIB -I. -I. -I../.. -I/usr/include/x86_64-linux-gnu/qt5 -I/usr/include/x86_64-linux-gnu/qt5/QtWidgets -I/usr/include/x86_64-linux-gnu/qt5/QtGui -I/usr/include/x86_64-linux-gnu/qt5/QtNetwork -I/usr/include/x86_64-linux-gnu/qt5/QtCore -I.tmp/release -I.tmp/release -I/usr/lib/x86_64-linux-gnu/qt5/mkspecs/linux-g++ -o .tmp/release/TooglableList.o TooglableList/TooglableList.cpp
g++ -c -pipe -std=c++0x -O2 -frtti -Wall -Wno-parentheses -D_REENTRANT -fPIC -DQT_NO_DEBUG -DQT_WIDGETS_LIB -DQT_GUI_LIB -DQT_NETWORK_LIB -DQT_CORE_LIB -I. -I. -I../.. -I/usr/include/x86_64-linux-gnu/qt5 -I/usr/include/x86_64-linux-gnu/qt5/QtWidgets -I/usr/include/x86_64-linux-gnu/qt5/QtGui -I/usr/include/x86_64-linux-gnu/qt5/QtNetwork -I/usr/include/x86_64-linux-gnu/qt5/QtCore -I.tmp/release -I.tmp/release -I/usr/lib/x86_64-linux-gnu/qt5/mkspecs/linux-g++ -o .tmp/release/TooglableListButton.o TooglableList/TooglableListButton.cpp
/usr/lib/qt5/bin/rcc -name resources resources.qrc -o .tmp/release/qrc_resources.cpp
g++ -c -pipe -std=c++0x -O2 -frtti -Wall -Wno-parentheses -D_REENTRANT -fPIC -DQT_NO_DEBUG -DQT_WIDGETS_LIB -DQT_GUI_LIB -DQT_NETWORK_LIB -DQT_CORE_LIB -I. -I. -I../.. -I/usr/include/x86_64-linux-gnu/qt5 -I/usr/include/x86_64-linux-gnu/qt5/QtWidgets -I/usr/include/x86_64-linux-gnu/qt5/QtGui -I/usr/include/x86_64-linux-gnu/qt5/QtNetwork -I/usr/include/x86_64-linux-gnu/qt5/QtCore -I.tmp/release -I.tmp/release -I/usr/lib/x86_64-linux-gnu/qt5/mkspecs/linux-g++ -o .tmp/release/qrc_resources.o .tmp/release/qrc_resources.cpp
g++ -pipe -std=c++0x -O2 -frtti -Wall -Wno-parentheses -dM -E -o .tmp/release/moc_predefs.h /usr/lib/x86_64-linux-gnu/qt5/mkspecs/features/data/dummy.cpp
/usr/lib/qt5/bin/moc -DQT_NO_DEBUG -DQT_WIDGETS_LIB -DQT_GUI_LIB -DQT_NETWORK_LIB -DQT_CORE_LIB --include /workspaces/D-LAN/application/Tools/LogViewer/.tmp/release/moc_predefs.h -I/usr/lib/x86_64-linux-gnu/qt5/mkspecs/linux-g++ -I/workspaces/D-LAN/application/Tools/LogViewer -I/workspaces/D-LAN/application/Tools/LogViewer -I/workspaces/D-LAN/application -I/usr/include/x86_64-linux-gnu/qt5 -I/usr/include/x86_64-linux-gnu/qt5/QtWidgets -I/usr/include/x86_64-linux-gnu/qt5/QtGui -I/usr/include/x86_64-linux-gnu/qt5/QtNetwork -I/usr/include/x86_64-linux-gnu/qt5/QtCore -I/usr/include/c++/13 -I/usr/include/x86_64-linux-gnu/c++/13 -I/usr/include/c++/13/backward -I/usr/lib/gcc/x86_64-linux-gnu/13/include -I/usr/local/include -I/usr/include/x86_64-linux-gnu -I/usr/include MainWindow.h -o .tmp/release/moc_MainWindow.cpp
g++ -c -pipe -std=c++0x -O2 -frtti -Wall -Wno-parentheses -D_REENTRANT -fPIC -DQT_NO_DEBUG -DQT_WIDGETS_LIB -DQT_GUI_LIB -DQT_NETWORK_LIB -DQT_CORE_LIB -I. -I. -I../.. -I/usr/include/x86_64-linux-gnu/qt5 -I/usr/include/x86_64-linux-gnu/qt5/QtWidgets -I/usr/include/x86_64-linux-gnu/qt5/QtGui -I/usr/include/x86_64-linux-gnu/qt5/QtNetwork -I/usr/include/x86_64-linux-gnu/qt5/QtCore -I.tmp/release -I.tmp/release -I/usr/lib/x86_64-linux-gnu/qt5/mkspecs/linux-g++ -o .tmp/release/moc_MainWindow.o .tmp/release/moc_MainWindow.cpp
/usr/lib/qt5/bin/moc -DQT_NO_DEBUG -DQT_WIDGETS_LIB -DQT_GUI_LIB -DQT_NETWORK_LIB -DQT_CORE_LIB --include /workspaces/D-LAN/application/Tools/LogViewer/.tmp/release/moc_predefs.h -I/usr/lib/x86_64-linux-gnu/qt5/mkspecs/linux-g++ -I/workspaces/D-LAN/application/Tools/LogViewer -I/workspaces/D-LAN/application/Tools/LogViewer -I/workspaces/D-LAN/application -I/usr/include/x86_64-linux-gnu/qt5 -I/usr/include/x86_64-linux-gnu/qt5/QtWidgets -I/usr/include/x86_64-linux-gnu/qt5/QtGui -I/usr/include/x86_64-linux-gnu/qt5/QtNetwork -I/usr/include/x86_64-linux-gnu/qt5/QtCore -I/usr/include/c++/13 -I/usr/include/x86_64-linux-gnu/c++/13 -I/usr/include/c++/13/backward -I/usr/lib/gcc/x86_64-linux-gnu/13/include -I/usr/local/include -I/usr/include/x86_64-linux-gnu -I/usr/include TableLogModel.h -o .tmp/release/moc_TableLogModel.cpp
g++ -c -pipe -std=c++0x -O2 -frtti -Wall -Wno-parentheses -D_REENTRANT -fPIC -DQT_NO_DEBUG -DQT_WIDGETS_LIB -DQT_GUI_LIB -DQT_NETWORK_LIB -DQT_CORE_LIB -I. -I. -I../.. -I/usr/include/x86_64-linux-gnu/qt5 -I/usr/include/x86_64-linux-gnu/qt5/QtWidgets -I/usr/include/x86_64-linux-gnu/qt5/QtGui -I/usr/include/x86_64-linux-gnu/qt5/QtNetwork -I/usr/include/x86_64-linux-gnu/qt5/QtCore -I.tmp/release -I.tmp/release -I/usr/lib/x86_64-linux-gnu/qt5/mkspecs/linux-g++ -o .tmp/release/moc_TableLogModel.o .tmp/release/moc_TableLogModel.cpp
/usr/lib/qt5/bin/moc -DQT_NO_DEBUG -DQT_WIDGETS_LIB -DQT_GUI_LIB -DQT_NETWORK_LIB -DQT_CORE_LIB --include /workspaces/D-LAN/application/Tools/LogViewer/.tmp/release/moc_predefs.h -I/usr/lib/x86_64-linux-gnu/qt5/mkspecs/linux-g++ -I/workspaces/D-LAN/application/Tools/LogViewer -I/workspaces/D-LAN/application/Tools/LogViewer -I/workspaces/D-LAN/application -I/usr/include/x86_64-linux-gnu/qt5 -I/usr/include/x86_64-linux-gnu/qt5/QtWidgets -I/usr/include/x86_64-linux-gnu/qt5/QtGui -I/usr/include/x86_64-linux-gnu/qt5/QtNetwork -I/usr/include/x86_64-linux-gnu/qt5/QtCore -I/usr/include/c++/13 -I/usr/include/x86_64-linux-gnu/c++/13 -I/usr/include/c++/13/backward -I/usr/lib/gcc/x86_64-linux-gnu/13/include -I/usr/local/include -I/usr/include/x86_64-linux-gnu -I/usr/include TooglableList/TooglableList.h -o .tmp/release/moc_TooglableList.cpp
g++ -c -pipe -std=c++0x -O2 -frtti -Wall -Wno-parentheses -D_REENTRANT -fPIC -DQT_NO_DEBUG -DQT_WIDGETS_LIB -DQT_GUI_LIB -DQT_NETWORK_LIB -DQT_CORE_LIB -I. -I. -I../.. -I/usr/include/x86_64-linux-gnu/qt5 -I/usr/include/x86_64-linux-gnu/qt5/QtWidgets -I/usr/include/x86_64-linux-gnu/qt5/QtGui -I/usr/include/x86_64-linux-gnu/qt5/QtNetwork -I/usr/include/x86_64-linux-gnu/qt5/QtCore -I.tmp/release -I.tmp/release -I/usr/lib/x86_64-linux-gnu/qt5/mkspecs/linux-g++ -o .tmp/release/moc_TooglableList.o .tmp/release/moc_TooglableList.cpp
/usr/lib/qt5/bin/moc -DQT_NO_DEBUG -DQT_WIDGETS_LIB -DQT_GUI_LIB -DQT_NETWORK_LIB -DQT_CORE_LIB --include /workspaces/D-LAN/application/Tools/LogViewer/.tmp/release/moc_predefs.h -I/usr/lib/x86_64-linux-gnu/qt5/mkspecs/linux-g++ -I/workspaces/D-LAN/application/Tools/LogViewer -I/workspaces/D-LAN/application/Tools/LogViewer -I/workspaces/D-LAN/application -I/usr/include/x86_64-linux-gnu/qt5 -I/usr/include/x86_64-linux-gnu/qt5/QtWidgets -I/usr/include/x86_64-linux-gnu/qt5/QtGui -I/usr/include/x86_64-linux-gnu/qt5/QtNetwork -I/usr/include/x86_64-linux-gnu/qt5/QtCore -I/usr/include/c++/13 -I/usr/include/x86_64-linux-gnu/c++/13 -I/usr/include/c++/13/backward -I/usr/lib/gcc/x86_64-linux-gnu/13/include -I/usr/local/include -I/usr/include/x86_64-linux-gnu -I/usr/include TooglableList/TooglableListButton.h -o .tmp/release/moc_TooglableListButton.cpp
g++ -c -pipe -std=c++0x -O2 -frtti -Wall -Wno-parentheses -D_REENTRANT -fPIC -DQT_NO_DEBUG -DQT_WIDGETS_LIB -DQT_GUI_LIB -DQT_NETWORK_LIB -DQT_CORE_LIB -I. -I. -I../.. -I/usr/include/x86_64-linux-gnu/qt5 -I/usr/include/x86_64-linux-gnu/qt5/QtWidgets -I/usr/include/x86_64-linux-gnu/qt5/QtGui -I/usr/include/x86_64-linux-gnu/qt5/QtNetwork -I/usr/include/x86_64-linux-gnu/qt5/QtCore -I.tmp/release -I.tmp/release -I/usr/lib/x86_64-linux-gnu/qt5/mkspecs/linux-g++ -o .tmp/release/moc_TooglableListButton.o .tmp/release/moc_TooglableListButton.cpp
g++ -Wl,-O1 -o output/release/LogViewer .tmp/release/main.o .tmp/release/MainWindow.o .tmp/release/TableLogModel.o .tmp/release/TableLogItemDelegate.o .tmp/release/TooglableList.o .tmp/release/TooglableListButton.o .tmp/release/qrc_resources.o .tmp/release/moc_MainWindow.o .tmp/release/moc_TableLogModel.o .tmp/release/moc_TooglableList.o .tmp/release/moc_TooglableListButton.o   -L../../Common/LogManager/output/release -lLogManager -L../../Common/output/release -lCommon -lprotobuf /usr/lib/x86_64-linux-gnu/libQt5Widgets.so /usr/lib/x86_64-linux-gnu/libQt5Gui.so /usr/lib/x86_64-linux-gnu/libQt5Network.so /usr/lib/x86_64-linux-gnu/libQt5Core.so -lGL -lpthread   
make: Leaving directory '/workspaces/D-LAN/application/Tools/LogViewer'
/workspaces/D-LAN/application
/workspaces/D-LAN/application /workspaces/D-LAN/application
Compiling PasswordHasher..
Info: creating stash file /workspaces/D-LAN/application/Tools/PasswordHasher/.qmake.stash
RCC: Warning: No resources in 'ressources.qrc'.
make: Entering directory '/workspaces/D-LAN/application/Tools/PasswordHasher'
rm -f .tmp/release/qrc_ressources.cpp
rm -f .tmp/release/moc_predefs.h
rm -f .tmp/release/moc_MainWindow.cpp
rm -f .tmp/release/ui_MainWindow.h
rm -f .tmp/release/main.o .tmp/release/MainWindow.o .tmp/release/common.pb.o .tmp/release/core_settings.pb.o .tmp/release/qrc_ressources.o .tmp/release/moc_MainWindow.o
rm -f *~ core *.core
make: Leaving directory '/workspaces/D-LAN/application/Tools/PasswordHasher'
make: Entering directory '/workspaces/D-LAN/application/Tools/PasswordHasher'
/usr/lib/qt5/bin/uic MainWindow.ui -o .tmp/release/ui_MainWindow.h
g++ -c -pipe -std=c++0x -O2 -frtti -Wall -Wno-parentheses -D_REENTRANT -fPIC -DQT_NO_DEBUG -DQT_WIDGETS_LIB -DQT_GUI_LIB -DQT_NETWORK_LIB -DQT_CORE_LIB -I. -I. -I../.. -I/usr/include/x86_64-linux-gnu/qt5 -I/usr/include/x86_64-linux-gnu/qt5/QtWidgets -I/usr/include/x86_64-linux-gnu/qt5/QtGui -I/usr/include/x86_64-linux-gnu/qt5/QtNetwork -I/usr/include/x86_64-linux-gnu/qt5/QtCore -I.tmp/release -I.tmp/release -I/usr/lib/x86_64-linux-gnu/qt5/mkspecs/linux-g++ -o .tmp/release/main.o main.cpp
g++ -c -pipe -std=c++0x -O2 -frtti -Wall -Wno-parentheses -D_REENTRANT -fPIC -DQT_NO_DEBUG -DQT_WIDGETS_LIB -DQT_GUI_LIB -DQT_NETWORK_LIB -DQT_CORE_LIB -I. -I. -I../.. -I/usr/include/x86_64-linux-gnu/qt5 -I/usr/include/x86_64-linux-gnu/qt5/QtWidgets -I/usr/include/x86_64-linux-gnu/qt5/QtGui -I/usr/include/x86_64-linux-gnu/qt5/QtNetwork -I/usr/include/x86_64-linux-gnu/qt5/QtCore -I.tmp/release -I.tmp/release -I/usr/lib/x86_64-linux-gnu/qt5/mkspecs/linux-g++ -o .tmp/release/MainWindow.o MainWindow.cpp
g++ -c -pipe -std=c++0x -O2 -frtti -Wall -Wno-parentheses -D_REENTRANT -fPIC -DQT_NO_DEBUG -DQT_WIDGETS_LIB -DQT_GUI_LIB -DQT_NETWORK_LIB -DQT_CORE_LIB -I. -I. -I../.. -I/usr/include/x86_64-linux-gnu/qt5 -I/usr/include/x86_64-linux-gnu/qt5/QtWidgets -I/usr/include/x86_64-linux-gnu/qt5/QtGui -I/usr/include/x86_64-linux-gnu/qt5/QtNetwork -I/usr/include/x86_64-linux-gnu/qt5/QtCore -I.tmp/release -I.tmp/release -I/usr/lib/x86_64-linux-gnu/qt5/mkspecs/linux-g++ -o .tmp/release/common.pb.o ../../Protos/common.pb.cc
g++ -c -pipe -std=c++0x -O2 -frtti -Wall -Wno-parentheses -D_REENTRANT -fPIC -DQT_NO_DEBUG -DQT_WIDGETS_LIB -DQT_GUI_LIB -DQT_NETWORK_LIB -DQT_CORE_LIB -I. -I. -I../.. -I/usr/include/x86_64-linux-gnu/qt5 -I/usr/include/x86_64-linux-gnu/qt5/QtWidgets -I/usr/include/x86_64-linux-gnu/qt5/QtGui -I/usr/include/x86_64-linux-gnu/qt5/QtNetwork -I/usr/include/x86_64-linux-gnu/qt5/QtCore -I.tmp/release -I.tmp/release -I/usr/lib/x86_64-linux-gnu/qt5/mkspecs/linux-g++ -o .tmp/release/core_settings.pb.o ../../Protos/core_settings.pb.cc
/usr/lib/qt5/bin/rcc -name ressources ressources.qrc -o .tmp/release/qrc_ressources.cpp
RCC: Warning: No resources in 'ressources.qrc'.
g++ -c -pipe -std=c++0x -O2 -frtti -Wall -Wno-parentheses -D_REENTRANT -fPIC -DQT_NO_DEBUG -DQT_WIDGETS_LIB -DQT_GUI_LIB -DQT_NETWORK_LIB -DQT_CORE_LIB -I. -I. -I../.. -I/usr/include/x86_64-linux-gnu/qt5 -I/usr/include/x86_64-linux-gnu/qt5/QtWidgets -I/usr/include/x86_64-linux-gnu/qt5/QtGui -I/usr/include/x86_64-linux-gnu/qt5/QtNetwork -I/usr/include/x86_64-linux-gnu/qt5/QtCore -I.tmp/release -I.tmp/release -I/usr/lib/x86_64-linux-gnu/qt5/mkspecs/linux-g++ -o .tmp/release/qrc_ressources.o .tmp/release/qrc_ressources.cpp
g++ -pipe -std=c++0x -O2 -frtti -Wall -Wno-parentheses -dM -E -o .tmp/release/moc_predefs.h /usr/lib/x86_64-linux-gnu/qt5/mkspecs/features/data/dummy.cpp
/usr/lib/qt5/bin/moc -DQT_NO_DEBUG -DQT_WIDGETS_LIB -DQT_GUI_LIB -DQT_NETWORK_LIB -DQT_CORE_LIB --include /workspaces/D-LAN/application/Tools/PasswordHasher/.tmp/release/moc_predefs.h -I/usr/lib/x86_64-linux-gnu/qt5/mkspecs/linux-g++ -I/workspaces/D-LAN/application/Tools/PasswordHasher -I/workspaces/D-LAN/application/Tools/PasswordHasher -I/workspaces/D-LAN/application -I/usr/include/x86_64-linux-gnu/qt5 -I/usr/include/x86_64-linux-gnu/qt5/QtWidgets -I/usr/include/x86_64-linux-gnu/qt5/QtGui -I/usr/include/x86_64-linux-gnu/qt5/QtNetwork -I/usr/include/x86_64-linux-gnu/qt5/QtCore -I/usr/include/c++/13 -I/usr/include/x86_64-linux-gnu/c++/13 -I/usr/include/c++/13/backward -I/usr/lib/gcc/x86_64-linux-gnu/13/include -I/usr/local/include -I/usr/include/x86_64-linux-gnu -I/usr/include MainWindow.h -o .tmp/release/moc_MainWindow.cpp
g++ -c -pipe -std=c++0x -O2 -frtti -Wall -Wno-parentheses -D_REENTRANT -fPIC -DQT_NO_DEBUG -DQT_WIDGETS_LIB -DQT_GUI_LIB -DQT_NETWORK_LIB -DQT_CORE_LIB -I. -I. -I../.. -I/usr/include/x86_64-linux-gnu/qt5 -I/usr/include/x86_64-linux-gnu/qt5/QtWidgets -I/usr/include/x86_64-linux-gnu/qt5/QtGui -I/usr/include/x86_64-linux-gnu/qt5/QtNetwork -I/usr/include/x86_64-linux-gnu/qt5/QtCore -I.tmp/release -I.tmp/release -I/usr/lib/x86_64-linux-gnu/qt5/mkspecs/linux-g++ -o .tmp/release/moc_MainWindow.o .tmp/release/moc_MainWindow.cpp
g++ -Wl,-O1 -o output/release/PasswordHasher .tmp/release/main.o .tmp/release/MainWindow.o .tmp/release/common.pb.o .tmp/release/core_settings.pb.o .tmp/release/qrc_ressources.o .tmp/release/moc_MainWindow.o   -L../../Common/output/release -lCommon -lprotobuf /usr/lib/x86_64-linux-gnu/libQt5Widgets.so /usr/lib/x86_64-linux-gnu/libQt5Gui.so /usr/lib/x86_64-linux-gnu/libQt5Network.so /usr/lib/x86_64-linux-gnu/libQt5Core.so -lGL -lpthread   
make: Leaving directory '/workspaces/D-LAN/application/Tools/PasswordHasher'
/workspaces/D-LAN/application
Compilation finished successfully
/workspaces/D-LAN/application /workspaces/D-LAN/application
Executing TestsCommon..
********* Start testing of Tests *********
Config: Using QtTest library 5.15.13, Qt 5.15.13 (x86_64-little_endian-lp64 shared (dynamic) release build; by GCC 13.2.0), ubuntu 24.04
QDEBUG : Tests::initTestCase() Application directory path (where the settings and persistent data are put) :  "/home/codespace/.d-lan"
PASS   : Tests::initTestCase()
QDEBUG : Tests::getVersion() Global::getVersion():  "1.1.0"
QDEBUG : Tests::getVersion() Global::getVersionTag():  "Beta15"
QDEBUG : Tests::getVersion() Global::getSystemVersion():  "Linux 6.8.0-1044-azure"
QDEBUG : Tests::getVersion() Global::getVersionFull():  "1.1.0 Beta15 - Linux 6.8.0-1044-azure"
PASS   : Tests::getVersion()
PASS   : Tests::commonPrefix()
PASS   : Tests::nCombinations()
PASS   : Tests::formatByteSize()
PASS   : Tests::formatTime()
QDEBUG : Tests::availableDiskSpace() Available disk space [Mo] :  18278
PASS   : Tests::availableDiskSpace()
PASS   : Tests::splitInWords()
PASS   : Tests::hashStringToInt()
PASS   : Tests::sortedList()
QDEBUG : Tests::transferRateCalculator() Transfert rate:  0
QDEBUG : Tests::transferRateCalculator() Transfert rate:  0
QDEBUG : Tests::transferRateCalculator() Transfert rate:  0
QDEBUG : Tests::transferRateCalculator() Transfert rate:  0
QDEBUG : Tests::transferRateCalculator() Transfert rate:  33
QDEBUG : Tests::transferRateCalculator() Transfert rate:  33
QDEBUG : Tests::transferRateCalculator() Transfert rate:  66
QDEBUG : Tests::transferRateCalculator() Transfert rate:  66
QDEBUG : Tests::transferRateCalculator() Transfert rate:  99
QDEBUG : Tests::transferRateCalculator() Transfert rate:  132
QDEBUG : Tests::transferRateCalculator() Transfert rate:  166
QDEBUG : Tests::transferRateCalculator() Transfert rate:  199
QDEBUG : Tests::transferRateCalculator() Transfert rate:  232
QDEBUG : Tests::transferRateCalculator() Transfert rate:  298
QDEBUG : Tests::transferRateCalculator() Transfert rate:  331
QDEBUG : Tests::transferRateCalculator() Transfert rate:  398
QDEBUG : Tests::transferRateCalculator() Transfert rate:  431
QDEBUG : Tests::transferRateCalculator() Transfert rate:  497
QDEBUG : Tests::transferRateCalculator() Transfert rate:  564
QDEBUG : Tests::transferRateCalculator() Transfert rate:  631
QDEBUG : Tests::transferRateCalculator() Transfert rate:  697
QDEBUG : Tests::transferRateCalculator() Transfert rate:  764
QDEBUG : Tests::transferRateCalculator() Transfert rate:  831
QDEBUG : Tests::transferRateCalculator() Transfert rate:  897
QDEBUG : Tests::transferRateCalculator() Transfert rate:  997
QDEBUG : Tests::transferRateCalculator() Transfert rate:  997
QDEBUG : Tests::transferRateCalculator() Transfert rate:  998
QDEBUG : Tests::transferRateCalculator() Transfert rate:  998
QDEBUG : Tests::transferRateCalculator() Transfert rate:  999
QDEBUG : Tests::transferRateCalculator() Transfert rate:  999
QDEBUG : Tests::transferRateCalculator() Transfert rate:  999
QDEBUG : Tests::transferRateCalculator() Transfert rate:  999
QDEBUG : Tests::transferRateCalculator() Transfert rate:  999
QDEBUG : Tests::transferRateCalculator() Transfert rate:  999
QDEBUG : Tests::transferRateCalculator() Transfert rate:  999
QDEBUG : Tests::transferRateCalculator() Transfert rate:  999
QDEBUG : Tests::transferRateCalculator() Transfert rate:  999
QDEBUG : Tests::transferRateCalculator() Transfert rate:  998
QDEBUG : Tests::transferRateCalculator() Transfert rate:  998
QDEBUG : Tests::transferRateCalculator() Transfert rate:  998
QDEBUG : Tests::transferRateCalculator() Transfert rate:  998
QDEBUG : Tests::transferRateCalculator() Transfert rate:  998
QDEBUG : Tests::transferRateCalculator() Transfert rate:  998
QDEBUG : Tests::transferRateCalculator() Transfert rate:  998
QDEBUG : Tests::transferRateCalculator() Transfert rate:  998
QDEBUG : Tests::transferRateCalculator() Transfert rate:  999
QDEBUG : Tests::transferRateCalculator() Transfert rate:  999
QDEBUG : Tests::transferRateCalculator() Transfert rate:  999
QDEBUG : Tests::transferRateCalculator() Transfert rate:  999
QDEBUG : Tests::transferRateCalculator() Transfert rate:  999
QDEBUG : Tests::transferRateCalculator() Transfert rate:  999
QDEBUG : Tests::transferRateCalculator() Transfert rate:  999
QDEBUG : Tests::transferRateCalculator() Transfert rate:  999
QDEBUG : Tests::transferRateCalculator() Transfert rate:  999
QDEBUG : Tests::transferRateCalculator() Transfert rate:  999
QDEBUG : Tests::transferRateCalculator() Transfert rate:  999
QDEBUG : Tests::transferRateCalculator() Transfert rate:  999
QDEBUG : Tests::transferRateCalculator() Transfert rate:  999
QDEBUG : Tests::transferRateCalculator() Transfert rate:  999
QDEBUG : Tests::transferRateCalculator() Transfert rate:  999
QDEBUG : Tests::transferRateCalculator() Transfert rate:  826
QDEBUG : Tests::transferRateCalculator() Transfert rate:  626
QDEBUG : Tests::transferRateCalculator() Transfert rate:  392
QDEBUG : Tests::transferRateCalculator() Transfert rate:  193
QDEBUG : Tests::transferRateCalculator() Transfert rate:  0
QDEBUG : Tests::transferRateCalculator() Transfert rate:  0
QDEBUG : Tests::transferRateCalculator() Transfert rate:  0
QDEBUG : Tests::transferRateCalculator() Transfert rate:  0
QDEBUG : Tests::transferRateCalculator() Transfert rate:  0
QDEBUG : Tests::transferRateCalculator() Transfert rate:  0
PASS   : Tests::transferRateCalculator()
PASS   : Tests::writePersistentData()
QDEBUG : Tests::readPersistentData() Ok, exception UnknownValueException catched for the value 'john'
PASS   : Tests::readPersistentData()
PASS   : Tests::removePersistentData()
PASS   : Tests::writeSettings()
PASS   : Tests::readSettings()
PASS   : Tests::removeSettings()
QDEBUG : Tests::generateAHash() Reference                     :  "2d73736f34a73837d422f7aba2740d8409ac60df"
QDEBUG : Tests::generateAHash() h1 (Randomly generated hash)  :  "feae0bce6dd0dfac98cb36a04c83cd4d6ee85e80"
QDEBUG : Tests::generateAHash() h2 (from QByteArray)          :  "2d73736f34a73837d422f7aba2740d8409ac60df"
QDEBUG : Tests::generateAHash() h3 (copied from h2)           :  "2d73736f34a73837d422f7aba2740d8409ac60df"
QDEBUG : Tests::generateAHash() h4 (from char[])              :  "2d73736f34a73837d422f7aba2740d8409ac60df"
PASS   : Tests::generateAHash()
PASS   : Tests::buildAnHashFromAString()
PASS   : Tests::compareTwoHash()
PASS   : Tests::hashMoveConstuctorAndAssignment()
PASS   : Tests::hasher()
QDEBUG : Tests::bloomFilter() i == 0 ...
QDEBUG : Tests::bloomFilter() i == 10 ...
QDEBUG : Tests::bloomFilter() i == 20 ...
QDEBUG : Tests::bloomFilter() i == 30 ...
QDEBUG : Tests::bloomFilter() i == 40 ...
QDEBUG : Tests::bloomFilter() i == 50 ...
QDEBUG : Tests::bloomFilter() i == 60 ...
QDEBUG : Tests::bloomFilter() i == 70 ...
QDEBUG : Tests::bloomFilter() i == 80 ...
QDEBUG : Tests::bloomFilter() i == 90 ...
QDEBUG : Tests::bloomFilter() Measurement of the probability (p) for n = 100000 with 100 tests: 0
PASS   : Tests::bloomFilter()
QDEBUG : Tests::messageHeader() "MessageHeader : type = IM_ALIVE, size = 42, senderID = 2d73736f34a73837d422f7aba2740d8409ac60df"
PASS   : Tests::messageHeader()
QDEBUG : Tests::readAndWriteWithZeroCopyStreamQIODevice() hash1 :  "2c583d414e4a9eb956228209b367e48f59078a4b"
QDEBUG : Tests::readAndWriteWithZeroCopyStreamQIODevice() hash2 :  "5c9c3741bded231f84b8a8200eaf3e30a9c0a951"
PASS   : Tests::readAndWriteWithZeroCopyStreamQIODevice()
QDEBUG : Tests::protoHelper() 
The protocol buffer message (Protos::Common::Entry): 
"type: FILE\npath: \"path\"\nname: \"name\"\nsize: 0\nchunk {\n  hash: \"ac2f75c043fbc36709d315f2245746d8588c3ac1\"\n}\nchunk {\n  hash: \"25eb8c48ff89cb854fc09081cc47edfc8619b214\"\n}\nchunk {\n  hash: \"a80fed48162bd24b6807a2b15f4bd52f3f1fda94\"\n}\nchunk {\n  hash: \"6a98f983b8c80015fd93ca6bf9a98a9577a6e094\"\n}\nchunk {\n  hash: \"7aaeb7c5816857c832893afc676d5e37b73968a4\"\n}\n"
PASS   : Tests::protoHelper()
PASS   : Tests::cleanupTestCase()
Totals: 27 passed, 0 failed, 0 skipped, 0 blacklisted, 25589ms
********* Finished testing of Tests *********
********* Start testing of TreeTests *********
Config: Using QtTest library 5.15.13, Qt 5.15.13 (x86_64-little_endian-lp64 shared (dynamic) release build; by GCC 13.2.0), ubuntu 24.04
PASS   : TreeTests::initTestCase()
PASS   : TreeTests::insertElements()
PASS   : TreeTests::retrieveElements()
PASS   : TreeTests::iterateBreathFirst()
PASS   : TreeTests::iterateDepthFirst()
PASS   : TreeTests::iterateReverseDepthFirst()
PASS   : TreeTests::removeElements()
PASS   : TreeTests::cleanupTestCase()
Totals: 8 passed, 0 failed, 0 skipped, 0 blacklisted, 0ms
********* Finished testing of TreeTests *********
/workspaces/D-LAN/application
/workspaces/D-LAN/application /workspaces/D-LAN/application
Executing TestsFileManager..
********* Start testing of Tests *********
Config: Using QtTest library 5.15.13, Qt 5.15.13 (x86_64-little_endian-lp64 shared (dynamic) release build; by GCC 13.2.0), ubuntu 24.04
PASS   : Tests::initTestCase()
PASS   : Tests::testWordIndex()
PASS   : Tests::createFileManager()
PASS   : Tests::addASharedDirectoryIncoming()
PASS   : Tests::addASharedDirectory()
PASS   : Tests::addAnAlreadySharedDirectory()
PASS   : Tests::swapTwoDirectories()
PASS   : Tests::addInexistingSharedDirectory()
PASS   : Tests::addSubSharedDirectories()
PASS   : Tests::addSuperSharedDirectories()
PASS   : Tests::createAFile()
PASS   : Tests::moveAFile()
PASS   : Tests::renameAFile()
PASS   : Tests::modifyAFile()
PASS   : Tests::removeAFile()
PASS   : Tests::createASubFile()
PASS   : Tests::createABigFile()
PASS   : Tests::modifyABigFile()
PASS   : Tests::removeABigFile()
PASS   : Tests::createADirectory()
PASS   : Tests::renameADirectory()
PASS   : Tests::moveAnEmptyDirectory()
PASS   : Tests::moveADirectoryContainingFiles()
PASS   : Tests::removeADirectory()
PASS   : Tests::createAnEmptyFile()
PASS   : Tests::getAnExistingChunk()
PASS   : Tests::getAnUnexistingChunk()
PASS   : Tests::getHashesFromAFileEntry1()
PASS   : Tests::getHashesFromAFileEntry2()
PASS   : Tests::browseSomedirectories()
PASS   : Tests::findExistingFilesWithOneWord()
PASS   : Tests::findUnexistingFilesWithOneWord()
PASS   : Tests::findFilesWithSomeWords1()
PASS   : Tests::findFilesWithSomeWords2()
PASS   : Tests::findFilesWithResultFragmentation()
PASS   : Tests::haveChunks()
PASS   : Tests::printAmount()
PASS   : Tests::rmSharedDirectory()
PASS   : Tests::chunksPerformance()
PASS   : Tests::cleanupTestCase()
Totals: 40 passed, 0 failed, 0 skipped, 0 blacklisted, 9893ms
********* Finished testing of Tests *********
/workspaces/D-LAN/application
/workspaces/D-LAN/application /workspaces/D-LAN/application
Executing TestsPeerManager..
********* Start testing of Tests *********
Config: Using QtTest library 5.15.13, Qt 5.15.13 (x86_64-little_endian-lp64 shared (dynamic) release build; by GCC 13.2.0), ubuntu 24.04
PASS   : Tests::initTestCase()
PASS   : Tests::updatePeers()
PASS   : Tests::getPeerFromID()
PASS   : Tests::askForRootEntries()
PASS   : Tests::askForSomeEntries()
PASS   : Tests::askForHashes()
PASS   : Tests::askForAChunk()
PASS   : Tests::cleanupTestCase()
Totals: 8 passed, 0 failed, 0 skipped, 0 blacklisted, 1289ms
********* Finished testing of Tests *********
/workspaces/D-LAN/application
All tests finished successfully
./linux_ubuntu_setup.sh: line 44: convert: command not found
cp: cannot stat '../../Installations/packaging/temp/icon-0.png': No such file or directory
cp: cannot stat '../../Installations/packaging/temp/icon-1.png': No such file or directory
cp: cannot stat '../../Installations/packaging/temp/icon-2.png': No such file or directory
cp: cannot stat '../../Installations/packaging/temp/icon-3.png': No such file or directory
cp: cannot stat '../../Installations/packaging/temp/icon-4.png': No such file or directory
cp: cannot stat '../../Installations/packaging/temp/icon-5.png': No such file or directory
cp: cannot stat '../../Installations/packaging/temp/icon-6.png': No such file or directory
For which architecture ?
1) i386
2) amd64
3) armhf
#? dpkg-deb: warning: parsing file 'd-lan/DEBIAN/control' near line 16 package 'd-lan-all-in-one':
 empty value for 'Architecture' field
dpkg-deb: error: package architecture is missing or empty
mv: cannot stat 'd-lan.deb': No such file or directory
